Copyright 1986-2022 Xilinx, Inc. All Rights Reserved. Copyright 2022-2025 Advanced Micro Devices, Inc. All Rights Reserved.
---------------------------------------------------------------------------------------------------------------------------------------------------------------------------------------------------------------------
| Tool Version : Vivado v.2025.2 (lin64) Build 6299465 Fri Nov 14 12:34:56 MST 2025
| Date         : Wed May 13 00:48:08 2026
| Host         : Saint-ThinkPad-X280 running 64-bit Linux Mint 22.1
| Command      : report_timing_summary -max_paths 10 -routable_nets -report_unconstrained -file top_timing_summary_routed.rpt -pb top_timing_summary_routed.pb -rpx top_timing_summary_routed.rpx -warn_on_violation
| Design       : top
| Device       : 7a35t-cpg236
| Speed File   : -1  PRODUCTION 1.23 2018-06-13
| Design State : Routed
---------------------------------------------------------------------------------------------------------------------------------------------------------------------------------------------------------------------

Timing Summary Report

------------------------------------------------------------------------------------------------
| Timer Settings
| --------------
------------------------------------------------------------------------------------------------

  Enable Multi Corner Analysis               :  Yes
  Enable Pessimism Removal                   :  Yes
  Pessimism Removal Resolution               :  Nearest Common Node
  Enable Input Delay Default Clock           :  No
  Enable Preset / Clear Arcs                 :  No
  Disable Flight Delays                      :  No
  Ignore I/O Paths                           :  No
  Timing Early Launch at Borrowing Latches   :  No
  Borrow Time for Max Delay Exceptions       :  Yes
  Merge Timing Exceptions                    :  Yes
  Inter-SLR Compensation                     :  Conservative

  Corner  Analyze    Analyze    
  Name    Max Paths  Min Paths  
  ------  ---------  ---------  
  Slow    Yes        Yes        
  Fast    Yes        Yes        


------------------------------------------------------------------------------------------------
| Report Methodology
| ------------------
------------------------------------------------------------------------------------------------

Rule       Severity          Description                                         Violations  
---------  ----------------  --------------------------------------------------  ----------  
TIMING-4   Critical Warning  Invalid primary clock redefinition on a clock tree  1           
TIMING-6   Critical Warning  No common primary clock between related clocks      2           
TIMING-7   Critical Warning  No common node between related clocks               2           
TIMING-27  Critical Warning  Invalid primary clock on hierarchical pin           1           
HPDR-1     Warning           Port pin direction inconsistency                    1           
SYNTH-6    Warning           Timing of a RAM block might be sub-optimal          1           
TIMING-10  Warning           Missing property on synchronizer                    1           
TIMING-18  Warning           Missing input or output delay                       13          

Note: This report is based on the most recent report_methodology run and may not be up-to-date. Run report_methodology on the current design for the latest report.



check_timing report

Table of Contents
-----------------
1. checking no_clock (0)
2. checking constant_clock (0)
3. checking pulse_width_clock (0)
4. checking unconstrained_internal_endpoints (0)
5. checking no_input_delay (13)
6. checking no_output_delay (17)
7. checking multiple_clock (0)
8. checking generated_clocks (0)
9. checking loops (0)
10. checking partial_input_delay (0)
11. checking partial_output_delay (0)
12. checking latch_loops (0)

1. checking no_clock (0)
------------------------
 There are 0 register/latch pins with no clock.


2. checking constant_clock (0)
------------------------------
 There are 0 register/latch pins with constant_clock.


3. checking pulse_width_clock (0)
---------------------------------
 There are 0 register/latch pins which need pulse_width check


4. checking unconstrained_internal_endpoints (0)
------------------------------------------------
 There are 0 pins that are not constrained for maximum delay.

 There are 0 pins that are not constrained for maximum delay due to constant clock.


5. checking no_input_delay (13)
-------------------------------
 There are 13 input ports with no input delay specified. (HIGH)

 There are 0 input ports with no input delay but user has a false path constraint.


6. checking no_output_delay (17)
--------------------------------
 There are 17 ports with no output delay specified. (HIGH)

 There are 0 ports with no output delay but user has a false path constraint

 There are 0 ports with no output delay but with a timing clock defined on it or propagating through it


7. checking multiple_clock (0)
------------------------------
 There are 0 register/latch pins with multiple clocks.


8. checking generated_clocks (0)
--------------------------------
 There are 0 generated clocks that are not connected to a clock source.


9. checking loops (0)
---------------------
 There are 0 combinational loops in the design.


10. checking partial_input_delay (0)
------------------------------------
 There are 0 input ports with partial input delay specified.


11. checking partial_output_delay (0)
-------------------------------------
 There are 0 ports with partial output delay specified.


12. checking latch_loops (0)
----------------------------
 There are 0 combinational latch loops in the design through latch input



------------------------------------------------------------------------------------------------
| Design Timing Summary
| ---------------------
------------------------------------------------------------------------------------------------

    WNS(ns)      TNS(ns)  TNS Failing Endpoints  TNS Total Endpoints      WHS(ns)      THS(ns)  THS Failing Endpoints  THS Total Endpoints     WPWS(ns)     TPWS(ns)  TPWS Failing Endpoints  TPWS Total Endpoints  
    -------      -------  ---------------------  -------------------      -------      -------  ---------------------  -------------------     --------     --------  ----------------------  --------------------  
      2.992        0.000                      0                 1500        0.117        0.000                      0                 1500        3.000        0.000                       0                   282  


All user specified timing constraints are met.


------------------------------------------------------------------------------------------------
| Clock Summary
| -------------
------------------------------------------------------------------------------------------------

Clock                   Waveform(ns)       Period(ns)      Frequency(MHz)
-----                   ------------       ----------      --------------
cam_pclk                {0.000 20.000}     40.000          25.000          
sys_clk_100mhz          {0.000 5.000}      10.000          100.000         
u_clk_wiz/inst/clk_in1  {0.000 5.000}      10.000          100.000         
  clk_out1_clk_wiz_0    {0.000 20.000}     40.000          25.000          
  clk_out2_clk_wiz_0    {0.000 20.833}     41.667          24.000          
  clkfbout_clk_wiz_0    {0.000 5.000}      10.000          100.000         


------------------------------------------------------------------------------------------------
| Intra Clock Table
| -----------------
------------------------------------------------------------------------------------------------

Clock                       WNS(ns)      TNS(ns)  TNS Failing Endpoints  TNS Total Endpoints      WHS(ns)      THS(ns)  THS Failing Endpoints  THS Total Endpoints     WPWS(ns)     TPWS(ns)  TPWS Failing Endpoints  TPWS Total Endpoints  
-----                       -------      -------  ---------------------  -------------------      -------      -------  ---------------------  -------------------     --------     --------  ----------------------  --------------------  
cam_pclk                     13.384        0.000                      0                  724        0.213        0.000                      0                  724       19.500        0.000                       0                    89  
sys_clk_100mhz                3.683        0.000                      0                  263        0.166        0.000                      0                  263        4.500        0.000                       0                   101  
u_clk_wiz/inst/clk_in1                                                                                                                                                    3.000        0.000                       0                     1  
  clk_out1_clk_wiz_0         28.441        0.000                      0                  511        0.117        0.000                      0                  511       19.500        0.000                       0                    85  
  clk_out2_clk_wiz_0                                                                                                                                                     39.511        0.000                       0                     3  
  clkfbout_clk_wiz_0                                                                                                                                                      7.845        0.000                       0                     3  


------------------------------------------------------------------------------------------------
| Inter Clock Table
| -----------------
------------------------------------------------------------------------------------------------

From Clock          To Clock                WNS(ns)      TNS(ns)  TNS Failing Endpoints  TNS Total Endpoints      WHS(ns)      THS(ns)  THS Failing Endpoints  THS Total Endpoints  
----------          --------                -------      -------  ---------------------  -------------------      -------      -------  ---------------------  -------------------  
cam_pclk            clk_out1_clk_wiz_0       34.850        0.000                      0                    1        0.802        0.000                      0                    1  
sys_clk_100mhz      clk_out1_clk_wiz_0        2.992        0.000                      0                    1        1.542        0.000                      0                    1  


------------------------------------------------------------------------------------------------
| Other Path Groups Table
| -----------------------
------------------------------------------------------------------------------------------------

Path Group    From Clock    To Clock          WNS(ns)      TNS(ns)  TNS Failing Endpoints  TNS Total Endpoints      WHS(ns)      THS(ns)  THS Failing Endpoints  THS Total Endpoints  
----------    ----------    --------          -------      -------  ---------------------  -------------------      -------      -------  ---------------------  -------------------  


------------------------------------------------------------------------------------------------
| User Ignored Path Table
| -----------------------
------------------------------------------------------------------------------------------------

Path Group      From Clock      To Clock      
----------      ----------      --------      
(none)          sys_clk_100mhz  cam_pclk        


------------------------------------------------------------------------------------------------
| Unconstrained Path Table
| ------------------------
------------------------------------------------------------------------------------------------

Path Group          From Clock          To Clock          
----------          ----------          --------          
(none)              clk_out1_clk_wiz_0                      
(none)              clk_out2_clk_wiz_0                      
(none)              sys_clk_100mhz                          
(none)                                  cam_pclk            
(none)                                  clk_out1_clk_wiz_0  
(none)                                  sys_clk_100mhz      


------------------------------------------------------------------------------------------------
| Timing Details
| --------------
------------------------------------------------------------------------------------------------


---------------------------------------------------------------------------------------------------
From Clock:  cam_pclk
  To Clock:  cam_pclk

Setup :            0  Failing Endpoints,  Worst Slack       13.384ns,  Total Violation        0.000ns
Hold  :            0  Failing Endpoints,  Worst Slack        0.213ns,  Total Violation        0.000ns
PW    :            0  Failing Endpoints,  Worst Slack       19.500ns,  Total Violation        0.000ns
---------------------------------------------------------------------------------------------------


Max Delay Paths
--------------------------------------------------------------------------------------
Slack (MET) :             13.384ns  (required time - arrival time)
  Source:                 u_capture/wr_data_reg[6]/C
                            (falling edge-triggered cell FDRE clocked by cam_pclk  {rise@0.000ns fall@20.000ns period=40.000ns})
  Destination:            u_bram/u_bram/U0/inst_blk_mem_gen/gnbram.gnativebmg.native_blk_mem_gen/valid.cstr/ramloop[12].ram.r/prim_noinit.ram/DEVICE_7SERIES.NO_BMM_INFO.TRUE_DP.SIMPLE_PRIM36.ram/DIADI[3]
                            (rising edge-triggered cell RAMB36E1 clocked by cam_pclk  {rise@0.000ns fall@20.000ns period=40.000ns})
  Path Group:             cam_pclk
  Path Type:              Setup (Max at Slow Process Corner)
  Requirement:            20.000ns  (cam_pclk rise@40.000ns - cam_pclk fall@20.000ns)
  Data Path Delay:        5.784ns  (logic 0.524ns (9.059%)  route 5.260ns (90.941%))
  Logic Levels:           0  
  Clock Path Skew:        -0.059ns (DCD - SCD + CPR)
    Destination Clock Delay (DCD):    5.123ns = ( 45.123 - 40.000 ) 
    Source Clock Delay      (SCD):    5.376ns = ( 25.376 - 20.000 ) 
    Clock Pessimism Removal (CPR):    0.194ns
  Clock Uncertainty:      0.035ns  ((TSJ^2 + TIJ^2)^1/2 + DJ) / 2 + PE
    Total System Jitter     (TSJ):    0.071ns
    Total Input Jitter      (TIJ):    0.000ns
    Discrete Jitter          (DJ):    0.000ns
    Phase Error              (PE):    0.000ns

    Location             Delay type                Incr(ns)  Path(ns)    Netlist Resource(s)
  -------------------------------------------------------------------    -------------------
                         (clock cam_pclk fall edge)
                                                     20.000    20.000 f  
    A16                                               0.000    20.000 f  cam_pclk (IN)
                         net (fo=0)                   0.000    20.000    cam_pclk
    A16                  IBUF (Prop_ibuf_I_O)         1.457    21.457 f  cam_pclk_IBUF_inst/O
                         net (fo=1, routed)           2.273    23.730    cam_pclk_IBUF
    BUFGCTRL_X0Y16       BUFG (Prop_bufg_I_O)         0.096    23.826 f  cam_pclk_IBUF_BUFG_inst/O
                         net (fo=88, routed)          1.550    25.376    u_capture/CLK
    SLICE_X8Y86          FDRE                                         r  u_capture/wr_data_reg[6]/C  (IS_INVERTED)
  -------------------------------------------------------------------    -------------------
    SLICE_X8Y86          FDRE (Prop_fdre_C_Q)         0.524    25.900 r  u_capture/wr_data_reg[6]/Q
                         net (fo=19, routed)          5.260    31.161    u_bram/u_bram/U0/inst_blk_mem_gen/gnbram.gnativebmg.native_blk_mem_gen/valid.cstr/ramloop[12].ram.r/prim_noinit.ram/dina[3]
    RAMB36_X1Y8          RAMB36E1                                     r  u_bram/u_bram/U0/inst_blk_mem_gen/gnbram.gnativebmg.native_blk_mem_gen/valid.cstr/ramloop[12].ram.r/prim_noinit.ram/DEVICE_7SERIES.NO_BMM_INFO.TRUE_DP.SIMPLE_PRIM36.ram/DIADI[3]
  -------------------------------------------------------------------    -------------------

                         (clock cam_pclk rise edge)
                                                     40.000    40.000 r  
    A16                                               0.000    40.000 r  cam_pclk (IN)
                         net (fo=0)                   0.000    40.000    cam_pclk
    A16                  IBUF (Prop_ibuf_I_O)         1.387    41.387 r  cam_pclk_IBUF_inst/O
                         net (fo=1, routed)           2.155    43.542    cam_pclk_IBUF
    BUFGCTRL_X0Y16       BUFG (Prop_bufg_I_O)         0.091    43.633 r  cam_pclk_IBUF_BUFG_inst/O
                         net (fo=88, routed)          1.491    45.123    u_bram/u_bram/U0/inst_blk_mem_gen/gnbram.gnativebmg.native_blk_mem_gen/valid.cstr/ramloop[12].ram.r/prim_noinit.ram/clka
    RAMB36_X1Y8          RAMB36E1                                     r  u_bram/u_bram/U0/inst_blk_mem_gen/gnbram.gnativebmg.native_blk_mem_gen/valid.cstr/ramloop[12].ram.r/prim_noinit.ram/DEVICE_7SERIES.NO_BMM_INFO.TRUE_DP.SIMPLE_PRIM36.ram/CLKARDCLK
                         clock pessimism              0.194    45.317    
                         clock uncertainty           -0.035    45.282    
    RAMB36_X1Y8          RAMB36E1 (Setup_ramb36e1_CLKARDCLK_DIADI[3])
                                                     -0.737    44.545    u_bram/u_bram/U0/inst_blk_mem_gen/gnbram.gnativebmg.native_blk_mem_gen/valid.cstr/ramloop[12].ram.r/prim_noinit.ram/DEVICE_7SERIES.NO_BMM_INFO.TRUE_DP.SIMPLE_PRIM36.ram
  -------------------------------------------------------------------
                         required time                         44.545    
                         arrival time                         -31.161    
  -------------------------------------------------------------------
                         slack                                 13.384    

Slack (MET) :             13.526ns  (required time - arrival time)
  Source:                 u_capture/wr_data_reg[6]/C
                            (falling edge-triggered cell FDRE clocked by cam_pclk  {rise@0.000ns fall@20.000ns period=40.000ns})
  Destination:            u_bram/u_bram/U0/inst_blk_mem_gen/gnbram.gnativebmg.native_blk_mem_gen/valid.cstr/ramloop[11].ram.r/prim_noinit.ram/DEVICE_7SERIES.NO_BMM_INFO.TRUE_DP.SIMPLE_PRIM36.ram/DIADI[3]
                            (rising edge-triggered cell RAMB36E1 clocked by cam_pclk  {rise@0.000ns fall@20.000ns period=40.000ns})
  Path Group:             cam_pclk
  Path Type:              Setup (Max at Slow Process Corner)
  Requirement:            20.000ns  (cam_pclk rise@40.000ns - cam_pclk fall@20.000ns)
  Data Path Delay:        5.632ns  (logic 0.524ns (9.304%)  route 5.108ns (90.696%))
  Logic Levels:           0  
  Clock Path Skew:        -0.070ns (DCD - SCD + CPR)
    Destination Clock Delay (DCD):    5.105ns = ( 45.105 - 40.000 ) 
    Source Clock Delay      (SCD):    5.376ns = ( 25.376 - 20.000 ) 
    Clock Pessimism Removal (CPR):    0.202ns
  Clock Uncertainty:      0.035ns  ((TSJ^2 + TIJ^2)^1/2 + DJ) / 2 + PE
    Total System Jitter     (TSJ):    0.071ns
    Total Input Jitter      (TIJ):    0.000ns
    Discrete Jitter          (DJ):    0.000ns
    Phase Error              (PE):    0.000ns

    Location             Delay type                Incr(ns)  Path(ns)    Netlist Resource(s)
  -------------------------------------------------------------------    -------------------
                         (clock cam_pclk fall edge)
                                                     20.000    20.000 f  
    A16                                               0.000    20.000 f  cam_pclk (IN)
                         net (fo=0)                   0.000    20.000    cam_pclk
    A16                  IBUF (Prop_ibuf_I_O)         1.457    21.457 f  cam_pclk_IBUF_inst/O
                         net (fo=1, routed)           2.273    23.730    cam_pclk_IBUF
    BUFGCTRL_X0Y16       BUFG (Prop_bufg_I_O)         0.096    23.826 f  cam_pclk_IBUF_BUFG_inst/O
                         net (fo=88, routed)          1.550    25.376    u_capture/CLK
    SLICE_X8Y86          FDRE                                         r  u_capture/wr_data_reg[6]/C  (IS_INVERTED)
  -------------------------------------------------------------------    -------------------
    SLICE_X8Y86          FDRE (Prop_fdre_C_Q)         0.524    25.900 r  u_capture/wr_data_reg[6]/Q
                         net (fo=19, routed)          5.108    31.008    u_bram/u_bram/U0/inst_blk_mem_gen/gnbram.gnativebmg.native_blk_mem_gen/valid.cstr/ramloop[11].ram.r/prim_noinit.ram/dina[3]
    RAMB36_X1Y11         RAMB36E1                                     r  u_bram/u_bram/U0/inst_blk_mem_gen/gnbram.gnativebmg.native_blk_mem_gen/valid.cstr/ramloop[11].ram.r/prim_noinit.ram/DEVICE_7SERIES.NO_BMM_INFO.TRUE_DP.SIMPLE_PRIM36.ram/DIADI[3]
  -------------------------------------------------------------------    -------------------

                         (clock cam_pclk rise edge)
                                                     40.000    40.000 r  
    A16                                               0.000    40.000 r  cam_pclk (IN)
                         net (fo=0)                   0.000    40.000    cam_pclk
    A16                  IBUF (Prop_ibuf_I_O)         1.387    41.387 r  cam_pclk_IBUF_inst/O
                         net (fo=1, routed)           2.155    43.542    cam_pclk_IBUF
    BUFGCTRL_X0Y16       BUFG (Prop_bufg_I_O)         0.091    43.633 r  cam_pclk_IBUF_BUFG_inst/O
                         net (fo=88, routed)          1.472    45.105    u_bram/u_bram/U0/inst_blk_mem_gen/gnbram.gnativebmg.native_blk_mem_gen/valid.cstr/ramloop[11].ram.r/prim_noinit.ram/clka
    RAMB36_X1Y11         RAMB36E1                                     r  u_bram/u_bram/U0/inst_blk_mem_gen/gnbram.gnativebmg.native_blk_mem_gen/valid.cstr/ramloop[11].ram.r/prim_noinit.ram/DEVICE_7SERIES.NO_BMM_INFO.TRUE_DP.SIMPLE_PRIM36.ram/CLKARDCLK
                         clock pessimism              0.202    45.306    
                         clock uncertainty           -0.035    45.271    
    RAMB36_X1Y11         RAMB36E1 (Setup_ramb36e1_CLKARDCLK_DIADI[3])
                                                     -0.737    44.534    u_bram/u_bram/U0/inst_blk_mem_gen/gnbram.gnativebmg.native_blk_mem_gen/valid.cstr/ramloop[11].ram.r/prim_noinit.ram/DEVICE_7SERIES.NO_BMM_INFO.TRUE_DP.SIMPLE_PRIM36.ram
  -------------------------------------------------------------------
                         required time                         44.534    
                         arrival time                         -31.008    
  -------------------------------------------------------------------
                         slack                                 13.526    

Slack (MET) :             13.531ns  (required time - arrival time)
  Source:                 u_capture/wr_data_reg[6]/C
                            (falling edge-triggered cell FDRE clocked by cam_pclk  {rise@0.000ns fall@20.000ns period=40.000ns})
  Destination:            u_bram/u_bram/U0/inst_blk_mem_gen/gnbram.gnativebmg.native_blk_mem_gen/valid.cstr/ramloop[9].ram.r/prim_noinit.ram/DEVICE_7SERIES.NO_BMM_INFO.TRUE_DP.SIMPLE_PRIM36.ram/DIADI[3]
                            (rising edge-triggered cell RAMB36E1 clocked by cam_pclk  {rise@0.000ns fall@20.000ns period=40.000ns})
  Path Group:             cam_pclk
  Path Type:              Setup (Max at Slow Process Corner)
  Requirement:            20.000ns  (cam_pclk rise@40.000ns - cam_pclk fall@20.000ns)
  Data Path Delay:        5.638ns  (logic 0.524ns (9.294%)  route 5.114ns (90.706%))
  Logic Levels:           0  
  Clock Path Skew:        -0.058ns (DCD - SCD + CPR)
    Destination Clock Delay (DCD):    5.124ns = ( 45.124 - 40.000 ) 
    Source Clock Delay      (SCD):    5.376ns = ( 25.376 - 20.000 ) 
    Clock Pessimism Removal (CPR):    0.194ns
  Clock Uncertainty:      0.035ns  ((TSJ^2 + TIJ^2)^1/2 + DJ) / 2 + PE
    Total System Jitter     (TSJ):    0.071ns
    Total Input Jitter      (TIJ):    0.000ns
    Discrete Jitter          (DJ):    0.000ns
    Phase Error              (PE):    0.000ns

    Location             Delay type                Incr(ns)  Path(ns)    Netlist Resource(s)
  -------------------------------------------------------------------    -------------------
                         (clock cam_pclk fall edge)
                                                     20.000    20.000 f  
    A16                                               0.000    20.000 f  cam_pclk (IN)
                         net (fo=0)                   0.000    20.000    cam_pclk
    A16                  IBUF (Prop_ibuf_I_O)         1.457    21.457 f  cam_pclk_IBUF_inst/O
                         net (fo=1, routed)           2.273    23.730    cam_pclk_IBUF
    BUFGCTRL_X0Y16       BUFG (Prop_bufg_I_O)         0.096    23.826 f  cam_pclk_IBUF_BUFG_inst/O
                         net (fo=88, routed)          1.550    25.376    u_capture/CLK
    SLICE_X8Y86          FDRE                                         r  u_capture/wr_data_reg[6]/C  (IS_INVERTED)
  -------------------------------------------------------------------    -------------------
    SLICE_X8Y86          FDRE (Prop_fdre_C_Q)         0.524    25.900 r  u_capture/wr_data_reg[6]/Q
                         net (fo=19, routed)          5.114    31.014    u_bram/u_bram/U0/inst_blk_mem_gen/gnbram.gnativebmg.native_blk_mem_gen/valid.cstr/ramloop[9].ram.r/prim_noinit.ram/dina[3]
    RAMB36_X1Y9          RAMB36E1                                     r  u_bram/u_bram/U0/inst_blk_mem_gen/gnbram.gnativebmg.native_blk_mem_gen/valid.cstr/ramloop[9].ram.r/prim_noinit.ram/DEVICE_7SERIES.NO_BMM_INFO.TRUE_DP.SIMPLE_PRIM36.ram/DIADI[3]
  -------------------------------------------------------------------    -------------------

                         (clock cam_pclk rise edge)
                                                     40.000    40.000 r  
    A16                                               0.000    40.000 r  cam_pclk (IN)
                         net (fo=0)                   0.000    40.000    cam_pclk
    A16                  IBUF (Prop_ibuf_I_O)         1.387    41.387 r  cam_pclk_IBUF_inst/O
                         net (fo=1, routed)           2.155    43.542    cam_pclk_IBUF
    BUFGCTRL_X0Y16       BUFG (Prop_bufg_I_O)         0.091    43.633 r  cam_pclk_IBUF_BUFG_inst/O
                         net (fo=88, routed)          1.492    45.124    u_bram/u_bram/U0/inst_blk_mem_gen/gnbram.gnativebmg.native_blk_mem_gen/valid.cstr/ramloop[9].ram.r/prim_noinit.ram/clka
    RAMB36_X1Y9          RAMB36E1                                     r  u_bram/u_bram/U0/inst_blk_mem_gen/gnbram.gnativebmg.native_blk_mem_gen/valid.cstr/ramloop[9].ram.r/prim_noinit.ram/DEVICE_7SERIES.NO_BMM_INFO.TRUE_DP.SIMPLE_PRIM36.ram/CLKARDCLK
                         clock pessimism              0.194    45.318    
                         clock uncertainty           -0.035    45.283    
    RAMB36_X1Y9          RAMB36E1 (Setup_ramb36e1_CLKARDCLK_DIADI[3])
                                                     -0.737    44.546    u_bram/u_bram/U0/inst_blk_mem_gen/gnbram.gnativebmg.native_blk_mem_gen/valid.cstr/ramloop[9].ram.r/prim_noinit.ram/DEVICE_7SERIES.NO_BMM_INFO.TRUE_DP.SIMPLE_PRIM36.ram
  -------------------------------------------------------------------
                         required time                         44.546    
                         arrival time                         -31.014    
  -------------------------------------------------------------------
                         slack                                 13.531    

Slack (MET) :             13.755ns  (required time - arrival time)
  Source:                 u_capture/wr_addr_reg[16]/C
                            (falling edge-triggered cell FDRE clocked by cam_pclk  {rise@0.000ns fall@20.000ns period=40.000ns})
  Destination:            u_bram/u_bram/U0/inst_blk_mem_gen/gnbram.gnativebmg.native_blk_mem_gen/valid.cstr/ramloop[12].ram.r/prim_noinit.ram/DEVICE_7SERIES.NO_BMM_INFO.TRUE_DP.SIMPLE_PRIM36.ram/ENARDEN
                            (rising edge-triggered cell RAMB36E1 clocked by cam_pclk  {rise@0.000ns fall@20.000ns period=40.000ns})
  Path Group:             cam_pclk
  Path Type:              Setup (Max at Slow Process Corner)
  Requirement:            20.000ns  (cam_pclk rise@40.000ns - cam_pclk fall@20.000ns)
  Data Path Delay:        5.718ns  (logic 0.583ns (10.196%)  route 5.135ns (89.804%))
  Logic Levels:           1  (LUT6=1)
  Clock Path Skew:        -0.048ns (DCD - SCD + CPR)
    Destination Clock Delay (DCD):    5.123ns = ( 45.123 - 40.000 ) 
    Source Clock Delay      (SCD):    5.365ns = ( 25.365 - 20.000 ) 
    Clock Pessimism Removal (CPR):    0.194ns
  Clock Uncertainty:      0.035ns  ((TSJ^2 + TIJ^2)^1/2 + DJ) / 2 + PE
    Total System Jitter     (TSJ):    0.071ns
    Total Input Jitter      (TIJ):    0.000ns
    Discrete Jitter          (DJ):    0.000ns
    Phase Error              (PE):    0.000ns

    Location             Delay type                Incr(ns)  Path(ns)    Netlist Resource(s)
  -------------------------------------------------------------------    -------------------
                         (clock cam_pclk fall edge)
                                                     20.000    20.000 f  
    A16                                               0.000    20.000 f  cam_pclk (IN)
                         net (fo=0)                   0.000    20.000    cam_pclk
    A16                  IBUF (Prop_ibuf_I_O)         1.457    21.457 f  cam_pclk_IBUF_inst/O
                         net (fo=1, routed)           2.273    23.730    cam_pclk_IBUF
    BUFGCTRL_X0Y16       BUFG (Prop_bufg_I_O)         0.096    23.826 f  cam_pclk_IBUF_BUFG_inst/O
                         net (fo=88, routed)          1.539    25.365    u_capture/CLK
    SLICE_X32Y80         FDRE                                         r  u_capture/wr_addr_reg[16]/C  (IS_INVERTED)
  -------------------------------------------------------------------    -------------------
    SLICE_X32Y80         FDRE (Prop_fdre_C_Q)         0.459    25.824 f  u_capture/wr_addr_reg[16]/Q
                         net (fo=27, routed)          4.058    29.882    u_bram/u_bram/U0/inst_blk_mem_gen/gnbram.gnativebmg.native_blk_mem_gen/valid.cstr/ramloop[12].ram.r/prim_noinit.ram/pwropt_5
    SLICE_X48Y51         LUT6 (Prop_lut6_I1_O)        0.124    30.006 r  u_bram/u_bram/U0/inst_blk_mem_gen/gnbram.gnativebmg.native_blk_mem_gen/valid.cstr/ramloop[12].ram.r/prim_noinit.ram/DEVICE_7SERIES.NO_BMM_INFO.TRUE_DP.SIMPLE_PRIM36.ram_ENARDEN_cooolgate_en_gate_93_LOPT_REMAP/O
                         net (fo=1, routed)           1.077    31.083    u_bram/u_bram/U0/inst_blk_mem_gen/gnbram.gnativebmg.native_blk_mem_gen/valid.cstr/ramloop[12].ram.r/prim_noinit.ram/DEVICE_7SERIES.NO_BMM_INFO.TRUE_DP.SIMPLE_PRIM36.ram_ENARDEN_cooolgate_en_sig_59
    RAMB36_X1Y8          RAMB36E1                                     r  u_bram/u_bram/U0/inst_blk_mem_gen/gnbram.gnativebmg.native_blk_mem_gen/valid.cstr/ramloop[12].ram.r/prim_noinit.ram/DEVICE_7SERIES.NO_BMM_INFO.TRUE_DP.SIMPLE_PRIM36.ram/ENARDEN
  -------------------------------------------------------------------    -------------------

                         (clock cam_pclk rise edge)
                                                     40.000    40.000 r  
    A16                                               0.000    40.000 r  cam_pclk (IN)
                         net (fo=0)                   0.000    40.000    cam_pclk
    A16                  IBUF (Prop_ibuf_I_O)         1.387    41.387 r  cam_pclk_IBUF_inst/O
                         net (fo=1, routed)           2.155    43.542    cam_pclk_IBUF
    BUFGCTRL_X0Y16       BUFG (Prop_bufg_I_O)         0.091    43.633 r  cam_pclk_IBUF_BUFG_inst/O
                         net (fo=88, routed)          1.491    45.123    u_bram/u_bram/U0/inst_blk_mem_gen/gnbram.gnativebmg.native_blk_mem_gen/valid.cstr/ramloop[12].ram.r/prim_noinit.ram/clka
    RAMB36_X1Y8          RAMB36E1                                     r  u_bram/u_bram/U0/inst_blk_mem_gen/gnbram.gnativebmg.native_blk_mem_gen/valid.cstr/ramloop[12].ram.r/prim_noinit.ram/DEVICE_7SERIES.NO_BMM_INFO.TRUE_DP.SIMPLE_PRIM36.ram/CLKARDCLK
                         clock pessimism              0.194    45.317    
                         clock uncertainty           -0.035    45.282    
    RAMB36_X1Y8          RAMB36E1 (Setup_ramb36e1_CLKARDCLK_ENARDEN)
                                                     -0.443    44.839    u_bram/u_bram/U0/inst_blk_mem_gen/gnbram.gnativebmg.native_blk_mem_gen/valid.cstr/ramloop[12].ram.r/prim_noinit.ram/DEVICE_7SERIES.NO_BMM_INFO.TRUE_DP.SIMPLE_PRIM36.ram
  -------------------------------------------------------------------
                         required time                         44.839    
                         arrival time                         -31.083    
  -------------------------------------------------------------------
                         slack                                 13.755    

Slack (MET) :             13.803ns  (required time - arrival time)
  Source:                 u_capture/wr_data_reg[7]/C
                            (falling edge-triggered cell FDRE clocked by cam_pclk  {rise@0.000ns fall@20.000ns period=40.000ns})
  Destination:            u_bram/u_bram/U0/inst_blk_mem_gen/gnbram.gnativebmg.native_blk_mem_gen/valid.cstr/ramloop[12].ram.r/prim_noinit.ram/DEVICE_7SERIES.NO_BMM_INFO.TRUE_DP.SIMPLE_PRIM36.ram/DIADI[4]
                            (rising edge-triggered cell RAMB36E1 clocked by cam_pclk  {rise@0.000ns fall@20.000ns period=40.000ns})
  Path Group:             cam_pclk
  Path Type:              Setup (Max at Slow Process Corner)
  Requirement:            20.000ns  (cam_pclk rise@40.000ns - cam_pclk fall@20.000ns)
  Data Path Delay:        5.366ns  (logic 0.524ns (9.766%)  route 4.842ns (90.234%))
  Logic Levels:           0  
  Clock Path Skew:        -0.059ns (DCD - SCD + CPR)
    Destination Clock Delay (DCD):    5.123ns = ( 45.123 - 40.000 ) 
    Source Clock Delay      (SCD):    5.376ns = ( 25.376 - 20.000 ) 
    Clock Pessimism Removal (CPR):    0.194ns
  Clock Uncertainty:      0.035ns  ((TSJ^2 + TIJ^2)^1/2 + DJ) / 2 + PE
    Total System Jitter     (TSJ):    0.071ns
    Total Input Jitter      (TIJ):    0.000ns
    Discrete Jitter          (DJ):    0.000ns
    Phase Error              (PE):    0.000ns

    Location             Delay type                Incr(ns)  Path(ns)    Netlist Resource(s)
  -------------------------------------------------------------------    -------------------
                         (clock cam_pclk fall edge)
                                                     20.000    20.000 f  
    A16                                               0.000    20.000 f  cam_pclk (IN)
                         net (fo=0)                   0.000    20.000    cam_pclk
    A16                  IBUF (Prop_ibuf_I_O)         1.457    21.457 f  cam_pclk_IBUF_inst/O
                         net (fo=1, routed)           2.273    23.730    cam_pclk_IBUF
    BUFGCTRL_X0Y16       BUFG (Prop_bufg_I_O)         0.096    23.826 f  cam_pclk_IBUF_BUFG_inst/O
                         net (fo=88, routed)          1.550    25.376    u_capture/CLK
    SLICE_X8Y85          FDRE                                         r  u_capture/wr_data_reg[7]/C  (IS_INVERTED)
  -------------------------------------------------------------------    -------------------
    SLICE_X8Y85          FDRE (Prop_fdre_C_Q)         0.524    25.900 r  u_capture/wr_data_reg[7]/Q
                         net (fo=19, routed)          4.842    30.742    u_bram/u_bram/U0/inst_blk_mem_gen/gnbram.gnativebmg.native_blk_mem_gen/valid.cstr/ramloop[12].ram.r/prim_noinit.ram/dina[4]
    RAMB36_X1Y8          RAMB36E1                                     r  u_bram/u_bram/U0/inst_blk_mem_gen/gnbram.gnativebmg.native_blk_mem_gen/valid.cstr/ramloop[12].ram.r/prim_noinit.ram/DEVICE_7SERIES.NO_BMM_INFO.TRUE_DP.SIMPLE_PRIM36.ram/DIADI[4]
  -------------------------------------------------------------------    -------------------

                         (clock cam_pclk rise edge)
                                                     40.000    40.000 r  
    A16                                               0.000    40.000 r  cam_pclk (IN)
                         net (fo=0)                   0.000    40.000    cam_pclk
    A16                  IBUF (Prop_ibuf_I_O)         1.387    41.387 r  cam_pclk_IBUF_inst/O
                         net (fo=1, routed)           2.155    43.542    cam_pclk_IBUF
    BUFGCTRL_X0Y16       BUFG (Prop_bufg_I_O)         0.091    43.633 r  cam_pclk_IBUF_BUFG_inst/O
                         net (fo=88, routed)          1.491    45.123    u_bram/u_bram/U0/inst_blk_mem_gen/gnbram.gnativebmg.native_blk_mem_gen/valid.cstr/ramloop[12].ram.r/prim_noinit.ram/clka
    RAMB36_X1Y8          RAMB36E1                                     r  u_bram/u_bram/U0/inst_blk_mem_gen/gnbram.gnativebmg.native_blk_mem_gen/valid.cstr/ramloop[12].ram.r/prim_noinit.ram/DEVICE_7SERIES.NO_BMM_INFO.TRUE_DP.SIMPLE_PRIM36.ram/CLKARDCLK
                         clock pessimism              0.194    45.317    
                         clock uncertainty           -0.035    45.282    
    RAMB36_X1Y8          RAMB36E1 (Setup_ramb36e1_CLKARDCLK_DIADI[4])
                                                     -0.737    44.545    u_bram/u_bram/U0/inst_blk_mem_gen/gnbram.gnativebmg.native_blk_mem_gen/valid.cstr/ramloop[12].ram.r/prim_noinit.ram/DEVICE_7SERIES.NO_BMM_INFO.TRUE_DP.SIMPLE_PRIM36.ram
  -------------------------------------------------------------------
                         required time                         44.545    
                         arrival time                         -30.742    
  -------------------------------------------------------------------
                         slack                                 13.803    

Slack (MET) :             13.880ns  (required time - arrival time)
  Source:                 u_capture/wr_data_reg[6]/C
                            (falling edge-triggered cell FDRE clocked by cam_pclk  {rise@0.000ns fall@20.000ns period=40.000ns})
  Destination:            u_bram/u_bram/U0/inst_blk_mem_gen/gnbram.gnativebmg.native_blk_mem_gen/valid.cstr/ramloop[7].ram.r/prim_noinit.ram/DEVICE_7SERIES.NO_BMM_INFO.TRUE_DP.SIMPLE_PRIM36.ram/DIADI[3]
                            (rising edge-triggered cell RAMB36E1 clocked by cam_pclk  {rise@0.000ns fall@20.000ns period=40.000ns})
  Path Group:             cam_pclk
  Path Type:              Setup (Max at Slow Process Corner)
  Requirement:            20.000ns  (cam_pclk rise@40.000ns - cam_pclk fall@20.000ns)
  Data Path Delay:        5.279ns  (logic 0.524ns (9.926%)  route 4.755ns (90.074%))
  Logic Levels:           0  
  Clock Path Skew:        -0.068ns (DCD - SCD + CPR)
    Destination Clock Delay (DCD):    5.107ns = ( 45.107 - 40.000 ) 
    Source Clock Delay      (SCD):    5.376ns = ( 25.376 - 20.000 ) 
    Clock Pessimism Removal (CPR):    0.202ns
  Clock Uncertainty:      0.035ns  ((TSJ^2 + TIJ^2)^1/2 + DJ) / 2 + PE
    Total System Jitter     (TSJ):    0.071ns
    Total Input Jitter      (TIJ):    0.000ns
    Discrete Jitter          (DJ):    0.000ns
    Phase Error              (PE):    0.000ns

    Location             Delay type                Incr(ns)  Path(ns)    Netlist Resource(s)
  -------------------------------------------------------------------    -------------------
                         (clock cam_pclk fall edge)
                                                     20.000    20.000 f  
    A16                                               0.000    20.000 f  cam_pclk (IN)
                         net (fo=0)                   0.000    20.000    cam_pclk
    A16                  IBUF (Prop_ibuf_I_O)         1.457    21.457 f  cam_pclk_IBUF_inst/O
                         net (fo=1, routed)           2.273    23.730    cam_pclk_IBUF
    BUFGCTRL_X0Y16       BUFG (Prop_bufg_I_O)         0.096    23.826 f  cam_pclk_IBUF_BUFG_inst/O
                         net (fo=88, routed)          1.550    25.376    u_capture/CLK
    SLICE_X8Y86          FDRE                                         r  u_capture/wr_data_reg[6]/C  (IS_INVERTED)
  -------------------------------------------------------------------    -------------------
    SLICE_X8Y86          FDRE (Prop_fdre_C_Q)         0.524    25.900 r  u_capture/wr_data_reg[6]/Q
                         net (fo=19, routed)          4.755    30.656    u_bram/u_bram/U0/inst_blk_mem_gen/gnbram.gnativebmg.native_blk_mem_gen/valid.cstr/ramloop[7].ram.r/prim_noinit.ram/dina[3]
    RAMB36_X1Y10         RAMB36E1                                     r  u_bram/u_bram/U0/inst_blk_mem_gen/gnbram.gnativebmg.native_blk_mem_gen/valid.cstr/ramloop[7].ram.r/prim_noinit.ram/DEVICE_7SERIES.NO_BMM_INFO.TRUE_DP.SIMPLE_PRIM36.ram/DIADI[3]
  -------------------------------------------------------------------    -------------------

                         (clock cam_pclk rise edge)
                                                     40.000    40.000 r  
    A16                                               0.000    40.000 r  cam_pclk (IN)
                         net (fo=0)                   0.000    40.000    cam_pclk
    A16                  IBUF (Prop_ibuf_I_O)         1.387    41.387 r  cam_pclk_IBUF_inst/O
                         net (fo=1, routed)           2.155    43.542    cam_pclk_IBUF
    BUFGCTRL_X0Y16       BUFG (Prop_bufg_I_O)         0.091    43.633 r  cam_pclk_IBUF_BUFG_inst/O
                         net (fo=88, routed)          1.474    45.107    u_bram/u_bram/U0/inst_blk_mem_gen/gnbram.gnativebmg.native_blk_mem_gen/valid.cstr/ramloop[7].ram.r/prim_noinit.ram/clka
    RAMB36_X1Y10         RAMB36E1                                     r  u_bram/u_bram/U0/inst_blk_mem_gen/gnbram.gnativebmg.native_blk_mem_gen/valid.cstr/ramloop[7].ram.r/prim_noinit.ram/DEVICE_7SERIES.NO_BMM_INFO.TRUE_DP.SIMPLE_PRIM36.ram/CLKARDCLK
                         clock pessimism              0.202    45.308    
                         clock uncertainty           -0.035    45.273    
    RAMB36_X1Y10         RAMB36E1 (Setup_ramb36e1_CLKARDCLK_DIADI[3])
                                                     -0.737    44.536    u_bram/u_bram/U0/inst_blk_mem_gen/gnbram.gnativebmg.native_blk_mem_gen/valid.cstr/ramloop[7].ram.r/prim_noinit.ram/DEVICE_7SERIES.NO_BMM_INFO.TRUE_DP.SIMPLE_PRIM36.ram
  -------------------------------------------------------------------
                         required time                         44.536    
                         arrival time                         -30.656    
  -------------------------------------------------------------------
                         slack                                 13.880    

Slack (MET) :             13.945ns  (required time - arrival time)
  Source:                 u_capture/wr_data_reg[7]/C
                            (falling edge-triggered cell FDRE clocked by cam_pclk  {rise@0.000ns fall@20.000ns period=40.000ns})
  Destination:            u_bram/u_bram/U0/inst_blk_mem_gen/gnbram.gnativebmg.native_blk_mem_gen/valid.cstr/ramloop[9].ram.r/prim_noinit.ram/DEVICE_7SERIES.NO_BMM_INFO.TRUE_DP.SIMPLE_PRIM36.ram/DIADI[4]
                            (rising edge-triggered cell RAMB36E1 clocked by cam_pclk  {rise@0.000ns fall@20.000ns period=40.000ns})
  Path Group:             cam_pclk
  Path Type:              Setup (Max at Slow Process Corner)
  Requirement:            20.000ns  (cam_pclk rise@40.000ns - cam_pclk fall@20.000ns)
  Data Path Delay:        5.224ns  (logic 0.524ns (10.030%)  route 4.700ns (89.970%))
  Logic Levels:           0  
  Clock Path Skew:        -0.058ns (DCD - SCD + CPR)
    Destination Clock Delay (DCD):    5.124ns = ( 45.124 - 40.000 ) 
    Source Clock Delay      (SCD):    5.376ns = ( 25.376 - 20.000 ) 
    Clock Pessimism Removal (CPR):    0.194ns
  Clock Uncertainty:      0.035ns  ((TSJ^2 + TIJ^2)^1/2 + DJ) / 2 + PE
    Total System Jitter     (TSJ):    0.071ns
    Total Input Jitter      (TIJ):    0.000ns
    Discrete Jitter          (DJ):    0.000ns
    Phase Error              (PE):    0.000ns

    Location             Delay type                Incr(ns)  Path(ns)    Netlist Resource(s)
  -------------------------------------------------------------------    -------------------
                         (clock cam_pclk fall edge)
                                                     20.000    20.000 f  
    A16                                               0.000    20.000 f  cam_pclk (IN)
                         net (fo=0)                   0.000    20.000    cam_pclk
    A16                  IBUF (Prop_ibuf_I_O)         1.457    21.457 f  cam_pclk_IBUF_inst/O
                         net (fo=1, routed)           2.273    23.730    cam_pclk_IBUF
    BUFGCTRL_X0Y16       BUFG (Prop_bufg_I_O)         0.096    23.826 f  cam_pclk_IBUF_BUFG_inst/O
                         net (fo=88, routed)          1.550    25.376    u_capture/CLK
    SLICE_X8Y85          FDRE                                         r  u_capture/wr_data_reg[7]/C  (IS_INVERTED)
  -------------------------------------------------------------------    -------------------
    SLICE_X8Y85          FDRE (Prop_fdre_C_Q)         0.524    25.900 r  u_capture/wr_data_reg[7]/Q
                         net (fo=19, routed)          4.700    30.600    u_bram/u_bram/U0/inst_blk_mem_gen/gnbram.gnativebmg.native_blk_mem_gen/valid.cstr/ramloop[9].ram.r/prim_noinit.ram/dina[4]
    RAMB36_X1Y9          RAMB36E1                                     r  u_bram/u_bram/U0/inst_blk_mem_gen/gnbram.gnativebmg.native_blk_mem_gen/valid.cstr/ramloop[9].ram.r/prim_noinit.ram/DEVICE_7SERIES.NO_BMM_INFO.TRUE_DP.SIMPLE_PRIM36.ram/DIADI[4]
  -------------------------------------------------------------------    -------------------

                         (clock cam_pclk rise edge)
                                                     40.000    40.000 r  
    A16                                               0.000    40.000 r  cam_pclk (IN)
                         net (fo=0)                   0.000    40.000    cam_pclk
    A16                  IBUF (Prop_ibuf_I_O)         1.387    41.387 r  cam_pclk_IBUF_inst/O
                         net (fo=1, routed)           2.155    43.542    cam_pclk_IBUF
    BUFGCTRL_X0Y16       BUFG (Prop_bufg_I_O)         0.091    43.633 r  cam_pclk_IBUF_BUFG_inst/O
                         net (fo=88, routed)          1.492    45.124    u_bram/u_bram/U0/inst_blk_mem_gen/gnbram.gnativebmg.native_blk_mem_gen/valid.cstr/ramloop[9].ram.r/prim_noinit.ram/clka
    RAMB36_X1Y9          RAMB36E1                                     r  u_bram/u_bram/U0/inst_blk_mem_gen/gnbram.gnativebmg.native_blk_mem_gen/valid.cstr/ramloop[9].ram.r/prim_noinit.ram/DEVICE_7SERIES.NO_BMM_INFO.TRUE_DP.SIMPLE_PRIM36.ram/CLKARDCLK
                         clock pessimism              0.194    45.318    
                         clock uncertainty           -0.035    45.283    
    RAMB36_X1Y9          RAMB36E1 (Setup_ramb36e1_CLKARDCLK_DIADI[4])
                                                     -0.737    44.546    u_bram/u_bram/U0/inst_blk_mem_gen/gnbram.gnativebmg.native_blk_mem_gen/valid.cstr/ramloop[9].ram.r/prim_noinit.ram/DEVICE_7SERIES.NO_BMM_INFO.TRUE_DP.SIMPLE_PRIM36.ram
  -------------------------------------------------------------------
                         required time                         44.546    
                         arrival time                         -30.600    
  -------------------------------------------------------------------
                         slack                                 13.945    

Slack (MET) :             13.964ns  (required time - arrival time)
  Source:                 u_capture/wr_addr_reg[16]/C
                            (falling edge-triggered cell FDRE clocked by cam_pclk  {rise@0.000ns fall@20.000ns period=40.000ns})
  Destination:            u_bram/u_bram/U0/inst_blk_mem_gen/gnbram.gnativebmg.native_blk_mem_gen/valid.cstr/ramloop[9].ram.r/prim_noinit.ram/DEVICE_7SERIES.NO_BMM_INFO.TRUE_DP.SIMPLE_PRIM36.ram/ENARDEN
                            (rising edge-triggered cell RAMB36E1 clocked by cam_pclk  {rise@0.000ns fall@20.000ns period=40.000ns})
  Path Group:             cam_pclk
  Path Type:              Setup (Max at Slow Process Corner)
  Requirement:            20.000ns  (cam_pclk rise@40.000ns - cam_pclk fall@20.000ns)
  Data Path Delay:        5.510ns  (logic 0.583ns (10.580%)  route 4.927ns (89.420%))
  Logic Levels:           1  (LUT6=1)
  Clock Path Skew:        -0.047ns (DCD - SCD + CPR)
    Destination Clock Delay (DCD):    5.124ns = ( 45.124 - 40.000 ) 
    Source Clock Delay      (SCD):    5.365ns = ( 25.365 - 20.000 ) 
    Clock Pessimism Removal (CPR):    0.194ns
  Clock Uncertainty:      0.035ns  ((TSJ^2 + TIJ^2)^1/2 + DJ) / 2 + PE
    Total System Jitter     (TSJ):    0.071ns
    Total Input Jitter      (TIJ):    0.000ns
    Discrete Jitter          (DJ):    0.000ns
    Phase Error              (PE):    0.000ns

    Location             Delay type                Incr(ns)  Path(ns)    Netlist Resource(s)
  -------------------------------------------------------------------    -------------------
                         (clock cam_pclk fall edge)
                                                     20.000    20.000 f  
    A16                                               0.000    20.000 f  cam_pclk (IN)
                         net (fo=0)                   0.000    20.000    cam_pclk
    A16                  IBUF (Prop_ibuf_I_O)         1.457    21.457 f  cam_pclk_IBUF_inst/O
                         net (fo=1, routed)           2.273    23.730    cam_pclk_IBUF
    BUFGCTRL_X0Y16       BUFG (Prop_bufg_I_O)         0.096    23.826 f  cam_pclk_IBUF_BUFG_inst/O
                         net (fo=88, routed)          1.539    25.365    u_capture/CLK
    SLICE_X32Y80         FDRE                                         r  u_capture/wr_addr_reg[16]/C  (IS_INVERTED)
  -------------------------------------------------------------------    -------------------
    SLICE_X32Y80         FDRE (Prop_fdre_C_Q)         0.459    25.824 f  u_capture/wr_addr_reg[16]/Q
                         net (fo=27, routed)          4.053    29.877    u_bram/u_bram/U0/inst_blk_mem_gen/gnbram.gnativebmg.native_blk_mem_gen/valid.cstr/ramloop[9].ram.r/prim_noinit.ram/pwropt_5
    SLICE_X48Y51         LUT6 (Prop_lut6_I1_O)        0.124    30.001 r  u_bram/u_bram/U0/inst_blk_mem_gen/gnbram.gnativebmg.native_blk_mem_gen/valid.cstr/ramloop[9].ram.r/prim_noinit.ram/DEVICE_7SERIES.NO_BMM_INFO.TRUE_DP.SIMPLE_PRIM36.ram_ENARDEN_cooolgate_en_gate_125_LOPT_REMAP/O
                         net (fo=1, routed)           0.875    30.875    u_bram/u_bram/U0/inst_blk_mem_gen/gnbram.gnativebmg.native_blk_mem_gen/valid.cstr/ramloop[9].ram.r/prim_noinit.ram/DEVICE_7SERIES.NO_BMM_INFO.TRUE_DP.SIMPLE_PRIM36.ram_ENARDEN_cooolgate_en_sig_75
    RAMB36_X1Y9          RAMB36E1                                     r  u_bram/u_bram/U0/inst_blk_mem_gen/gnbram.gnativebmg.native_blk_mem_gen/valid.cstr/ramloop[9].ram.r/prim_noinit.ram/DEVICE_7SERIES.NO_BMM_INFO.TRUE_DP.SIMPLE_PRIM36.ram/ENARDEN
  -------------------------------------------------------------------    -------------------

                         (clock cam_pclk rise edge)
                                                     40.000    40.000 r  
    A16                                               0.000    40.000 r  cam_pclk (IN)
                         net (fo=0)                   0.000    40.000    cam_pclk
    A16                  IBUF (Prop_ibuf_I_O)         1.387    41.387 r  cam_pclk_IBUF_inst/O
                         net (fo=1, routed)           2.155    43.542    cam_pclk_IBUF
    BUFGCTRL_X0Y16       BUFG (Prop_bufg_I_O)         0.091    43.633 r  cam_pclk_IBUF_BUFG_inst/O
                         net (fo=88, routed)          1.492    45.124    u_bram/u_bram/U0/inst_blk_mem_gen/gnbram.gnativebmg.native_blk_mem_gen/valid.cstr/ramloop[9].ram.r/prim_noinit.ram/clka
    RAMB36_X1Y9          RAMB36E1                                     r  u_bram/u_bram/U0/inst_blk_mem_gen/gnbram.gnativebmg.native_blk_mem_gen/valid.cstr/ramloop[9].ram.r/prim_noinit.ram/DEVICE_7SERIES.NO_BMM_INFO.TRUE_DP.SIMPLE_PRIM36.ram/CLKARDCLK
                         clock pessimism              0.194    45.318    
                         clock uncertainty           -0.035    45.283    
    RAMB36_X1Y9          RAMB36E1 (Setup_ramb36e1_CLKARDCLK_ENARDEN)
                                                     -0.443    44.840    u_bram/u_bram/U0/inst_blk_mem_gen/gnbram.gnativebmg.native_blk_mem_gen/valid.cstr/ramloop[9].ram.r/prim_noinit.ram/DEVICE_7SERIES.NO_BMM_INFO.TRUE_DP.SIMPLE_PRIM36.ram
  -------------------------------------------------------------------
                         required time                         44.840    
                         arrival time                         -30.875    
  -------------------------------------------------------------------
                         slack                                 13.964    

Slack (MET) :             14.019ns  (required time - arrival time)
  Source:                 u_capture/wr_addr_reg[0]/C
                            (falling edge-triggered cell FDRE clocked by cam_pclk  {rise@0.000ns fall@20.000ns period=40.000ns})
  Destination:            u_bram/u_bram/U0/inst_blk_mem_gen/gnbram.gnativebmg.native_blk_mem_gen/valid.cstr/ramloop[12].ram.r/prim_noinit.ram/DEVICE_7SERIES.NO_BMM_INFO.TRUE_DP.SIMPLE_PRIM36.ram/ADDRARDADDR[3]
                            (rising edge-triggered cell RAMB36E1 clocked by cam_pclk  {rise@0.000ns fall@20.000ns period=40.000ns})
  Path Group:             cam_pclk
  Path Type:              Setup (Max at Slow Process Corner)
  Requirement:            20.000ns  (cam_pclk rise@40.000ns - cam_pclk fall@20.000ns)
  Data Path Delay:        5.330ns  (logic 0.459ns (8.611%)  route 4.871ns (91.389%))
  Logic Levels:           0  
  Clock Path Skew:        -0.049ns (DCD - SCD + CPR)
    Destination Clock Delay (DCD):    5.123ns = ( 45.123 - 40.000 ) 
    Source Clock Delay      (SCD):    5.366ns = ( 25.366 - 20.000 ) 
    Clock Pessimism Removal (CPR):    0.194ns
  Clock Uncertainty:      0.035ns  ((TSJ^2 + TIJ^2)^1/2 + DJ) / 2 + PE
    Total System Jitter     (TSJ):    0.071ns
    Total Input Jitter      (TIJ):    0.000ns
    Discrete Jitter          (DJ):    0.000ns
    Phase Error              (PE):    0.000ns

    Location             Delay type                Incr(ns)  Path(ns)    Netlist Resource(s)
  -------------------------------------------------------------------    -------------------
                         (clock cam_pclk fall edge)
                                                     20.000    20.000 f  
    A16                                               0.000    20.000 f  cam_pclk (IN)
                         net (fo=0)                   0.000    20.000    cam_pclk
    A16                  IBUF (Prop_ibuf_I_O)         1.457    21.457 f  cam_pclk_IBUF_inst/O
                         net (fo=1, routed)           2.273    23.730    cam_pclk_IBUF
    BUFGCTRL_X0Y16       BUFG (Prop_bufg_I_O)         0.096    23.826 f  cam_pclk_IBUF_BUFG_inst/O
                         net (fo=88, routed)          1.540    25.366    u_capture/CLK
    SLICE_X33Y81         FDRE                                         r  u_capture/wr_addr_reg[0]/C  (IS_INVERTED)
  -------------------------------------------------------------------    -------------------
    SLICE_X33Y81         FDRE (Prop_fdre_C_Q)         0.459    25.825 r  u_capture/wr_addr_reg[0]/Q
                         net (fo=27, routed)          4.871    30.697    u_bram/u_bram/U0/inst_blk_mem_gen/gnbram.gnativebmg.native_blk_mem_gen/valid.cstr/ramloop[12].ram.r/prim_noinit.ram/addra[0]
    RAMB36_X1Y8          RAMB36E1                                     r  u_bram/u_bram/U0/inst_blk_mem_gen/gnbram.gnativebmg.native_blk_mem_gen/valid.cstr/ramloop[12].ram.r/prim_noinit.ram/DEVICE_7SERIES.NO_BMM_INFO.TRUE_DP.SIMPLE_PRIM36.ram/ADDRARDADDR[3]
  -------------------------------------------------------------------    -------------------

                         (clock cam_pclk rise edge)
                                                     40.000    40.000 r  
    A16                                               0.000    40.000 r  cam_pclk (IN)
                         net (fo=0)                   0.000    40.000    cam_pclk
    A16                  IBUF (Prop_ibuf_I_O)         1.387    41.387 r  cam_pclk_IBUF_inst/O
                         net (fo=1, routed)           2.155    43.542    cam_pclk_IBUF
    BUFGCTRL_X0Y16       BUFG (Prop_bufg_I_O)         0.091    43.633 r  cam_pclk_IBUF_BUFG_inst/O
                         net (fo=88, routed)          1.491    45.123    u_bram/u_bram/U0/inst_blk_mem_gen/gnbram.gnativebmg.native_blk_mem_gen/valid.cstr/ramloop[12].ram.r/prim_noinit.ram/clka
    RAMB36_X1Y8          RAMB36E1                                     r  u_bram/u_bram/U0/inst_blk_mem_gen/gnbram.gnativebmg.native_blk_mem_gen/valid.cstr/ramloop[12].ram.r/prim_noinit.ram/DEVICE_7SERIES.NO_BMM_INFO.TRUE_DP.SIMPLE_PRIM36.ram/CLKARDCLK
                         clock pessimism              0.194    45.317    
                         clock uncertainty           -0.035    45.282    
    RAMB36_X1Y8          RAMB36E1 (Setup_ramb36e1_CLKARDCLK_ADDRARDADDR[3])
                                                     -0.566    44.716    u_bram/u_bram/U0/inst_blk_mem_gen/gnbram.gnativebmg.native_blk_mem_gen/valid.cstr/ramloop[12].ram.r/prim_noinit.ram/DEVICE_7SERIES.NO_BMM_INFO.TRUE_DP.SIMPLE_PRIM36.ram
  -------------------------------------------------------------------
                         required time                         44.716    
                         arrival time                         -30.697    
  -------------------------------------------------------------------
                         slack                                 14.019    

Slack (MET) :             14.088ns  (required time - arrival time)
  Source:                 u_capture/wr_data_reg[7]/C
                            (falling edge-triggered cell FDRE clocked by cam_pclk  {rise@0.000ns fall@20.000ns period=40.000ns})
  Destination:            u_bram/u_bram/U0/inst_blk_mem_gen/gnbram.gnativebmg.native_blk_mem_gen/valid.cstr/ramloop[5].ram.r/prim_noinit.ram/DEVICE_7SERIES.NO_BMM_INFO.TRUE_DP.SIMPLE_PRIM36.ram/DIADI[4]
                            (rising edge-triggered cell RAMB36E1 clocked by cam_pclk  {rise@0.000ns fall@20.000ns period=40.000ns})
  Path Group:             cam_pclk
  Path Type:              Setup (Max at Slow Process Corner)
  Requirement:            20.000ns  (cam_pclk rise@40.000ns - cam_pclk fall@20.000ns)
  Data Path Delay:        5.084ns  (logic 0.524ns (10.308%)  route 4.560ns (89.692%))
  Logic Levels:           0  
  Clock Path Skew:        -0.056ns (DCD - SCD + CPR)
    Destination Clock Delay (DCD):    5.126ns = ( 45.126 - 40.000 ) 
    Source Clock Delay      (SCD):    5.376ns = ( 25.376 - 20.000 ) 
    Clock Pessimism Removal (CPR):    0.194ns
  Clock Uncertainty:      0.035ns  ((TSJ^2 + TIJ^2)^1/2 + DJ) / 2 + PE
    Total System Jitter     (TSJ):    0.071ns
    Total Input Jitter      (TIJ):    0.000ns
    Discrete Jitter          (DJ):    0.000ns
    Phase Error              (PE):    0.000ns

    Location             Delay type                Incr(ns)  Path(ns)    Netlist Resource(s)
  -------------------------------------------------------------------    -------------------
                         (clock cam_pclk fall edge)
                                                     20.000    20.000 f  
    A16                                               0.000    20.000 f  cam_pclk (IN)
                         net (fo=0)                   0.000    20.000    cam_pclk
    A16                  IBUF (Prop_ibuf_I_O)         1.457    21.457 f  cam_pclk_IBUF_inst/O
                         net (fo=1, routed)           2.273    23.730    cam_pclk_IBUF
    BUFGCTRL_X0Y16       BUFG (Prop_bufg_I_O)         0.096    23.826 f  cam_pclk_IBUF_BUFG_inst/O
                         net (fo=88, routed)          1.550    25.376    u_capture/CLK
    SLICE_X8Y85          FDRE                                         r  u_capture/wr_data_reg[7]/C  (IS_INVERTED)
  -------------------------------------------------------------------    -------------------
    SLICE_X8Y85          FDRE (Prop_fdre_C_Q)         0.524    25.900 r  u_capture/wr_data_reg[7]/Q
                         net (fo=19, routed)          4.560    30.460    u_bram/u_bram/U0/inst_blk_mem_gen/gnbram.gnativebmg.native_blk_mem_gen/valid.cstr/ramloop[5].ram.r/prim_noinit.ram/dina[4]
    RAMB36_X2Y9          RAMB36E1                                     r  u_bram/u_bram/U0/inst_blk_mem_gen/gnbram.gnativebmg.native_blk_mem_gen/valid.cstr/ramloop[5].ram.r/prim_noinit.ram/DEVICE_7SERIES.NO_BMM_INFO.TRUE_DP.SIMPLE_PRIM36.ram/DIADI[4]
  -------------------------------------------------------------------    -------------------

                         (clock cam_pclk rise edge)
                                                     40.000    40.000 r  
    A16                                               0.000    40.000 r  cam_pclk (IN)
                         net (fo=0)                   0.000    40.000    cam_pclk
    A16                  IBUF (Prop_ibuf_I_O)         1.387    41.387 r  cam_pclk_IBUF_inst/O
                         net (fo=1, routed)           2.155    43.542    cam_pclk_IBUF
    BUFGCTRL_X0Y16       BUFG (Prop_bufg_I_O)         0.091    43.633 r  cam_pclk_IBUF_BUFG_inst/O
                         net (fo=88, routed)          1.494    45.126    u_bram/u_bram/U0/inst_blk_mem_gen/gnbram.gnativebmg.native_blk_mem_gen/valid.cstr/ramloop[5].ram.r/prim_noinit.ram/clka
    RAMB36_X2Y9          RAMB36E1                                     r  u_bram/u_bram/U0/inst_blk_mem_gen/gnbram.gnativebmg.native_blk_mem_gen/valid.cstr/ramloop[5].ram.r/prim_noinit.ram/DEVICE_7SERIES.NO_BMM_INFO.TRUE_DP.SIMPLE_PRIM36.ram/CLKARDCLK
                         clock pessimism              0.194    45.320    
                         clock uncertainty           -0.035    45.285    
    RAMB36_X2Y9          RAMB36E1 (Setup_ramb36e1_CLKARDCLK_DIADI[4])
                                                     -0.737    44.548    u_bram/u_bram/U0/inst_blk_mem_gen/gnbram.gnativebmg.native_blk_mem_gen/valid.cstr/ramloop[5].ram.r/prim_noinit.ram/DEVICE_7SERIES.NO_BMM_INFO.TRUE_DP.SIMPLE_PRIM36.ram
  -------------------------------------------------------------------
                         required time                         44.548    
                         arrival time                         -30.460    
  -------------------------------------------------------------------
                         slack                                 14.088    





Min Delay Paths
--------------------------------------------------------------------------------------
Slack (MET) :             0.213ns  (arrival time - required time)
  Source:                 u_capture/h_cnt_reg[0]/C
                            (falling edge-triggered cell FDRE clocked by cam_pclk  {rise@0.000ns fall@20.000ns period=40.000ns})
  Destination:            u_capture/h_cnt_reg[5]/D
                            (falling edge-triggered cell FDRE clocked by cam_pclk  {rise@0.000ns fall@20.000ns period=40.000ns})
  Path Group:             cam_pclk
  Path Type:              Hold (Min at Fast Process Corner)
  Requirement:            0.000ns  (cam_pclk fall@20.000ns - cam_pclk fall@20.000ns)
  Data Path Delay:        0.326ns  (logic 0.191ns (58.522%)  route 0.135ns (41.478%))
  Logic Levels:           1  (LUT6=1)
  Clock Path Skew:        0.014ns (DCD - SCD - CPR)
    Destination Clock Delay (DCD):    2.124ns = ( 22.124 - 20.000 ) 
    Source Clock Delay      (SCD):    1.603ns = ( 21.603 - 20.000 ) 
    Clock Pessimism Removal (CPR):    0.507ns

    Location             Delay type                Incr(ns)  Path(ns)    Netlist Resource(s)
  -------------------------------------------------------------------    -------------------
                         (clock cam_pclk fall edge)
                                                     20.000    20.000 f  
    A16                                               0.000    20.000 f  cam_pclk (IN)
                         net (fo=0)                   0.000    20.000    cam_pclk
    A16                  IBUF (Prop_ibuf_I_O)         0.225    20.225 f  cam_pclk_IBUF_inst/O
                         net (fo=1, routed)           0.802    21.027    cam_pclk_IBUF
    BUFGCTRL_X0Y16       BUFG (Prop_bufg_I_O)         0.026    21.053 f  cam_pclk_IBUF_BUFG_inst/O
                         net (fo=88, routed)          0.551    21.603    u_capture/CLK
    SLICE_X31Y80         FDRE                                         r  u_capture/h_cnt_reg[0]/C  (IS_INVERTED)
  -------------------------------------------------------------------    -------------------
    SLICE_X31Y80         FDRE (Prop_fdre_C_Q)         0.146    21.749 r  u_capture/h_cnt_reg[0]/Q
                         net (fo=8, routed)           0.135    21.885    u_capture/h_cnt_reg__0[0]
    SLICE_X33Y80         LUT6 (Prop_lut6_I2_O)        0.045    21.930 r  u_capture/h_cnt[5]_i_1/O
                         net (fo=1, routed)           0.000    21.930    u_capture/p_0_in__1[5]
    SLICE_X33Y80         FDRE                                         r  u_capture/h_cnt_reg[5]/D
  -------------------------------------------------------------------    -------------------

                         (clock cam_pclk fall edge)
                                                     20.000    20.000 f  
    A16                                               0.000    20.000 f  cam_pclk (IN)
                         net (fo=0)                   0.000    20.000    cam_pclk
    A16                  IBUF (Prop_ibuf_I_O)         0.413    20.413 f  cam_pclk_IBUF_inst/O
                         net (fo=1, routed)           0.865    21.277    cam_pclk_IBUF
    BUFGCTRL_X0Y16       BUFG (Prop_bufg_I_O)         0.029    21.306 f  cam_pclk_IBUF_BUFG_inst/O
                         net (fo=88, routed)          0.817    22.124    u_capture/CLK
    SLICE_X33Y80         FDRE                                         r  u_capture/h_cnt_reg[5]/C  (IS_INVERTED)
                         clock pessimism             -0.507    21.617    
    SLICE_X33Y80         FDRE (Hold_fdre_C_D)         0.099    21.716    u_capture/h_cnt_reg[5]
  -------------------------------------------------------------------
                         required time                        -21.716    
                         arrival time                          21.930    
  -------------------------------------------------------------------
                         slack                                  0.213    

Slack (MET) :             0.232ns  (arrival time - required time)
  Source:                 u_capture/h_cnt_reg[8]/C
                            (falling edge-triggered cell FDRE clocked by cam_pclk  {rise@0.000ns fall@20.000ns period=40.000ns})
  Destination:            u_capture/h_cnt_reg[9]/D
                            (falling edge-triggered cell FDRE clocked by cam_pclk  {rise@0.000ns fall@20.000ns period=40.000ns})
  Path Group:             cam_pclk
  Path Type:              Hold (Min at Fast Process Corner)
  Requirement:            0.000ns  (cam_pclk fall@20.000ns - cam_pclk fall@20.000ns)
  Data Path Delay:        0.331ns  (logic 0.232ns (70.025%)  route 0.099ns (29.975%))
  Logic Levels:           1  (LUT6=1)
  Clock Path Skew:        0.000ns (DCD - SCD - CPR)
    Destination Clock Delay (DCD):    2.123ns = ( 22.123 - 20.000 ) 
    Source Clock Delay      (SCD):    1.602ns = ( 21.602 - 20.000 ) 
    Clock Pessimism Removal (CPR):    0.521ns

    Location             Delay type                Incr(ns)  Path(ns)    Netlist Resource(s)
  -------------------------------------------------------------------    -------------------
                         (clock cam_pclk fall edge)
                                                     20.000    20.000 f  
    A16                                               0.000    20.000 f  cam_pclk (IN)
                         net (fo=0)                   0.000    20.000    cam_pclk
    A16                  IBUF (Prop_ibuf_I_O)         0.225    20.225 f  cam_pclk_IBUF_inst/O
                         net (fo=1, routed)           0.802    21.027    cam_pclk_IBUF
    BUFGCTRL_X0Y16       BUFG (Prop_bufg_I_O)         0.026    21.053 f  cam_pclk_IBUF_BUFG_inst/O
                         net (fo=88, routed)          0.550    21.602    u_capture/CLK
    SLICE_X33Y79         FDRE                                         r  u_capture/h_cnt_reg[8]/C  (IS_INVERTED)
  -------------------------------------------------------------------    -------------------
    SLICE_X33Y79         FDRE (Prop_fdre_C_Q)         0.133    21.735 r  u_capture/h_cnt_reg[8]/Q
                         net (fo=5, routed)           0.099    21.835    u_capture/h_cnt_reg__0[8]
    SLICE_X33Y79         LUT6 (Prop_lut6_I5_O)        0.099    21.934 r  u_capture/h_cnt[9]_i_2/O
                         net (fo=1, routed)           0.000    21.934    u_capture/p_0_in__1[9]
    SLICE_X33Y79         FDRE                                         r  u_capture/h_cnt_reg[9]/D
  -------------------------------------------------------------------    -------------------

                         (clock cam_pclk fall edge)
                                                     20.000    20.000 f  
    A16                                               0.000    20.000 f  cam_pclk (IN)
                         net (fo=0)                   0.000    20.000    cam_pclk
    A16                  IBUF (Prop_ibuf_I_O)         0.413    20.413 f  cam_pclk_IBUF_inst/O
                         net (fo=1, routed)           0.865    21.277    cam_pclk_IBUF
    BUFGCTRL_X0Y16       BUFG (Prop_bufg_I_O)         0.029    21.306 f  cam_pclk_IBUF_BUFG_inst/O
                         net (fo=88, routed)          0.817    22.123    u_capture/CLK
    SLICE_X33Y79         FDRE                                         r  u_capture/h_cnt_reg[9]/C  (IS_INVERTED)
                         clock pessimism             -0.521    21.602    
    SLICE_X33Y79         FDRE (Hold_fdre_C_D)         0.099    21.701    u_capture/h_cnt_reg[9]
  -------------------------------------------------------------------
                         required time                        -21.701    
                         arrival time                          21.934    
  -------------------------------------------------------------------
                         slack                                  0.232    

Slack (MET) :             0.241ns  (arrival time - required time)
  Source:                 u_capture/h_cnt_reg[3]/C
                            (falling edge-triggered cell FDRE clocked by cam_pclk  {rise@0.000ns fall@20.000ns period=40.000ns})
  Destination:            u_capture/wr_addr_reg[2]/D
                            (falling edge-triggered cell FDRE clocked by cam_pclk  {rise@0.000ns fall@20.000ns period=40.000ns})
  Path Group:             cam_pclk
  Path Type:              Hold (Min at Fast Process Corner)
  Requirement:            0.000ns  (cam_pclk fall@20.000ns - cam_pclk fall@20.000ns)
  Data Path Delay:        0.279ns  (logic 0.133ns (47.709%)  route 0.146ns (52.291%))
  Logic Levels:           0  
  Clock Path Skew:        0.015ns (DCD - SCD - CPR)
    Destination Clock Delay (DCD):    2.125ns = ( 22.125 - 20.000 ) 
    Source Clock Delay      (SCD):    1.603ns = ( 21.603 - 20.000 ) 
    Clock Pessimism Removal (CPR):    0.507ns

    Location             Delay type                Incr(ns)  Path(ns)    Netlist Resource(s)
  -------------------------------------------------------------------    -------------------
                         (clock cam_pclk fall edge)
                                                     20.000    20.000 f  
    A16                                               0.000    20.000 f  cam_pclk (IN)
                         net (fo=0)                   0.000    20.000    cam_pclk
    A16                  IBUF (Prop_ibuf_I_O)         0.225    20.225 f  cam_pclk_IBUF_inst/O
                         net (fo=1, routed)           0.802    21.027    cam_pclk_IBUF
    BUFGCTRL_X0Y16       BUFG (Prop_bufg_I_O)         0.026    21.053 f  cam_pclk_IBUF_BUFG_inst/O
                         net (fo=88, routed)          0.551    21.603    u_capture/CLK
    SLICE_X33Y80         FDRE                                         r  u_capture/h_cnt_reg[3]/C  (IS_INVERTED)
  -------------------------------------------------------------------    -------------------
    SLICE_X33Y80         FDRE (Prop_fdre_C_Q)         0.133    21.736 r  u_capture/h_cnt_reg[3]/Q
                         net (fo=5, routed)           0.146    21.882    u_capture/h_cnt_reg[3]
    SLICE_X33Y81         FDRE                                         r  u_capture/wr_addr_reg[2]/D
  -------------------------------------------------------------------    -------------------

                         (clock cam_pclk fall edge)
                                                     20.000    20.000 f  
    A16                                               0.000    20.000 f  cam_pclk (IN)
                         net (fo=0)                   0.000    20.000    cam_pclk
    A16                  IBUF (Prop_ibuf_I_O)         0.413    20.413 f  cam_pclk_IBUF_inst/O
                         net (fo=1, routed)           0.865    21.277    cam_pclk_IBUF
    BUFGCTRL_X0Y16       BUFG (Prop_bufg_I_O)         0.029    21.306 f  cam_pclk_IBUF_BUFG_inst/O
                         net (fo=88, routed)          0.818    22.125    u_capture/CLK
    SLICE_X33Y81         FDRE                                         r  u_capture/wr_addr_reg[2]/C  (IS_INVERTED)
                         clock pessimism             -0.507    21.618    
    SLICE_X33Y81         FDRE (Hold_fdre_C_D)         0.023    21.641    u_capture/wr_addr_reg[2]
  -------------------------------------------------------------------
                         required time                        -21.641    
                         arrival time                          21.882    
  -------------------------------------------------------------------
                         slack                                  0.241    

Slack (MET) :             0.247ns  (arrival time - required time)
  Source:                 cam_rst_sync1_reg/C
                            (rising edge-triggered cell FDRE clocked by cam_pclk  {rise@0.000ns fall@20.000ns period=40.000ns})
  Destination:            cam_rst_reg/D
                            (rising edge-triggered cell FDRE clocked by cam_pclk  {rise@0.000ns fall@20.000ns period=40.000ns})
  Path Group:             cam_pclk
  Path Type:              Hold (Min at Fast Process Corner)
  Requirement:            0.000ns  (cam_pclk rise@0.000ns - cam_pclk rise@0.000ns)
  Data Path Delay:        0.317ns  (logic 0.141ns (44.418%)  route 0.176ns (55.581%))
  Logic Levels:           0  
  Clock Path Skew:        0.000ns (DCD - SCD - CPR)
    Destination Clock Delay (DCD):    2.125ns
    Source Clock Delay      (SCD):    1.604ns
    Clock Pessimism Removal (CPR):    0.521ns

    Location             Delay type                Incr(ns)  Path(ns)    Netlist Resource(s)
  -------------------------------------------------------------------    -------------------
                         (clock cam_pclk rise edge)
                                                      0.000     0.000 r  
    A16                                               0.000     0.000 r  cam_pclk (IN)
                         net (fo=0)                   0.000     0.000    cam_pclk
    A16                  IBUF (Prop_ibuf_I_O)         0.225     0.225 r  cam_pclk_IBUF_inst/O
                         net (fo=1, routed)           0.802     1.027    cam_pclk_IBUF
    BUFGCTRL_X0Y16       BUFG (Prop_bufg_I_O)         0.026     1.053 r  cam_pclk_IBUF_BUFG_inst/O
                         net (fo=88, routed)          0.552     1.604    cam_pclk_IBUF_BUFG
    SLICE_X31Y81         FDRE                                         r  cam_rst_sync1_reg/C
  -------------------------------------------------------------------    -------------------
    SLICE_X31Y81         FDRE (Prop_fdre_C_Q)         0.141     1.745 r  cam_rst_sync1_reg/Q
                         net (fo=1, routed)           0.176     1.922    cam_rst_sync1
    SLICE_X31Y81         FDRE                                         r  cam_rst_reg/D
  -------------------------------------------------------------------    -------------------

                         (clock cam_pclk rise edge)
                                                      0.000     0.000 r  
    A16                                               0.000     0.000 r  cam_pclk (IN)
                         net (fo=0)                   0.000     0.000    cam_pclk
    A16                  IBUF (Prop_ibuf_I_O)         0.413     0.413 r  cam_pclk_IBUF_inst/O
                         net (fo=1, routed)           0.865     1.277    cam_pclk_IBUF
    BUFGCTRL_X0Y16       BUFG (Prop_bufg_I_O)         0.029     1.306 r  cam_pclk_IBUF_BUFG_inst/O
                         net (fo=88, routed)          0.818     2.125    cam_pclk_IBUF_BUFG
    SLICE_X31Y81         FDRE                                         r  cam_rst_reg/C
                         clock pessimism             -0.521     1.604    
    SLICE_X31Y81         FDRE (Hold_fdre_C_D)         0.070     1.674    cam_rst_reg
  -------------------------------------------------------------------
                         required time                         -1.674    
                         arrival time                           1.922    
  -------------------------------------------------------------------
                         slack                                  0.247    

Slack (MET) :             0.249ns  (arrival time - required time)
  Source:                 u_capture/h_cnt_reg[2]/C
                            (falling edge-triggered cell FDRE clocked by cam_pclk  {rise@0.000ns fall@20.000ns period=40.000ns})
  Destination:            u_capture/wr_addr_reg[1]/D
                            (falling edge-triggered cell FDRE clocked by cam_pclk  {rise@0.000ns fall@20.000ns period=40.000ns})
  Path Group:             cam_pclk
  Path Type:              Hold (Min at Fast Process Corner)
  Requirement:            0.000ns  (cam_pclk fall@20.000ns - cam_pclk fall@20.000ns)
  Data Path Delay:        0.337ns  (logic 0.146ns (43.324%)  route 0.191ns (56.676%))
  Logic Levels:           0  
  Clock Path Skew:        0.015ns (DCD - SCD - CPR)
    Destination Clock Delay (DCD):    2.125ns = ( 22.125 - 20.000 ) 
    Source Clock Delay      (SCD):    1.603ns = ( 21.603 - 20.000 ) 
    Clock Pessimism Removal (CPR):    0.507ns

    Location             Delay type                Incr(ns)  Path(ns)    Netlist Resource(s)
  -------------------------------------------------------------------    -------------------
                         (clock cam_pclk fall edge)
                                                     20.000    20.000 f  
    A16                                               0.000    20.000 f  cam_pclk (IN)
                         net (fo=0)                   0.000    20.000    cam_pclk
    A16                  IBUF (Prop_ibuf_I_O)         0.225    20.225 f  cam_pclk_IBUF_inst/O
                         net (fo=1, routed)           0.802    21.027    cam_pclk_IBUF
    BUFGCTRL_X0Y16       BUFG (Prop_bufg_I_O)         0.026    21.053 f  cam_pclk_IBUF_BUFG_inst/O
                         net (fo=88, routed)          0.551    21.603    u_capture/CLK
    SLICE_X33Y80         FDRE                                         r  u_capture/h_cnt_reg[2]/C  (IS_INVERTED)
  -------------------------------------------------------------------    -------------------
    SLICE_X33Y80         FDRE (Prop_fdre_C_Q)         0.146    21.749 r  u_capture/h_cnt_reg[2]/Q
                         net (fo=6, routed)           0.191    21.940    u_capture/h_cnt_reg[2]
    SLICE_X33Y81         FDRE                                         r  u_capture/wr_addr_reg[1]/D
  -------------------------------------------------------------------    -------------------

                         (clock cam_pclk fall edge)
                                                     20.000    20.000 f  
    A16                                               0.000    20.000 f  cam_pclk (IN)
                         net (fo=0)                   0.000    20.000    cam_pclk
    A16                  IBUF (Prop_ibuf_I_O)         0.413    20.413 f  cam_pclk_IBUF_inst/O
                         net (fo=1, routed)           0.865    21.277    cam_pclk_IBUF
    BUFGCTRL_X0Y16       BUFG (Prop_bufg_I_O)         0.029    21.306 f  cam_pclk_IBUF_BUFG_inst/O
                         net (fo=88, routed)          0.818    22.125    u_capture/CLK
    SLICE_X33Y81         FDRE                                         r  u_capture/wr_addr_reg[1]/C  (IS_INVERTED)
                         clock pessimism             -0.507    21.618    
    SLICE_X33Y81         FDRE (Hold_fdre_C_D)         0.073    21.691    u_capture/wr_addr_reg[1]
  -------------------------------------------------------------------
                         required time                        -21.691    
                         arrival time                          21.940    
  -------------------------------------------------------------------
                         slack                                  0.249    

Slack (MET) :             0.253ns  (arrival time - required time)
  Source:                 u_capture/v_cnt_reg[7]/C
                            (falling edge-triggered cell FDRE clocked by cam_pclk  {rise@0.000ns fall@20.000ns period=40.000ns})
  Destination:            u_capture/v_cnt_reg[8]/D
                            (falling edge-triggered cell FDRE clocked by cam_pclk  {rise@0.000ns fall@20.000ns period=40.000ns})
  Path Group:             cam_pclk
  Path Type:              Hold (Min at Fast Process Corner)
  Requirement:            0.000ns  (cam_pclk fall@20.000ns - cam_pclk fall@20.000ns)
  Data Path Delay:        0.367ns  (logic 0.188ns (51.169%)  route 0.179ns (48.830%))
  Logic Levels:           1  (LUT5=1)
  Clock Path Skew:        0.000ns (DCD - SCD - CPR)
    Destination Clock Delay (DCD):    2.122ns = ( 22.122 - 20.000 ) 
    Source Clock Delay      (SCD):    1.601ns = ( 21.601 - 20.000 ) 
    Clock Pessimism Removal (CPR):    0.521ns

    Location             Delay type                Incr(ns)  Path(ns)    Netlist Resource(s)
  -------------------------------------------------------------------    -------------------
                         (clock cam_pclk fall edge)
                                                     20.000    20.000 f  
    A16                                               0.000    20.000 f  cam_pclk (IN)
                         net (fo=0)                   0.000    20.000    cam_pclk
    A16                  IBUF (Prop_ibuf_I_O)         0.225    20.225 f  cam_pclk_IBUF_inst/O
                         net (fo=1, routed)           0.802    21.027    cam_pclk_IBUF
    BUFGCTRL_X0Y16       BUFG (Prop_bufg_I_O)         0.026    21.053 f  cam_pclk_IBUF_BUFG_inst/O
                         net (fo=88, routed)          0.549    21.601    u_capture/CLK
    SLICE_X33Y78         FDRE                                         r  u_capture/v_cnt_reg[7]/C  (IS_INVERTED)
  -------------------------------------------------------------------    -------------------
    SLICE_X33Y78         FDRE (Prop_fdre_C_Q)         0.146    21.747 r  u_capture/v_cnt_reg[7]/Q
                         net (fo=9, routed)           0.179    21.927    u_capture/p_0_in_0[6]
    SLICE_X33Y78         LUT5 (Prop_lut5_I4_O)        0.042    21.969 r  u_capture/v_cnt[8]_i_1/O
                         net (fo=1, routed)           0.000    21.969    u_capture/p_0_in[8]
    SLICE_X33Y78         FDRE                                         r  u_capture/v_cnt_reg[8]/D
  -------------------------------------------------------------------    -------------------

                         (clock cam_pclk fall edge)
                                                     20.000    20.000 f  
    A16                                               0.000    20.000 f  cam_pclk (IN)
                         net (fo=0)                   0.000    20.000    cam_pclk
    A16                  IBUF (Prop_ibuf_I_O)         0.413    20.413 f  cam_pclk_IBUF_inst/O
                         net (fo=1, routed)           0.865    21.277    cam_pclk_IBUF
    BUFGCTRL_X0Y16       BUFG (Prop_bufg_I_O)         0.029    21.306 f  cam_pclk_IBUF_BUFG_inst/O
                         net (fo=88, routed)          0.816    22.122    u_capture/CLK
    SLICE_X33Y78         FDRE                                         r  u_capture/v_cnt_reg[8]/C  (IS_INVERTED)
                         clock pessimism             -0.521    21.601    
    SLICE_X33Y78         FDRE (Hold_fdre_C_D)         0.114    21.715    u_capture/v_cnt_reg[8]
  -------------------------------------------------------------------
                         required time                        -21.715    
                         arrival time                          21.969    
  -------------------------------------------------------------------
                         slack                                  0.253    

Slack (MET) :             0.262ns  (arrival time - required time)
  Source:                 u_capture/h_cnt_reg[6]/C
                            (falling edge-triggered cell FDRE clocked by cam_pclk  {rise@0.000ns fall@20.000ns period=40.000ns})
  Destination:            u_capture/h_cnt_reg[6]/D
                            (falling edge-triggered cell FDRE clocked by cam_pclk  {rise@0.000ns fall@20.000ns period=40.000ns})
  Path Group:             cam_pclk
  Path Type:              Hold (Min at Fast Process Corner)
  Requirement:            0.000ns  (cam_pclk fall@20.000ns - cam_pclk fall@20.000ns)
  Data Path Delay:        0.361ns  (logic 0.191ns (52.873%)  route 0.170ns (47.126%))
  Logic Levels:           1  (LUT3=1)
  Clock Path Skew:        0.000ns (DCD - SCD - CPR)
    Destination Clock Delay (DCD):    2.124ns = ( 22.124 - 20.000 ) 
    Source Clock Delay      (SCD):    1.603ns = ( 21.603 - 20.000 ) 
    Clock Pessimism Removal (CPR):    0.521ns

    Location             Delay type                Incr(ns)  Path(ns)    Netlist Resource(s)
  -------------------------------------------------------------------    -------------------
                         (clock cam_pclk fall edge)
                                                     20.000    20.000 f  
    A16                                               0.000    20.000 f  cam_pclk (IN)
                         net (fo=0)                   0.000    20.000    cam_pclk
    A16                  IBUF (Prop_ibuf_I_O)         0.225    20.225 f  cam_pclk_IBUF_inst/O
                         net (fo=1, routed)           0.802    21.027    cam_pclk_IBUF
    BUFGCTRL_X0Y16       BUFG (Prop_bufg_I_O)         0.026    21.053 f  cam_pclk_IBUF_BUFG_inst/O
                         net (fo=88, routed)          0.551    21.603    u_capture/CLK
    SLICE_X33Y80         FDRE                                         r  u_capture/h_cnt_reg[6]/C  (IS_INVERTED)
  -------------------------------------------------------------------    -------------------
    SLICE_X33Y80         FDRE (Prop_fdre_C_Q)         0.146    21.749 r  u_capture/h_cnt_reg[6]/Q
                         net (fo=5, routed)           0.170    21.920    u_capture/h_cnt_reg__0[6]
    SLICE_X33Y80         LUT3 (Prop_lut3_I0_O)        0.045    21.965 r  u_capture/h_cnt[6]_i_1/O
                         net (fo=1, routed)           0.000    21.965    u_capture/p_0_in__1[6]
    SLICE_X33Y80         FDRE                                         r  u_capture/h_cnt_reg[6]/D
  -------------------------------------------------------------------    -------------------

                         (clock cam_pclk fall edge)
                                                     20.000    20.000 f  
    A16                                               0.000    20.000 f  cam_pclk (IN)
                         net (fo=0)                   0.000    20.000    cam_pclk
    A16                  IBUF (Prop_ibuf_I_O)         0.413    20.413 f  cam_pclk_IBUF_inst/O
                         net (fo=1, routed)           0.865    21.277    cam_pclk_IBUF
    BUFGCTRL_X0Y16       BUFG (Prop_bufg_I_O)         0.029    21.306 f  cam_pclk_IBUF_BUFG_inst/O
                         net (fo=88, routed)          0.817    22.124    u_capture/CLK
    SLICE_X33Y80         FDRE                                         r  u_capture/h_cnt_reg[6]/C  (IS_INVERTED)
                         clock pessimism             -0.521    21.603    
    SLICE_X33Y80         FDRE (Hold_fdre_C_D)         0.099    21.702    u_capture/h_cnt_reg[6]
  -------------------------------------------------------------------
                         required time                        -21.702    
                         arrival time                          21.965    
  -------------------------------------------------------------------
                         slack                                  0.262    

Slack (MET) :             0.263ns  (arrival time - required time)
  Source:                 frame_done_toggle_reg/C
                            (rising edge-triggered cell FDRE clocked by cam_pclk  {rise@0.000ns fall@20.000ns period=40.000ns})
  Destination:            frame_done_toggle_reg/D
                            (rising edge-triggered cell FDRE clocked by cam_pclk  {rise@0.000ns fall@20.000ns period=40.000ns})
  Path Group:             cam_pclk
  Path Type:              Hold (Min at Fast Process Corner)
  Requirement:            0.000ns  (cam_pclk rise@0.000ns - cam_pclk rise@0.000ns)
  Data Path Delay:        0.354ns  (logic 0.186ns (52.498%)  route 0.168ns (47.502%))
  Logic Levels:           1  (LUT3=1)
  Clock Path Skew:        0.000ns (DCD - SCD - CPR)
    Destination Clock Delay (DCD):    2.119ns
    Source Clock Delay      (SCD):    1.599ns
    Clock Pessimism Removal (CPR):    0.520ns

    Location             Delay type                Incr(ns)  Path(ns)    Netlist Resource(s)
  -------------------------------------------------------------------    -------------------
                         (clock cam_pclk rise edge)
                                                      0.000     0.000 r  
    A16                                               0.000     0.000 r  cam_pclk (IN)
                         net (fo=0)                   0.000     0.000    cam_pclk
    A16                  IBUF (Prop_ibuf_I_O)         0.225     0.225 r  cam_pclk_IBUF_inst/O
                         net (fo=1, routed)           0.802     1.027    cam_pclk_IBUF
    BUFGCTRL_X0Y16       BUFG (Prop_bufg_I_O)         0.026     1.053 r  cam_pclk_IBUF_BUFG_inst/O
                         net (fo=88, routed)          0.547     1.599    cam_pclk_IBUF_BUFG
    SLICE_X33Y76         FDRE                                         r  frame_done_toggle_reg/C
  -------------------------------------------------------------------    -------------------
    SLICE_X33Y76         FDRE (Prop_fdre_C_Q)         0.141     1.740 r  frame_done_toggle_reg/Q
                         net (fo=2, routed)           0.168     1.909    u_capture/D[0]
    SLICE_X33Y76         LUT3 (Prop_lut3_I0_O)        0.045     1.954 r  u_capture/frame_done_toggle_i_1/O
                         net (fo=1, routed)           0.000     1.954    u_capture_n_1
    SLICE_X33Y76         FDRE                                         r  frame_done_toggle_reg/D
  -------------------------------------------------------------------    -------------------

                         (clock cam_pclk rise edge)
                                                      0.000     0.000 r  
    A16                                               0.000     0.000 r  cam_pclk (IN)
                         net (fo=0)                   0.000     0.000    cam_pclk
    A16                  IBUF (Prop_ibuf_I_O)         0.413     0.413 r  cam_pclk_IBUF_inst/O
                         net (fo=1, routed)           0.865     1.277    cam_pclk_IBUF
    BUFGCTRL_X0Y16       BUFG (Prop_bufg_I_O)         0.029     1.306 r  cam_pclk_IBUF_BUFG_inst/O
                         net (fo=88, routed)          0.812     2.119    cam_pclk_IBUF_BUFG
    SLICE_X33Y76         FDRE                                         r  frame_done_toggle_reg/C
                         clock pessimism             -0.520     1.599    
    SLICE_X33Y76         FDRE (Hold_fdre_C_D)         0.091     1.690    frame_done_toggle_reg
  -------------------------------------------------------------------
                         required time                         -1.690    
                         arrival time                           1.954    
  -------------------------------------------------------------------
                         slack                                  0.263    

Slack (MET) :             0.272ns  (arrival time - required time)
  Source:                 u_capture/v_cnt_reg[7]/C
                            (falling edge-triggered cell FDRE clocked by cam_pclk  {rise@0.000ns fall@20.000ns period=40.000ns})
  Destination:            u_capture/v_cnt_reg[7]/D
                            (falling edge-triggered cell FDRE clocked by cam_pclk  {rise@0.000ns fall@20.000ns period=40.000ns})
  Path Group:             cam_pclk
  Path Type:              Hold (Min at Fast Process Corner)
  Requirement:            0.000ns  (cam_pclk fall@20.000ns - cam_pclk fall@20.000ns)
  Data Path Delay:        0.370ns  (logic 0.191ns (51.565%)  route 0.179ns (48.435%))
  Logic Levels:           1  (LUT4=1)
  Clock Path Skew:        0.000ns (DCD - SCD - CPR)
    Destination Clock Delay (DCD):    2.122ns = ( 22.122 - 20.000 ) 
    Source Clock Delay      (SCD):    1.601ns = ( 21.601 - 20.000 ) 
    Clock Pessimism Removal (CPR):    0.521ns

    Location             Delay type                Incr(ns)  Path(ns)    Netlist Resource(s)
  -------------------------------------------------------------------    -------------------
                         (clock cam_pclk fall edge)
                                                     20.000    20.000 f  
    A16                                               0.000    20.000 f  cam_pclk (IN)
                         net (fo=0)                   0.000    20.000    cam_pclk
    A16                  IBUF (Prop_ibuf_I_O)         0.225    20.225 f  cam_pclk_IBUF_inst/O
                         net (fo=1, routed)           0.802    21.027    cam_pclk_IBUF
    BUFGCTRL_X0Y16       BUFG (Prop_bufg_I_O)         0.026    21.053 f  cam_pclk_IBUF_BUFG_inst/O
                         net (fo=88, routed)          0.549    21.601    u_capture/CLK
    SLICE_X33Y78         FDRE                                         r  u_capture/v_cnt_reg[7]/C  (IS_INVERTED)
  -------------------------------------------------------------------    -------------------
    SLICE_X33Y78         FDRE (Prop_fdre_C_Q)         0.146    21.747 r  u_capture/v_cnt_reg[7]/Q
                         net (fo=9, routed)           0.179    21.927    u_capture/p_0_in_0[6]
    SLICE_X33Y78         LUT4 (Prop_lut4_I0_O)        0.045    21.972 r  u_capture/v_cnt[7]_i_1/O
                         net (fo=1, routed)           0.000    21.972    u_capture/p_0_in[7]
    SLICE_X33Y78         FDRE                                         r  u_capture/v_cnt_reg[7]/D
  -------------------------------------------------------------------    -------------------

                         (clock cam_pclk fall edge)
                                                     20.000    20.000 f  
    A16                                               0.000    20.000 f  cam_pclk (IN)
                         net (fo=0)                   0.000    20.000    cam_pclk
    A16                  IBUF (Prop_ibuf_I_O)         0.413    20.413 f  cam_pclk_IBUF_inst/O
                         net (fo=1, routed)           0.865    21.277    cam_pclk_IBUF
    BUFGCTRL_X0Y16       BUFG (Prop_bufg_I_O)         0.029    21.306 f  cam_pclk_IBUF_BUFG_inst/O
                         net (fo=88, routed)          0.816    22.122    u_capture/CLK
    SLICE_X33Y78         FDRE                                         r  u_capture/v_cnt_reg[7]/C  (IS_INVERTED)
                         clock pessimism             -0.521    21.601    
    SLICE_X33Y78         FDRE (Hold_fdre_C_D)         0.098    21.699    u_capture/v_cnt_reg[7]
  -------------------------------------------------------------------
                         required time                        -21.699    
                         arrival time                          21.972    
  -------------------------------------------------------------------
                         slack                                  0.272    

Slack (MET) :             0.273ns  (arrival time - required time)
  Source:                 u_capture/v_cnt_reg[7]/C
                            (falling edge-triggered cell FDRE clocked by cam_pclk  {rise@0.000ns fall@20.000ns period=40.000ns})
  Destination:            u_capture/v_cnt_reg[9]/D
                            (falling edge-triggered cell FDRE clocked by cam_pclk  {rise@0.000ns fall@20.000ns period=40.000ns})
  Path Group:             cam_pclk
  Path Type:              Hold (Min at Fast Process Corner)
  Requirement:            0.000ns  (cam_pclk fall@20.000ns - cam_pclk fall@20.000ns)
  Data Path Delay:        0.372ns  (logic 0.191ns (51.288%)  route 0.181ns (48.712%))
  Logic Levels:           1  (LUT6=1)
  Clock Path Skew:        0.000ns (DCD - SCD - CPR)
    Destination Clock Delay (DCD):    2.122ns = ( 22.122 - 20.000 ) 
    Source Clock Delay      (SCD):    1.601ns = ( 21.601 - 20.000 ) 
    Clock Pessimism Removal (CPR):    0.521ns

    Location             Delay type                Incr(ns)  Path(ns)    Netlist Resource(s)
  -------------------------------------------------------------------    -------------------
                         (clock cam_pclk fall edge)
                                                     20.000    20.000 f  
    A16                                               0.000    20.000 f  cam_pclk (IN)
                         net (fo=0)                   0.000    20.000    cam_pclk
    A16                  IBUF (Prop_ibuf_I_O)         0.225    20.225 f  cam_pclk_IBUF_inst/O
                         net (fo=1, routed)           0.802    21.027    cam_pclk_IBUF
    BUFGCTRL_X0Y16       BUFG (Prop_bufg_I_O)         0.026    21.053 f  cam_pclk_IBUF_BUFG_inst/O
                         net (fo=88, routed)          0.549    21.601    u_capture/CLK
    SLICE_X33Y78         FDRE                                         r  u_capture/v_cnt_reg[7]/C  (IS_INVERTED)
  -------------------------------------------------------------------    -------------------
    SLICE_X33Y78         FDRE (Prop_fdre_C_Q)         0.146    21.747 r  u_capture/v_cnt_reg[7]/Q
                         net (fo=9, routed)           0.181    21.929    u_capture/p_0_in_0[6]
    SLICE_X33Y78         LUT6 (Prop_lut6_I1_O)        0.045    21.974 r  u_capture/v_cnt[9]_i_2/O
                         net (fo=1, routed)           0.000    21.974    u_capture/p_0_in[9]
    SLICE_X33Y78         FDRE                                         r  u_capture/v_cnt_reg[9]/D
  -------------------------------------------------------------------    -------------------

                         (clock cam_pclk fall edge)
                                                     20.000    20.000 f  
    A16                                               0.000    20.000 f  cam_pclk (IN)
                         net (fo=0)                   0.000    20.000    cam_pclk
    A16                  IBUF (Prop_ibuf_I_O)         0.413    20.413 f  cam_pclk_IBUF_inst/O
                         net (fo=1, routed)           0.865    21.277    cam_pclk_IBUF
    BUFGCTRL_X0Y16       BUFG (Prop_bufg_I_O)         0.029    21.306 f  cam_pclk_IBUF_BUFG_inst/O
                         net (fo=88, routed)          0.816    22.122    u_capture/CLK
    SLICE_X33Y78         FDRE                                         r  u_capture/v_cnt_reg[9]/C  (IS_INVERTED)
                         clock pessimism             -0.521    21.601    
    SLICE_X33Y78         FDRE (Hold_fdre_C_D)         0.099    21.700    u_capture/v_cnt_reg[9]
  -------------------------------------------------------------------
                         required time                        -21.700    
                         arrival time                          21.974    
  -------------------------------------------------------------------
                         slack                                  0.273    





Pulse Width Checks
--------------------------------------------------------------------------------------
Clock Name:         cam_pclk
Waveform(ns):       { 0.000 20.000 }
Period(ns):         40.000
Sources:            { cam_pclk }

Check Type        Corner  Lib Pin             Reference Pin  Required(ns)  Actual(ns)  Slack(ns)  Location      Pin
Min Period        n/a     RAMB36E1/CLKARDCLK  n/a            2.892         40.000      37.108     RAMB36_X1Y12  u_bram/u_bram/U0/inst_blk_mem_gen/gnbram.gnativebmg.native_blk_mem_gen/valid.cstr/ramloop[0].ram.r/prim_noinit.ram/DEVICE_7SERIES.NO_BMM_INFO.TRUE_DP.CASCADED_PRIM36.ram_B/CLKARDCLK
Min Period        n/a     RAMB36E1/CLKARDCLK  n/a            2.892         40.000      37.108     RAMB36_X1Y13  u_bram/u_bram/U0/inst_blk_mem_gen/gnbram.gnativebmg.native_blk_mem_gen/valid.cstr/ramloop[0].ram.r/prim_noinit.ram/DEVICE_7SERIES.NO_BMM_INFO.TRUE_DP.CASCADED_PRIM36.ram_T/CLKARDCLK
Min Period        n/a     RAMB36E1/CLKARDCLK  n/a            2.892         40.000      37.108     RAMB36_X2Y12  u_bram/u_bram/U0/inst_blk_mem_gen/gnbram.gnativebmg.native_blk_mem_gen/valid.cstr/ramloop[2].ram.r/prim_noinit.ram/DEVICE_7SERIES.NO_BMM_INFO.TRUE_DP.CASCADED_PRIM36.ram_B/CLKARDCLK
Min Period        n/a     RAMB36E1/CLKARDCLK  n/a            2.892         40.000      37.108     RAMB36_X2Y13  u_bram/u_bram/U0/inst_blk_mem_gen/gnbram.gnativebmg.native_blk_mem_gen/valid.cstr/ramloop[2].ram.r/prim_noinit.ram/DEVICE_7SERIES.NO_BMM_INFO.TRUE_DP.CASCADED_PRIM36.ram_T/CLKARDCLK
Min Period        n/a     RAMB36E1/CLKARDCLK  n/a            2.892         40.000      37.108     RAMB36_X2Y17  u_bram/u_bram/U0/inst_blk_mem_gen/gnbram.gnativebmg.native_blk_mem_gen/valid.cstr/ramloop[4].ram.r/prim_noinit.ram/DEVICE_7SERIES.NO_BMM_INFO.TRUE_DP.CASCADED_PRIM36.ram_B/CLKARDCLK
Min Period        n/a     RAMB36E1/CLKARDCLK  n/a            2.892         40.000      37.108     RAMB36_X2Y18  u_bram/u_bram/U0/inst_blk_mem_gen/gnbram.gnativebmg.native_blk_mem_gen/valid.cstr/ramloop[4].ram.r/prim_noinit.ram/DEVICE_7SERIES.NO_BMM_INFO.TRUE_DP.CASCADED_PRIM36.ram_T/CLKARDCLK
Min Period        n/a     RAMB36E1/CLKARDCLK  n/a            2.576         40.000      37.424     RAMB36_X2Y11  u_bram/u_bram/U0/inst_blk_mem_gen/gnbram.gnativebmg.native_blk_mem_gen/valid.cstr/ramloop[10].ram.r/prim_noinit.ram/DEVICE_7SERIES.NO_BMM_INFO.TRUE_DP.SIMPLE_PRIM36.ram/CLKARDCLK
Min Period        n/a     RAMB36E1/CLKARDCLK  n/a            2.576         40.000      37.424     RAMB36_X1Y11  u_bram/u_bram/U0/inst_blk_mem_gen/gnbram.gnativebmg.native_blk_mem_gen/valid.cstr/ramloop[11].ram.r/prim_noinit.ram/DEVICE_7SERIES.NO_BMM_INFO.TRUE_DP.SIMPLE_PRIM36.ram/CLKARDCLK
Min Period        n/a     RAMB36E1/CLKARDCLK  n/a            2.576         40.000      37.424     RAMB36_X1Y8   u_bram/u_bram/U0/inst_blk_mem_gen/gnbram.gnativebmg.native_blk_mem_gen/valid.cstr/ramloop[12].ram.r/prim_noinit.ram/DEVICE_7SERIES.NO_BMM_INFO.TRUE_DP.SIMPLE_PRIM36.ram/CLKARDCLK
Min Period        n/a     RAMB36E1/CLKARDCLK  n/a            2.576         40.000      37.424     RAMB36_X2Y15  u_bram/u_bram/U0/inst_blk_mem_gen/gnbram.gnativebmg.native_blk_mem_gen/valid.cstr/ramloop[13].ram.r/prim_noinit.ram/DEVICE_7SERIES.NO_BMM_INFO.TRUE_DP.SIMPLE_PRIM36.ram/CLKARDCLK
Low Pulse Width   Slow    FDRE/C              n/a            0.500         20.000      19.500     SLICE_X31Y81  cam_rst_reg/C
Low Pulse Width   Fast    FDRE/C              n/a            0.500         20.000      19.500     SLICE_X31Y81  cam_rst_reg/C
Low Pulse Width   Slow    FDRE/C              n/a            0.500         20.000      19.500     SLICE_X31Y81  cam_rst_sync1_reg/C
Low Pulse Width   Fast    FDRE/C              n/a            0.500         20.000      19.500     SLICE_X31Y81  cam_rst_sync1_reg/C
Low Pulse Width   Slow    FDRE/C              n/a            0.500         20.000      19.500     SLICE_X33Y76  frame_done_toggle_reg/C
Low Pulse Width   Fast    FDRE/C              n/a            0.500         20.000      19.500     SLICE_X33Y76  frame_done_toggle_reg/C
Low Pulse Width   Slow    FDRE/C              n/a            0.500         20.000      19.500     SLICE_X31Y79  u_capture/byte_cnt_reg/C
Low Pulse Width   Fast    FDRE/C              n/a            0.500         20.000      19.500     SLICE_X31Y79  u_capture/byte_cnt_reg/C
Low Pulse Width   Slow    FDRE/C              n/a            0.500         20.000      19.500     SLICE_X28Y72  u_capture/first_byte_reg[0]/C
Low Pulse Width   Fast    FDRE/C              n/a            0.500         20.000      19.500     SLICE_X28Y72  u_capture/first_byte_reg[0]/C
High Pulse Width  Slow    FDRE/C              n/a            0.500         20.000      19.500     SLICE_X31Y81  cam_rst_reg/C
High Pulse Width  Fast    FDRE/C              n/a            0.500         20.000      19.500     SLICE_X31Y81  cam_rst_reg/C
High Pulse Width  Slow    FDRE/C              n/a            0.500         20.000      19.500     SLICE_X31Y81  cam_rst_sync1_reg/C
High Pulse Width  Fast    FDRE/C              n/a            0.500         20.000      19.500     SLICE_X31Y81  cam_rst_sync1_reg/C
High Pulse Width  Slow    FDRE/C              n/a            0.500         20.000      19.500     SLICE_X33Y76  frame_done_toggle_reg/C
High Pulse Width  Fast    FDRE/C              n/a            0.500         20.000      19.500     SLICE_X33Y76  frame_done_toggle_reg/C
High Pulse Width  Slow    FDRE/C              n/a            0.500         20.000      19.500     SLICE_X31Y79  u_capture/byte_cnt_reg/C
High Pulse Width  Fast    FDRE/C              n/a            0.500         20.000      19.500     SLICE_X31Y79  u_capture/byte_cnt_reg/C
High Pulse Width  Slow    FDRE/C              n/a            0.500         20.000      19.500     SLICE_X28Y72  u_capture/first_byte_reg[0]/C
High Pulse Width  Fast    FDRE/C              n/a            0.500         20.000      19.500     SLICE_X28Y72  u_capture/first_byte_reg[0]/C



---------------------------------------------------------------------------------------------------
From Clock:  sys_clk_100mhz
  To Clock:  sys_clk_100mhz

Setup :            0  Failing Endpoints,  Worst Slack        3.683ns,  Total Violation        0.000ns
Hold  :            0  Failing Endpoints,  Worst Slack        0.166ns,  Total Violation        0.000ns
PW    :            0  Failing Endpoints,  Worst Slack        4.500ns,  Total Violation        0.000ns
---------------------------------------------------------------------------------------------------


Max Delay Paths
--------------------------------------------------------------------------------------
Slack (MET) :             3.683ns  (required time - arrival time)
  Source:                 u_cfg/rom_idx_reg_rep/CLKARDCLK
                            (rising edge-triggered cell RAMB18E1 clocked by sys_clk_100mhz  {rise@0.000ns fall@5.000ns period=10.000ns})
  Destination:            u_cfg/reg_addr_reg[0]/CE
                            (rising edge-triggered cell FDRE clocked by sys_clk_100mhz  {rise@0.000ns fall@5.000ns period=10.000ns})
  Path Group:             sys_clk_100mhz
  Path Type:              Setup (Max at Slow Process Corner)
  Requirement:            10.000ns  (sys_clk_100mhz rise@10.000ns - sys_clk_100mhz rise@0.000ns)
  Data Path Delay:        5.799ns  (logic 2.855ns (49.233%)  route 2.944ns (50.767%))
  Logic Levels:           3  (LUT3=1 LUT4=2)
  Clock Path Skew:        -0.070ns (DCD - SCD + CPR)
    Destination Clock Delay (DCD):    4.950ns = ( 14.950 - 10.000 ) 
    Source Clock Delay      (SCD):    5.301ns
    Clock Pessimism Removal (CPR):    0.280ns
  Clock Uncertainty:      0.035ns  ((TSJ^2 + TIJ^2)^1/2 + DJ) / 2 + PE
    Total System Jitter     (TSJ):    0.071ns
    Total Input Jitter      (TIJ):    0.000ns
    Discrete Jitter          (DJ):    0.000ns
    Phase Error              (PE):    0.000ns

    Location             Delay type                Incr(ns)  Path(ns)    Netlist Resource(s)
  -------------------------------------------------------------------    -------------------
                         (clock sys_clk_100mhz rise edge)
                                                      0.000     0.000 r  
    W5                                                0.000     0.000 r  clk_100mhz (IN)
                         net (fo=0)                   0.000     0.000    clk_100mhz
    W5                   IBUF (Prop_ibuf_I_O)         1.458     1.458 r  clk_100mhz_IBUF_inst/O
                         net (fo=1, routed)           1.967     3.425    clk_100mhz_IBUF
    BUFGCTRL_X0Y1        BUFG (Prop_bufg_I_O)         0.096     3.521 r  clk_100mhz_IBUF_BUFG_inst/O
                         net (fo=101, routed)         1.780     5.301    u_cfg/clk_100mhz
    RAMB18_X0Y54         RAMB18E1                                     r  u_cfg/rom_idx_reg_rep/CLKARDCLK
  -------------------------------------------------------------------    -------------------
    RAMB18_X0Y54         RAMB18E1 (Prop_ramb18e1_CLKARDCLK_DOADO[8])
                                                      2.454     7.755 f  u_cfg/rom_idx_reg_rep/DOADO[8]
                         net (fo=2, routed)           1.024     8.779    u_cfg/rom_idx_reg_rep_n_7
    SLICE_X8Y135         LUT4 (Prop_lut4_I1_O)        0.124     8.903 r  u_cfg/FSM_sequential_state[0]_i_6/O
                         net (fo=1, routed)           0.670     9.573    u_cfg/FSM_sequential_state[0]_i_6_n_0
    SLICE_X8Y135         LUT4 (Prop_lut4_I3_O)        0.124     9.697 r  u_cfg/FSM_sequential_state[0]_i_2/O
                         net (fo=3, routed)           0.679    10.376    u_cfg/FSM_sequential_state[0]_i_2_n_0
    SLICE_X8Y134         LUT3 (Prop_lut3_I0_O)        0.153    10.529 r  u_cfg/sccb_start_i_1/O
                         net (fo=17, routed)          0.571    11.100    u_cfg/sccb_start_i_1_n_0
    SLICE_X9Y134         FDRE                                         r  u_cfg/reg_addr_reg[0]/CE
  -------------------------------------------------------------------    -------------------

                         (clock sys_clk_100mhz rise edge)
                                                     10.000    10.000 r  
    W5                                                0.000    10.000 r  clk_100mhz (IN)
                         net (fo=0)                   0.000    10.000    clk_100mhz
    W5                   IBUF (Prop_ibuf_I_O)         1.388    11.388 r  clk_100mhz_IBUF_inst/O
                         net (fo=1, routed)           1.862    13.250    clk_100mhz_IBUF
    BUFGCTRL_X0Y1        BUFG (Prop_bufg_I_O)         0.091    13.341 r  clk_100mhz_IBUF_BUFG_inst/O
                         net (fo=101, routed)         1.609    14.950    u_cfg/clk_100mhz
    SLICE_X9Y134         FDRE                                         r  u_cfg/reg_addr_reg[0]/C
                         clock pessimism              0.280    15.230    
                         clock uncertainty           -0.035    15.195    
    SLICE_X9Y134         FDRE (Setup_fdre_C_CE)      -0.412    14.783    u_cfg/reg_addr_reg[0]
  -------------------------------------------------------------------
                         required time                         14.783    
                         arrival time                         -11.100    
  -------------------------------------------------------------------
                         slack                                  3.683    

Slack (MET) :             3.683ns  (required time - arrival time)
  Source:                 u_cfg/rom_idx_reg_rep/CLKARDCLK
                            (rising edge-triggered cell RAMB18E1 clocked by sys_clk_100mhz  {rise@0.000ns fall@5.000ns period=10.000ns})
  Destination:            u_cfg/reg_addr_reg[2]/CE
                            (rising edge-triggered cell FDRE clocked by sys_clk_100mhz  {rise@0.000ns fall@5.000ns period=10.000ns})
  Path Group:             sys_clk_100mhz
  Path Type:              Setup (Max at Slow Process Corner)
  Requirement:            10.000ns  (sys_clk_100mhz rise@10.000ns - sys_clk_100mhz rise@0.000ns)
  Data Path Delay:        5.799ns  (logic 2.855ns (49.233%)  route 2.944ns (50.767%))
  Logic Levels:           3  (LUT3=1 LUT4=2)
  Clock Path Skew:        -0.070ns (DCD - SCD + CPR)
    Destination Clock Delay (DCD):    4.950ns = ( 14.950 - 10.000 ) 
    Source Clock Delay      (SCD):    5.301ns
    Clock Pessimism Removal (CPR):    0.280ns
  Clock Uncertainty:      0.035ns  ((TSJ^2 + TIJ^2)^1/2 + DJ) / 2 + PE
    Total System Jitter     (TSJ):    0.071ns
    Total Input Jitter      (TIJ):    0.000ns
    Discrete Jitter          (DJ):    0.000ns
    Phase Error              (PE):    0.000ns

    Location             Delay type                Incr(ns)  Path(ns)    Netlist Resource(s)
  -------------------------------------------------------------------    -------------------
                         (clock sys_clk_100mhz rise edge)
                                                      0.000     0.000 r  
    W5                                                0.000     0.000 r  clk_100mhz (IN)
                         net (fo=0)                   0.000     0.000    clk_100mhz
    W5                   IBUF (Prop_ibuf_I_O)         1.458     1.458 r  clk_100mhz_IBUF_inst/O
                         net (fo=1, routed)           1.967     3.425    clk_100mhz_IBUF
    BUFGCTRL_X0Y1        BUFG (Prop_bufg_I_O)         0.096     3.521 r  clk_100mhz_IBUF_BUFG_inst/O
                         net (fo=101, routed)         1.780     5.301    u_cfg/clk_100mhz
    RAMB18_X0Y54         RAMB18E1                                     r  u_cfg/rom_idx_reg_rep/CLKARDCLK
  -------------------------------------------------------------------    -------------------
    RAMB18_X0Y54         RAMB18E1 (Prop_ramb18e1_CLKARDCLK_DOADO[8])
                                                      2.454     7.755 f  u_cfg/rom_idx_reg_rep/DOADO[8]
                         net (fo=2, routed)           1.024     8.779    u_cfg/rom_idx_reg_rep_n_7
    SLICE_X8Y135         LUT4 (Prop_lut4_I1_O)        0.124     8.903 r  u_cfg/FSM_sequential_state[0]_i_6/O
                         net (fo=1, routed)           0.670     9.573    u_cfg/FSM_sequential_state[0]_i_6_n_0
    SLICE_X8Y135         LUT4 (Prop_lut4_I3_O)        0.124     9.697 r  u_cfg/FSM_sequential_state[0]_i_2/O
                         net (fo=3, routed)           0.679    10.376    u_cfg/FSM_sequential_state[0]_i_2_n_0
    SLICE_X8Y134         LUT3 (Prop_lut3_I0_O)        0.153    10.529 r  u_cfg/sccb_start_i_1/O
                         net (fo=17, routed)          0.571    11.100    u_cfg/sccb_start_i_1_n_0
    SLICE_X9Y134         FDRE                                         r  u_cfg/reg_addr_reg[2]/CE
  -------------------------------------------------------------------    -------------------

                         (clock sys_clk_100mhz rise edge)
                                                     10.000    10.000 r  
    W5                                                0.000    10.000 r  clk_100mhz (IN)
                         net (fo=0)                   0.000    10.000    clk_100mhz
    W5                   IBUF (Prop_ibuf_I_O)         1.388    11.388 r  clk_100mhz_IBUF_inst/O
                         net (fo=1, routed)           1.862    13.250    clk_100mhz_IBUF
    BUFGCTRL_X0Y1        BUFG (Prop_bufg_I_O)         0.091    13.341 r  clk_100mhz_IBUF_BUFG_inst/O
                         net (fo=101, routed)         1.609    14.950    u_cfg/clk_100mhz
    SLICE_X9Y134         FDRE                                         r  u_cfg/reg_addr_reg[2]/C
                         clock pessimism              0.280    15.230    
                         clock uncertainty           -0.035    15.195    
    SLICE_X9Y134         FDRE (Setup_fdre_C_CE)      -0.412    14.783    u_cfg/reg_addr_reg[2]
  -------------------------------------------------------------------
                         required time                         14.783    
                         arrival time                         -11.100    
  -------------------------------------------------------------------
                         slack                                  3.683    

Slack (MET) :             3.683ns  (required time - arrival time)
  Source:                 u_cfg/rom_idx_reg_rep/CLKARDCLK
                            (rising edge-triggered cell RAMB18E1 clocked by sys_clk_100mhz  {rise@0.000ns fall@5.000ns period=10.000ns})
  Destination:            u_cfg/reg_addr_reg[3]/CE
                            (rising edge-triggered cell FDRE clocked by sys_clk_100mhz  {rise@0.000ns fall@5.000ns period=10.000ns})
  Path Group:             sys_clk_100mhz
  Path Type:              Setup (Max at Slow Process Corner)
  Requirement:            10.000ns  (sys_clk_100mhz rise@10.000ns - sys_clk_100mhz rise@0.000ns)
  Data Path Delay:        5.799ns  (logic 2.855ns (49.233%)  route 2.944ns (50.767%))
  Logic Levels:           3  (LUT3=1 LUT4=2)
  Clock Path Skew:        -0.070ns (DCD - SCD + CPR)
    Destination Clock Delay (DCD):    4.950ns = ( 14.950 - 10.000 ) 
    Source Clock Delay      (SCD):    5.301ns
    Clock Pessimism Removal (CPR):    0.280ns
  Clock Uncertainty:      0.035ns  ((TSJ^2 + TIJ^2)^1/2 + DJ) / 2 + PE
    Total System Jitter     (TSJ):    0.071ns
    Total Input Jitter      (TIJ):    0.000ns
    Discrete Jitter          (DJ):    0.000ns
    Phase Error              (PE):    0.000ns

    Location             Delay type                Incr(ns)  Path(ns)    Netlist Resource(s)
  -------------------------------------------------------------------    -------------------
                         (clock sys_clk_100mhz rise edge)
                                                      0.000     0.000 r  
    W5                                                0.000     0.000 r  clk_100mhz (IN)
                         net (fo=0)                   0.000     0.000    clk_100mhz
    W5                   IBUF (Prop_ibuf_I_O)         1.458     1.458 r  clk_100mhz_IBUF_inst/O
                         net (fo=1, routed)           1.967     3.425    clk_100mhz_IBUF
    BUFGCTRL_X0Y1        BUFG (Prop_bufg_I_O)         0.096     3.521 r  clk_100mhz_IBUF_BUFG_inst/O
                         net (fo=101, routed)         1.780     5.301    u_cfg/clk_100mhz
    RAMB18_X0Y54         RAMB18E1                                     r  u_cfg/rom_idx_reg_rep/CLKARDCLK
  -------------------------------------------------------------------    -------------------
    RAMB18_X0Y54         RAMB18E1 (Prop_ramb18e1_CLKARDCLK_DOADO[8])
                                                      2.454     7.755 f  u_cfg/rom_idx_reg_rep/DOADO[8]
                         net (fo=2, routed)           1.024     8.779    u_cfg/rom_idx_reg_rep_n_7
    SLICE_X8Y135         LUT4 (Prop_lut4_I1_O)        0.124     8.903 r  u_cfg/FSM_sequential_state[0]_i_6/O
                         net (fo=1, routed)           0.670     9.573    u_cfg/FSM_sequential_state[0]_i_6_n_0
    SLICE_X8Y135         LUT4 (Prop_lut4_I3_O)        0.124     9.697 r  u_cfg/FSM_sequential_state[0]_i_2/O
                         net (fo=3, routed)           0.679    10.376    u_cfg/FSM_sequential_state[0]_i_2_n_0
    SLICE_X8Y134         LUT3 (Prop_lut3_I0_O)        0.153    10.529 r  u_cfg/sccb_start_i_1/O
                         net (fo=17, routed)          0.571    11.100    u_cfg/sccb_start_i_1_n_0
    SLICE_X9Y134         FDRE                                         r  u_cfg/reg_addr_reg[3]/CE
  -------------------------------------------------------------------    -------------------

                         (clock sys_clk_100mhz rise edge)
                                                     10.000    10.000 r  
    W5                                                0.000    10.000 r  clk_100mhz (IN)
                         net (fo=0)                   0.000    10.000    clk_100mhz
    W5                   IBUF (Prop_ibuf_I_O)         1.388    11.388 r  clk_100mhz_IBUF_inst/O
                         net (fo=1, routed)           1.862    13.250    clk_100mhz_IBUF
    BUFGCTRL_X0Y1        BUFG (Prop_bufg_I_O)         0.091    13.341 r  clk_100mhz_IBUF_BUFG_inst/O
                         net (fo=101, routed)         1.609    14.950    u_cfg/clk_100mhz
    SLICE_X9Y134         FDRE                                         r  u_cfg/reg_addr_reg[3]/C
                         clock pessimism              0.280    15.230    
                         clock uncertainty           -0.035    15.195    
    SLICE_X9Y134         FDRE (Setup_fdre_C_CE)      -0.412    14.783    u_cfg/reg_addr_reg[3]
  -------------------------------------------------------------------
                         required time                         14.783    
                         arrival time                         -11.100    
  -------------------------------------------------------------------
                         slack                                  3.683    

Slack (MET) :             3.689ns  (required time - arrival time)
  Source:                 u_cfg/rom_idx_reg_rep/CLKARDCLK
                            (rising edge-triggered cell RAMB18E1 clocked by sys_clk_100mhz  {rise@0.000ns fall@5.000ns period=10.000ns})
  Destination:            u_cfg/reg_addr_reg[1]/CE
                            (rising edge-triggered cell FDRE clocked by sys_clk_100mhz  {rise@0.000ns fall@5.000ns period=10.000ns})
  Path Group:             sys_clk_100mhz
  Path Type:              Setup (Max at Slow Process Corner)
  Requirement:            10.000ns  (sys_clk_100mhz rise@10.000ns - sys_clk_100mhz rise@0.000ns)
  Data Path Delay:        5.817ns  (logic 2.855ns (49.079%)  route 2.962ns (50.921%))
  Logic Levels:           3  (LUT3=1 LUT4=2)
  Clock Path Skew:        -0.082ns (DCD - SCD + CPR)
    Destination Clock Delay (DCD):    4.951ns = ( 14.951 - 10.000 ) 
    Source Clock Delay      (SCD):    5.301ns
    Clock Pessimism Removal (CPR):    0.267ns
  Clock Uncertainty:      0.035ns  ((TSJ^2 + TIJ^2)^1/2 + DJ) / 2 + PE
    Total System Jitter     (TSJ):    0.071ns
    Total Input Jitter      (TIJ):    0.000ns
    Discrete Jitter          (DJ):    0.000ns
    Phase Error              (PE):    0.000ns

    Location             Delay type                Incr(ns)  Path(ns)    Netlist Resource(s)
  -------------------------------------------------------------------    -------------------
                         (clock sys_clk_100mhz rise edge)
                                                      0.000     0.000 r  
    W5                                                0.000     0.000 r  clk_100mhz (IN)
                         net (fo=0)                   0.000     0.000    clk_100mhz
    W5                   IBUF (Prop_ibuf_I_O)         1.458     1.458 r  clk_100mhz_IBUF_inst/O
                         net (fo=1, routed)           1.967     3.425    clk_100mhz_IBUF
    BUFGCTRL_X0Y1        BUFG (Prop_bufg_I_O)         0.096     3.521 r  clk_100mhz_IBUF_BUFG_inst/O
                         net (fo=101, routed)         1.780     5.301    u_cfg/clk_100mhz
    RAMB18_X0Y54         RAMB18E1                                     r  u_cfg/rom_idx_reg_rep/CLKARDCLK
  -------------------------------------------------------------------    -------------------
    RAMB18_X0Y54         RAMB18E1 (Prop_ramb18e1_CLKARDCLK_DOADO[8])
                                                      2.454     7.755 f  u_cfg/rom_idx_reg_rep/DOADO[8]
                         net (fo=2, routed)           1.024     8.779    u_cfg/rom_idx_reg_rep_n_7
    SLICE_X8Y135         LUT4 (Prop_lut4_I1_O)        0.124     8.903 r  u_cfg/FSM_sequential_state[0]_i_6/O
                         net (fo=1, routed)           0.670     9.573    u_cfg/FSM_sequential_state[0]_i_6_n_0
    SLICE_X8Y135         LUT4 (Prop_lut4_I3_O)        0.124     9.697 r  u_cfg/FSM_sequential_state[0]_i_2/O
                         net (fo=3, routed)           0.679    10.376    u_cfg/FSM_sequential_state[0]_i_2_n_0
    SLICE_X8Y134         LUT3 (Prop_lut3_I0_O)        0.153    10.529 r  u_cfg/sccb_start_i_1/O
                         net (fo=17, routed)          0.589    11.118    u_cfg/sccb_start_i_1_n_0
    SLICE_X10Y135        FDRE                                         r  u_cfg/reg_addr_reg[1]/CE
  -------------------------------------------------------------------    -------------------

                         (clock sys_clk_100mhz rise edge)
                                                     10.000    10.000 r  
    W5                                                0.000    10.000 r  clk_100mhz (IN)
                         net (fo=0)                   0.000    10.000    clk_100mhz
    W5                   IBUF (Prop_ibuf_I_O)         1.388    11.388 r  clk_100mhz_IBUF_inst/O
                         net (fo=1, routed)           1.862    13.250    clk_100mhz_IBUF
    BUFGCTRL_X0Y1        BUFG (Prop_bufg_I_O)         0.091    13.341 r  clk_100mhz_IBUF_BUFG_inst/O
                         net (fo=101, routed)         1.610    14.951    u_cfg/clk_100mhz
    SLICE_X10Y135        FDRE                                         r  u_cfg/reg_addr_reg[1]/C
                         clock pessimism              0.267    15.218    
                         clock uncertainty           -0.035    15.183    
    SLICE_X10Y135        FDRE (Setup_fdre_C_CE)      -0.376    14.807    u_cfg/reg_addr_reg[1]
  -------------------------------------------------------------------
                         required time                         14.807    
                         arrival time                         -11.118    
  -------------------------------------------------------------------
                         slack                                  3.689    

Slack (MET) :             3.689ns  (required time - arrival time)
  Source:                 u_cfg/rom_idx_reg_rep/CLKARDCLK
                            (rising edge-triggered cell RAMB18E1 clocked by sys_clk_100mhz  {rise@0.000ns fall@5.000ns period=10.000ns})
  Destination:            u_cfg/reg_data_reg[0]/CE
                            (rising edge-triggered cell FDRE clocked by sys_clk_100mhz  {rise@0.000ns fall@5.000ns period=10.000ns})
  Path Group:             sys_clk_100mhz
  Path Type:              Setup (Max at Slow Process Corner)
  Requirement:            10.000ns  (sys_clk_100mhz rise@10.000ns - sys_clk_100mhz rise@0.000ns)
  Data Path Delay:        5.817ns  (logic 2.855ns (49.079%)  route 2.962ns (50.921%))
  Logic Levels:           3  (LUT3=1 LUT4=2)
  Clock Path Skew:        -0.082ns (DCD - SCD + CPR)
    Destination Clock Delay (DCD):    4.951ns = ( 14.951 - 10.000 ) 
    Source Clock Delay      (SCD):    5.301ns
    Clock Pessimism Removal (CPR):    0.267ns
  Clock Uncertainty:      0.035ns  ((TSJ^2 + TIJ^2)^1/2 + DJ) / 2 + PE
    Total System Jitter     (TSJ):    0.071ns
    Total Input Jitter      (TIJ):    0.000ns
    Discrete Jitter          (DJ):    0.000ns
    Phase Error              (PE):    0.000ns

    Location             Delay type                Incr(ns)  Path(ns)    Netlist Resource(s)
  -------------------------------------------------------------------    -------------------
                         (clock sys_clk_100mhz rise edge)
                                                      0.000     0.000 r  
    W5                                                0.000     0.000 r  clk_100mhz (IN)
                         net (fo=0)                   0.000     0.000    clk_100mhz
    W5                   IBUF (Prop_ibuf_I_O)         1.458     1.458 r  clk_100mhz_IBUF_inst/O
                         net (fo=1, routed)           1.967     3.425    clk_100mhz_IBUF
    BUFGCTRL_X0Y1        BUFG (Prop_bufg_I_O)         0.096     3.521 r  clk_100mhz_IBUF_BUFG_inst/O
                         net (fo=101, routed)         1.780     5.301    u_cfg/clk_100mhz
    RAMB18_X0Y54         RAMB18E1                                     r  u_cfg/rom_idx_reg_rep/CLKARDCLK
  -------------------------------------------------------------------    -------------------
    RAMB18_X0Y54         RAMB18E1 (Prop_ramb18e1_CLKARDCLK_DOADO[8])
                                                      2.454     7.755 f  u_cfg/rom_idx_reg_rep/DOADO[8]
                         net (fo=2, routed)           1.024     8.779    u_cfg/rom_idx_reg_rep_n_7
    SLICE_X8Y135         LUT4 (Prop_lut4_I1_O)        0.124     8.903 r  u_cfg/FSM_sequential_state[0]_i_6/O
                         net (fo=1, routed)           0.670     9.573    u_cfg/FSM_sequential_state[0]_i_6_n_0
    SLICE_X8Y135         LUT4 (Prop_lut4_I3_O)        0.124     9.697 r  u_cfg/FSM_sequential_state[0]_i_2/O
                         net (fo=3, routed)           0.679    10.376    u_cfg/FSM_sequential_state[0]_i_2_n_0
    SLICE_X8Y134         LUT3 (Prop_lut3_I0_O)        0.153    10.529 r  u_cfg/sccb_start_i_1/O
                         net (fo=17, routed)          0.589    11.118    u_cfg/sccb_start_i_1_n_0
    SLICE_X10Y135        FDRE                                         r  u_cfg/reg_data_reg[0]/CE
  -------------------------------------------------------------------    -------------------

                         (clock sys_clk_100mhz rise edge)
                                                     10.000    10.000 r  
    W5                                                0.000    10.000 r  clk_100mhz (IN)
                         net (fo=0)                   0.000    10.000    clk_100mhz
    W5                   IBUF (Prop_ibuf_I_O)         1.388    11.388 r  clk_100mhz_IBUF_inst/O
                         net (fo=1, routed)           1.862    13.250    clk_100mhz_IBUF
    BUFGCTRL_X0Y1        BUFG (Prop_bufg_I_O)         0.091    13.341 r  clk_100mhz_IBUF_BUFG_inst/O
                         net (fo=101, routed)         1.610    14.951    u_cfg/clk_100mhz
    SLICE_X10Y135        FDRE                                         r  u_cfg/reg_data_reg[0]/C
                         clock pessimism              0.267    15.218    
                         clock uncertainty           -0.035    15.183    
    SLICE_X10Y135        FDRE (Setup_fdre_C_CE)      -0.376    14.807    u_cfg/reg_data_reg[0]
  -------------------------------------------------------------------
                         required time                         14.807    
                         arrival time                         -11.118    
  -------------------------------------------------------------------
                         slack                                  3.689    

Slack (MET) :             3.689ns  (required time - arrival time)
  Source:                 u_cfg/rom_idx_reg_rep/CLKARDCLK
                            (rising edge-triggered cell RAMB18E1 clocked by sys_clk_100mhz  {rise@0.000ns fall@5.000ns period=10.000ns})
  Destination:            u_cfg/reg_data_reg[1]/CE
                            (rising edge-triggered cell FDRE clocked by sys_clk_100mhz  {rise@0.000ns fall@5.000ns period=10.000ns})
  Path Group:             sys_clk_100mhz
  Path Type:              Setup (Max at Slow Process Corner)
  Requirement:            10.000ns  (sys_clk_100mhz rise@10.000ns - sys_clk_100mhz rise@0.000ns)
  Data Path Delay:        5.817ns  (logic 2.855ns (49.079%)  route 2.962ns (50.921%))
  Logic Levels:           3  (LUT3=1 LUT4=2)
  Clock Path Skew:        -0.082ns (DCD - SCD + CPR)
    Destination Clock Delay (DCD):    4.951ns = ( 14.951 - 10.000 ) 
    Source Clock Delay      (SCD):    5.301ns
    Clock Pessimism Removal (CPR):    0.267ns
  Clock Uncertainty:      0.035ns  ((TSJ^2 + TIJ^2)^1/2 + DJ) / 2 + PE
    Total System Jitter     (TSJ):    0.071ns
    Total Input Jitter      (TIJ):    0.000ns
    Discrete Jitter          (DJ):    0.000ns
    Phase Error              (PE):    0.000ns

    Location             Delay type                Incr(ns)  Path(ns)    Netlist Resource(s)
  -------------------------------------------------------------------    -------------------
                         (clock sys_clk_100mhz rise edge)
                                                      0.000     0.000 r  
    W5                                                0.000     0.000 r  clk_100mhz (IN)
                         net (fo=0)                   0.000     0.000    clk_100mhz
    W5                   IBUF (Prop_ibuf_I_O)         1.458     1.458 r  clk_100mhz_IBUF_inst/O
                         net (fo=1, routed)           1.967     3.425    clk_100mhz_IBUF
    BUFGCTRL_X0Y1        BUFG (Prop_bufg_I_O)         0.096     3.521 r  clk_100mhz_IBUF_BUFG_inst/O
                         net (fo=101, routed)         1.780     5.301    u_cfg/clk_100mhz
    RAMB18_X0Y54         RAMB18E1                                     r  u_cfg/rom_idx_reg_rep/CLKARDCLK
  -------------------------------------------------------------------    -------------------
    RAMB18_X0Y54         RAMB18E1 (Prop_ramb18e1_CLKARDCLK_DOADO[8])
                                                      2.454     7.755 f  u_cfg/rom_idx_reg_rep/DOADO[8]
                         net (fo=2, routed)           1.024     8.779    u_cfg/rom_idx_reg_rep_n_7
    SLICE_X8Y135         LUT4 (Prop_lut4_I1_O)        0.124     8.903 r  u_cfg/FSM_sequential_state[0]_i_6/O
                         net (fo=1, routed)           0.670     9.573    u_cfg/FSM_sequential_state[0]_i_6_n_0
    SLICE_X8Y135         LUT4 (Prop_lut4_I3_O)        0.124     9.697 r  u_cfg/FSM_sequential_state[0]_i_2/O
                         net (fo=3, routed)           0.679    10.376    u_cfg/FSM_sequential_state[0]_i_2_n_0
    SLICE_X8Y134         LUT3 (Prop_lut3_I0_O)        0.153    10.529 r  u_cfg/sccb_start_i_1/O
                         net (fo=17, routed)          0.589    11.118    u_cfg/sccb_start_i_1_n_0
    SLICE_X10Y135        FDRE                                         r  u_cfg/reg_data_reg[1]/CE
  -------------------------------------------------------------------    -------------------

                         (clock sys_clk_100mhz rise edge)
                                                     10.000    10.000 r  
    W5                                                0.000    10.000 r  clk_100mhz (IN)
                         net (fo=0)                   0.000    10.000    clk_100mhz
    W5                   IBUF (Prop_ibuf_I_O)         1.388    11.388 r  clk_100mhz_IBUF_inst/O
                         net (fo=1, routed)           1.862    13.250    clk_100mhz_IBUF
    BUFGCTRL_X0Y1        BUFG (Prop_bufg_I_O)         0.091    13.341 r  clk_100mhz_IBUF_BUFG_inst/O
                         net (fo=101, routed)         1.610    14.951    u_cfg/clk_100mhz
    SLICE_X10Y135        FDRE                                         r  u_cfg/reg_data_reg[1]/C
                         clock pessimism              0.267    15.218    
                         clock uncertainty           -0.035    15.183    
    SLICE_X10Y135        FDRE (Setup_fdre_C_CE)      -0.376    14.807    u_cfg/reg_data_reg[1]
  -------------------------------------------------------------------
                         required time                         14.807    
                         arrival time                         -11.118    
  -------------------------------------------------------------------
                         slack                                  3.689    

Slack (MET) :             3.689ns  (required time - arrival time)
  Source:                 u_cfg/rom_idx_reg_rep/CLKARDCLK
                            (rising edge-triggered cell RAMB18E1 clocked by sys_clk_100mhz  {rise@0.000ns fall@5.000ns period=10.000ns})
  Destination:            u_cfg/reg_data_reg[2]/CE
                            (rising edge-triggered cell FDRE clocked by sys_clk_100mhz  {rise@0.000ns fall@5.000ns period=10.000ns})
  Path Group:             sys_clk_100mhz
  Path Type:              Setup (Max at Slow Process Corner)
  Requirement:            10.000ns  (sys_clk_100mhz rise@10.000ns - sys_clk_100mhz rise@0.000ns)
  Data Path Delay:        5.817ns  (logic 2.855ns (49.079%)  route 2.962ns (50.921%))
  Logic Levels:           3  (LUT3=1 LUT4=2)
  Clock Path Skew:        -0.082ns (DCD - SCD + CPR)
    Destination Clock Delay (DCD):    4.951ns = ( 14.951 - 10.000 ) 
    Source Clock Delay      (SCD):    5.301ns
    Clock Pessimism Removal (CPR):    0.267ns
  Clock Uncertainty:      0.035ns  ((TSJ^2 + TIJ^2)^1/2 + DJ) / 2 + PE
    Total System Jitter     (TSJ):    0.071ns
    Total Input Jitter      (TIJ):    0.000ns
    Discrete Jitter          (DJ):    0.000ns
    Phase Error              (PE):    0.000ns

    Location             Delay type                Incr(ns)  Path(ns)    Netlist Resource(s)
  -------------------------------------------------------------------    -------------------
                         (clock sys_clk_100mhz rise edge)
                                                      0.000     0.000 r  
    W5                                                0.000     0.000 r  clk_100mhz (IN)
                         net (fo=0)                   0.000     0.000    clk_100mhz
    W5                   IBUF (Prop_ibuf_I_O)         1.458     1.458 r  clk_100mhz_IBUF_inst/O
                         net (fo=1, routed)           1.967     3.425    clk_100mhz_IBUF
    BUFGCTRL_X0Y1        BUFG (Prop_bufg_I_O)         0.096     3.521 r  clk_100mhz_IBUF_BUFG_inst/O
                         net (fo=101, routed)         1.780     5.301    u_cfg/clk_100mhz
    RAMB18_X0Y54         RAMB18E1                                     r  u_cfg/rom_idx_reg_rep/CLKARDCLK
  -------------------------------------------------------------------    -------------------
    RAMB18_X0Y54         RAMB18E1 (Prop_ramb18e1_CLKARDCLK_DOADO[8])
                                                      2.454     7.755 f  u_cfg/rom_idx_reg_rep/DOADO[8]
                         net (fo=2, routed)           1.024     8.779    u_cfg/rom_idx_reg_rep_n_7
    SLICE_X8Y135         LUT4 (Prop_lut4_I1_O)        0.124     8.903 r  u_cfg/FSM_sequential_state[0]_i_6/O
                         net (fo=1, routed)           0.670     9.573    u_cfg/FSM_sequential_state[0]_i_6_n_0
    SLICE_X8Y135         LUT4 (Prop_lut4_I3_O)        0.124     9.697 r  u_cfg/FSM_sequential_state[0]_i_2/O
                         net (fo=3, routed)           0.679    10.376    u_cfg/FSM_sequential_state[0]_i_2_n_0
    SLICE_X8Y134         LUT3 (Prop_lut3_I0_O)        0.153    10.529 r  u_cfg/sccb_start_i_1/O
                         net (fo=17, routed)          0.589    11.118    u_cfg/sccb_start_i_1_n_0
    SLICE_X10Y135        FDRE                                         r  u_cfg/reg_data_reg[2]/CE
  -------------------------------------------------------------------    -------------------

                         (clock sys_clk_100mhz rise edge)
                                                     10.000    10.000 r  
    W5                                                0.000    10.000 r  clk_100mhz (IN)
                         net (fo=0)                   0.000    10.000    clk_100mhz
    W5                   IBUF (Prop_ibuf_I_O)         1.388    11.388 r  clk_100mhz_IBUF_inst/O
                         net (fo=1, routed)           1.862    13.250    clk_100mhz_IBUF
    BUFGCTRL_X0Y1        BUFG (Prop_bufg_I_O)         0.091    13.341 r  clk_100mhz_IBUF_BUFG_inst/O
                         net (fo=101, routed)         1.610    14.951    u_cfg/clk_100mhz
    SLICE_X10Y135        FDRE                                         r  u_cfg/reg_data_reg[2]/C
                         clock pessimism              0.267    15.218    
                         clock uncertainty           -0.035    15.183    
    SLICE_X10Y135        FDRE (Setup_fdre_C_CE)      -0.376    14.807    u_cfg/reg_data_reg[2]
  -------------------------------------------------------------------
                         required time                         14.807    
                         arrival time                         -11.118    
  -------------------------------------------------------------------
                         slack                                  3.689    

Slack (MET) :             3.689ns  (required time - arrival time)
  Source:                 u_cfg/rom_idx_reg_rep/CLKARDCLK
                            (rising edge-triggered cell RAMB18E1 clocked by sys_clk_100mhz  {rise@0.000ns fall@5.000ns period=10.000ns})
  Destination:            u_cfg/reg_data_reg[3]/CE
                            (rising edge-triggered cell FDRE clocked by sys_clk_100mhz  {rise@0.000ns fall@5.000ns period=10.000ns})
  Path Group:             sys_clk_100mhz
  Path Type:              Setup (Max at Slow Process Corner)
  Requirement:            10.000ns  (sys_clk_100mhz rise@10.000ns - sys_clk_100mhz rise@0.000ns)
  Data Path Delay:        5.817ns  (logic 2.855ns (49.079%)  route 2.962ns (50.921%))
  Logic Levels:           3  (LUT3=1 LUT4=2)
  Clock Path Skew:        -0.082ns (DCD - SCD + CPR)
    Destination Clock Delay (DCD):    4.951ns = ( 14.951 - 10.000 ) 
    Source Clock Delay      (SCD):    5.301ns
    Clock Pessimism Removal (CPR):    0.267ns
  Clock Uncertainty:      0.035ns  ((TSJ^2 + TIJ^2)^1/2 + DJ) / 2 + PE
    Total System Jitter     (TSJ):    0.071ns
    Total Input Jitter      (TIJ):    0.000ns
    Discrete Jitter          (DJ):    0.000ns
    Phase Error              (PE):    0.000ns

    Location             Delay type                Incr(ns)  Path(ns)    Netlist Resource(s)
  -------------------------------------------------------------------    -------------------
                         (clock sys_clk_100mhz rise edge)
                                                      0.000     0.000 r  
    W5                                                0.000     0.000 r  clk_100mhz (IN)
                         net (fo=0)                   0.000     0.000    clk_100mhz
    W5                   IBUF (Prop_ibuf_I_O)         1.458     1.458 r  clk_100mhz_IBUF_inst/O
                         net (fo=1, routed)           1.967     3.425    clk_100mhz_IBUF
    BUFGCTRL_X0Y1        BUFG (Prop_bufg_I_O)         0.096     3.521 r  clk_100mhz_IBUF_BUFG_inst/O
                         net (fo=101, routed)         1.780     5.301    u_cfg/clk_100mhz
    RAMB18_X0Y54         RAMB18E1                                     r  u_cfg/rom_idx_reg_rep/CLKARDCLK
  -------------------------------------------------------------------    -------------------
    RAMB18_X0Y54         RAMB18E1 (Prop_ramb18e1_CLKARDCLK_DOADO[8])
                                                      2.454     7.755 f  u_cfg/rom_idx_reg_rep/DOADO[8]
                         net (fo=2, routed)           1.024     8.779    u_cfg/rom_idx_reg_rep_n_7
    SLICE_X8Y135         LUT4 (Prop_lut4_I1_O)        0.124     8.903 r  u_cfg/FSM_sequential_state[0]_i_6/O
                         net (fo=1, routed)           0.670     9.573    u_cfg/FSM_sequential_state[0]_i_6_n_0
    SLICE_X8Y135         LUT4 (Prop_lut4_I3_O)        0.124     9.697 r  u_cfg/FSM_sequential_state[0]_i_2/O
                         net (fo=3, routed)           0.679    10.376    u_cfg/FSM_sequential_state[0]_i_2_n_0
    SLICE_X8Y134         LUT3 (Prop_lut3_I0_O)        0.153    10.529 r  u_cfg/sccb_start_i_1/O
                         net (fo=17, routed)          0.589    11.118    u_cfg/sccb_start_i_1_n_0
    SLICE_X10Y135        FDRE                                         r  u_cfg/reg_data_reg[3]/CE
  -------------------------------------------------------------------    -------------------

                         (clock sys_clk_100mhz rise edge)
                                                     10.000    10.000 r  
    W5                                                0.000    10.000 r  clk_100mhz (IN)
                         net (fo=0)                   0.000    10.000    clk_100mhz
    W5                   IBUF (Prop_ibuf_I_O)         1.388    11.388 r  clk_100mhz_IBUF_inst/O
                         net (fo=1, routed)           1.862    13.250    clk_100mhz_IBUF
    BUFGCTRL_X0Y1        BUFG (Prop_bufg_I_O)         0.091    13.341 r  clk_100mhz_IBUF_BUFG_inst/O
                         net (fo=101, routed)         1.610    14.951    u_cfg/clk_100mhz
    SLICE_X10Y135        FDRE                                         r  u_cfg/reg_data_reg[3]/C
                         clock pessimism              0.267    15.218    
                         clock uncertainty           -0.035    15.183    
    SLICE_X10Y135        FDRE (Setup_fdre_C_CE)      -0.376    14.807    u_cfg/reg_data_reg[3]
  -------------------------------------------------------------------
                         required time                         14.807    
                         arrival time                         -11.118    
  -------------------------------------------------------------------
                         slack                                  3.689    

Slack (MET) :             3.719ns  (required time - arrival time)
  Source:                 u_cfg/rom_idx_reg_rep/CLKARDCLK
                            (rising edge-triggered cell RAMB18E1 clocked by sys_clk_100mhz  {rise@0.000ns fall@5.000ns period=10.000ns})
  Destination:            u_cfg/reg_addr_reg[4]/CE
                            (rising edge-triggered cell FDRE clocked by sys_clk_100mhz  {rise@0.000ns fall@5.000ns period=10.000ns})
  Path Group:             sys_clk_100mhz
  Path Type:              Setup (Max at Slow Process Corner)
  Requirement:            10.000ns  (sys_clk_100mhz rise@10.000ns - sys_clk_100mhz rise@0.000ns)
  Data Path Delay:        5.800ns  (logic 2.855ns (49.223%)  route 2.945ns (50.777%))
  Logic Levels:           3  (LUT3=1 LUT4=2)
  Clock Path Skew:        -0.069ns (DCD - SCD + CPR)
    Destination Clock Delay (DCD):    4.951ns = ( 14.951 - 10.000 ) 
    Source Clock Delay      (SCD):    5.301ns
    Clock Pessimism Removal (CPR):    0.280ns
  Clock Uncertainty:      0.035ns  ((TSJ^2 + TIJ^2)^1/2 + DJ) / 2 + PE
    Total System Jitter     (TSJ):    0.071ns
    Total Input Jitter      (TIJ):    0.000ns
    Discrete Jitter          (DJ):    0.000ns
    Phase Error              (PE):    0.000ns

    Location             Delay type                Incr(ns)  Path(ns)    Netlist Resource(s)
  -------------------------------------------------------------------    -------------------
                         (clock sys_clk_100mhz rise edge)
                                                      0.000     0.000 r  
    W5                                                0.000     0.000 r  clk_100mhz (IN)
                         net (fo=0)                   0.000     0.000    clk_100mhz
    W5                   IBUF (Prop_ibuf_I_O)         1.458     1.458 r  clk_100mhz_IBUF_inst/O
                         net (fo=1, routed)           1.967     3.425    clk_100mhz_IBUF
    BUFGCTRL_X0Y1        BUFG (Prop_bufg_I_O)         0.096     3.521 r  clk_100mhz_IBUF_BUFG_inst/O
                         net (fo=101, routed)         1.780     5.301    u_cfg/clk_100mhz
    RAMB18_X0Y54         RAMB18E1                                     r  u_cfg/rom_idx_reg_rep/CLKARDCLK
  -------------------------------------------------------------------    -------------------
    RAMB18_X0Y54         RAMB18E1 (Prop_ramb18e1_CLKARDCLK_DOADO[8])
                                                      2.454     7.755 f  u_cfg/rom_idx_reg_rep/DOADO[8]
                         net (fo=2, routed)           1.024     8.779    u_cfg/rom_idx_reg_rep_n_7
    SLICE_X8Y135         LUT4 (Prop_lut4_I1_O)        0.124     8.903 r  u_cfg/FSM_sequential_state[0]_i_6/O
                         net (fo=1, routed)           0.670     9.573    u_cfg/FSM_sequential_state[0]_i_6_n_0
    SLICE_X8Y135         LUT4 (Prop_lut4_I3_O)        0.124     9.697 r  u_cfg/FSM_sequential_state[0]_i_2/O
                         net (fo=3, routed)           0.679    10.376    u_cfg/FSM_sequential_state[0]_i_2_n_0
    SLICE_X8Y134         LUT3 (Prop_lut3_I0_O)        0.153    10.529 r  u_cfg/sccb_start_i_1/O
                         net (fo=17, routed)          0.572    11.101    u_cfg/sccb_start_i_1_n_0
    SLICE_X8Y136         FDRE                                         r  u_cfg/reg_addr_reg[4]/CE
  -------------------------------------------------------------------    -------------------

                         (clock sys_clk_100mhz rise edge)
                                                     10.000    10.000 r  
    W5                                                0.000    10.000 r  clk_100mhz (IN)
                         net (fo=0)                   0.000    10.000    clk_100mhz
    W5                   IBUF (Prop_ibuf_I_O)         1.388    11.388 r  clk_100mhz_IBUF_inst/O
                         net (fo=1, routed)           1.862    13.250    clk_100mhz_IBUF
    BUFGCTRL_X0Y1        BUFG (Prop_bufg_I_O)         0.091    13.341 r  clk_100mhz_IBUF_BUFG_inst/O
                         net (fo=101, routed)         1.610    14.951    u_cfg/clk_100mhz
    SLICE_X8Y136         FDRE                                         r  u_cfg/reg_addr_reg[4]/C
                         clock pessimism              0.280    15.231    
                         clock uncertainty           -0.035    15.196    
    SLICE_X8Y136         FDRE (Setup_fdre_C_CE)      -0.376    14.820    u_cfg/reg_addr_reg[4]
  -------------------------------------------------------------------
                         required time                         14.820    
                         arrival time                         -11.101    
  -------------------------------------------------------------------
                         slack                                  3.719    

Slack (MET) :             3.719ns  (required time - arrival time)
  Source:                 u_cfg/rom_idx_reg_rep/CLKARDCLK
                            (rising edge-triggered cell RAMB18E1 clocked by sys_clk_100mhz  {rise@0.000ns fall@5.000ns period=10.000ns})
  Destination:            u_cfg/reg_addr_reg[5]/CE
                            (rising edge-triggered cell FDRE clocked by sys_clk_100mhz  {rise@0.000ns fall@5.000ns period=10.000ns})
  Path Group:             sys_clk_100mhz
  Path Type:              Setup (Max at Slow Process Corner)
  Requirement:            10.000ns  (sys_clk_100mhz rise@10.000ns - sys_clk_100mhz rise@0.000ns)
  Data Path Delay:        5.800ns  (logic 2.855ns (49.223%)  route 2.945ns (50.777%))
  Logic Levels:           3  (LUT3=1 LUT4=2)
  Clock Path Skew:        -0.069ns (DCD - SCD + CPR)
    Destination Clock Delay (DCD):    4.951ns = ( 14.951 - 10.000 ) 
    Source Clock Delay      (SCD):    5.301ns
    Clock Pessimism Removal (CPR):    0.280ns
  Clock Uncertainty:      0.035ns  ((TSJ^2 + TIJ^2)^1/2 + DJ) / 2 + PE
    Total System Jitter     (TSJ):    0.071ns
    Total Input Jitter      (TIJ):    0.000ns
    Discrete Jitter          (DJ):    0.000ns
    Phase Error              (PE):    0.000ns

    Location             Delay type                Incr(ns)  Path(ns)    Netlist Resource(s)
  -------------------------------------------------------------------    -------------------
                         (clock sys_clk_100mhz rise edge)
                                                      0.000     0.000 r  
    W5                                                0.000     0.000 r  clk_100mhz (IN)
                         net (fo=0)                   0.000     0.000    clk_100mhz
    W5                   IBUF (Prop_ibuf_I_O)         1.458     1.458 r  clk_100mhz_IBUF_inst/O
                         net (fo=1, routed)           1.967     3.425    clk_100mhz_IBUF
    BUFGCTRL_X0Y1        BUFG (Prop_bufg_I_O)         0.096     3.521 r  clk_100mhz_IBUF_BUFG_inst/O
                         net (fo=101, routed)         1.780     5.301    u_cfg/clk_100mhz
    RAMB18_X0Y54         RAMB18E1                                     r  u_cfg/rom_idx_reg_rep/CLKARDCLK
  -------------------------------------------------------------------    -------------------
    RAMB18_X0Y54         RAMB18E1 (Prop_ramb18e1_CLKARDCLK_DOADO[8])
                                                      2.454     7.755 f  u_cfg/rom_idx_reg_rep/DOADO[8]
                         net (fo=2, routed)           1.024     8.779    u_cfg/rom_idx_reg_rep_n_7
    SLICE_X8Y135         LUT4 (Prop_lut4_I1_O)        0.124     8.903 r  u_cfg/FSM_sequential_state[0]_i_6/O
                         net (fo=1, routed)           0.670     9.573    u_cfg/FSM_sequential_state[0]_i_6_n_0
    SLICE_X8Y135         LUT4 (Prop_lut4_I3_O)        0.124     9.697 r  u_cfg/FSM_sequential_state[0]_i_2/O
                         net (fo=3, routed)           0.679    10.376    u_cfg/FSM_sequential_state[0]_i_2_n_0
    SLICE_X8Y134         LUT3 (Prop_lut3_I0_O)        0.153    10.529 r  u_cfg/sccb_start_i_1/O
                         net (fo=17, routed)          0.572    11.101    u_cfg/sccb_start_i_1_n_0
    SLICE_X8Y136         FDRE                                         r  u_cfg/reg_addr_reg[5]/CE
  -------------------------------------------------------------------    -------------------

                         (clock sys_clk_100mhz rise edge)
                                                     10.000    10.000 r  
    W5                                                0.000    10.000 r  clk_100mhz (IN)
                         net (fo=0)                   0.000    10.000    clk_100mhz
    W5                   IBUF (Prop_ibuf_I_O)         1.388    11.388 r  clk_100mhz_IBUF_inst/O
                         net (fo=1, routed)           1.862    13.250    clk_100mhz_IBUF
    BUFGCTRL_X0Y1        BUFG (Prop_bufg_I_O)         0.091    13.341 r  clk_100mhz_IBUF_BUFG_inst/O
                         net (fo=101, routed)         1.610    14.951    u_cfg/clk_100mhz
    SLICE_X8Y136         FDRE                                         r  u_cfg/reg_addr_reg[5]/C
                         clock pessimism              0.280    15.231    
                         clock uncertainty           -0.035    15.196    
    SLICE_X8Y136         FDRE (Setup_fdre_C_CE)      -0.376    14.820    u_cfg/reg_addr_reg[5]
  -------------------------------------------------------------------
                         required time                         14.820    
                         arrival time                         -11.101    
  -------------------------------------------------------------------
                         slack                                  3.719    





Min Delay Paths
--------------------------------------------------------------------------------------
Slack (MET) :             0.166ns  (arrival time - required time)
  Source:                 u_cfg/rom_idx_reg[0]/C
                            (rising edge-triggered cell FDRE clocked by sys_clk_100mhz  {rise@0.000ns fall@5.000ns period=10.000ns})
  Destination:            u_cfg/rom_idx_reg[2]/D
                            (rising edge-triggered cell FDRE clocked by sys_clk_100mhz  {rise@0.000ns fall@5.000ns period=10.000ns})
  Path Group:             sys_clk_100mhz
  Path Type:              Hold (Min at Fast Process Corner)
  Requirement:            0.000ns  (sys_clk_100mhz rise@0.000ns - sys_clk_100mhz rise@0.000ns)
  Data Path Delay:        0.310ns  (logic 0.189ns (60.880%)  route 0.121ns (39.120%))
  Logic Levels:           1  (LUT3=1)
  Clock Path Skew:        0.013ns (DCD - SCD - CPR)
    Destination Clock Delay (DCD):    2.041ns
    Source Clock Delay      (SCD):    1.524ns
    Clock Pessimism Removal (CPR):    0.504ns

    Location             Delay type                Incr(ns)  Path(ns)    Netlist Resource(s)
  -------------------------------------------------------------------    -------------------
                         (clock sys_clk_100mhz rise edge)
                                                      0.000     0.000 r  
    W5                                                0.000     0.000 r  clk_100mhz (IN)
                         net (fo=0)                   0.000     0.000    clk_100mhz
    W5                   IBUF (Prop_ibuf_I_O)         0.226     0.226 r  clk_100mhz_IBUF_inst/O
                         net (fo=1, routed)           0.631     0.858    clk_100mhz_IBUF
    BUFGCTRL_X0Y1        BUFG (Prop_bufg_I_O)         0.026     0.884 r  clk_100mhz_IBUF_BUFG_inst/O
                         net (fo=101, routed)         0.640     1.524    u_cfg/clk_100mhz
    SLICE_X9Y132         FDRE                                         r  u_cfg/rom_idx_reg[0]/C
  -------------------------------------------------------------------    -------------------
    SLICE_X9Y132         FDRE (Prop_fdre_C_Q)         0.141     1.665 r  u_cfg/rom_idx_reg[0]/Q
                         net (fo=13, routed)          0.121     1.786    u_cfg/rom_idx_reg[0]
    SLICE_X8Y132         LUT3 (Prop_lut3_I1_O)        0.048     1.834 r  u_cfg/rom_idx[2]_i_1/O
                         net (fo=1, routed)           0.000     1.834    u_cfg/rom_idx[2]_i_1_n_0
    SLICE_X8Y132         FDRE                                         r  u_cfg/rom_idx_reg[2]/D
  -------------------------------------------------------------------    -------------------

                         (clock sys_clk_100mhz rise edge)
                                                      0.000     0.000 r  
    W5                                                0.000     0.000 r  clk_100mhz (IN)
                         net (fo=0)                   0.000     0.000    clk_100mhz
    W5                   IBUF (Prop_ibuf_I_O)         0.414     0.414 r  clk_100mhz_IBUF_inst/O
                         net (fo=1, routed)           0.685     1.099    clk_100mhz_IBUF
    BUFGCTRL_X0Y1        BUFG (Prop_bufg_I_O)         0.029     1.128 r  clk_100mhz_IBUF_BUFG_inst/O
                         net (fo=101, routed)         0.913     2.041    u_cfg/clk_100mhz
    SLICE_X8Y132         FDRE                                         r  u_cfg/rom_idx_reg[2]/C
                         clock pessimism             -0.504     1.537    
    SLICE_X8Y132         FDRE (Hold_fdre_C_D)         0.131     1.668    u_cfg/rom_idx_reg[2]
  -------------------------------------------------------------------
                         required time                         -1.668    
                         arrival time                           1.834    
  -------------------------------------------------------------------
                         slack                                  0.166    

Slack (MET) :             0.174ns  (arrival time - required time)
  Source:                 u_cfg/rom_idx_reg[0]/C
                            (rising edge-triggered cell FDRE clocked by sys_clk_100mhz  {rise@0.000ns fall@5.000ns period=10.000ns})
  Destination:            u_cfg/rom_idx_reg[1]/D
                            (rising edge-triggered cell FDRE clocked by sys_clk_100mhz  {rise@0.000ns fall@5.000ns period=10.000ns})
  Path Group:             sys_clk_100mhz
  Path Type:              Hold (Min at Fast Process Corner)
  Requirement:            0.000ns  (sys_clk_100mhz rise@0.000ns - sys_clk_100mhz rise@0.000ns)
  Data Path Delay:        0.307ns  (logic 0.186ns (60.498%)  route 0.121ns (39.502%))
  Logic Levels:           1  (LUT2=1)
  Clock Path Skew:        0.013ns (DCD - SCD - CPR)
    Destination Clock Delay (DCD):    2.041ns
    Source Clock Delay      (SCD):    1.524ns
    Clock Pessimism Removal (CPR):    0.504ns

    Location             Delay type                Incr(ns)  Path(ns)    Netlist Resource(s)
  -------------------------------------------------------------------    -------------------
                         (clock sys_clk_100mhz rise edge)
                                                      0.000     0.000 r  
    W5                                                0.000     0.000 r  clk_100mhz (IN)
                         net (fo=0)                   0.000     0.000    clk_100mhz
    W5                   IBUF (Prop_ibuf_I_O)         0.226     0.226 r  clk_100mhz_IBUF_inst/O
                         net (fo=1, routed)           0.631     0.858    clk_100mhz_IBUF
    BUFGCTRL_X0Y1        BUFG (Prop_bufg_I_O)         0.026     0.884 r  clk_100mhz_IBUF_BUFG_inst/O
                         net (fo=101, routed)         0.640     1.524    u_cfg/clk_100mhz
    SLICE_X9Y132         FDRE                                         r  u_cfg/rom_idx_reg[0]/C
  -------------------------------------------------------------------    -------------------
    SLICE_X9Y132         FDRE (Prop_fdre_C_Q)         0.141     1.665 r  u_cfg/rom_idx_reg[0]/Q
                         net (fo=13, routed)          0.121     1.786    u_cfg/rom_idx_reg[0]
    SLICE_X8Y132         LUT2 (Prop_lut2_I0_O)        0.045     1.831 r  u_cfg/rom_idx[1]_i_1/O
                         net (fo=1, routed)           0.000     1.831    u_cfg/rom_idx[1]_i_1_n_0
    SLICE_X8Y132         FDRE                                         r  u_cfg/rom_idx_reg[1]/D
  -------------------------------------------------------------------    -------------------

                         (clock sys_clk_100mhz rise edge)
                                                      0.000     0.000 r  
    W5                                                0.000     0.000 r  clk_100mhz (IN)
                         net (fo=0)                   0.000     0.000    clk_100mhz
    W5                   IBUF (Prop_ibuf_I_O)         0.414     0.414 r  clk_100mhz_IBUF_inst/O
                         net (fo=1, routed)           0.685     1.099    clk_100mhz_IBUF
    BUFGCTRL_X0Y1        BUFG (Prop_bufg_I_O)         0.029     1.128 r  clk_100mhz_IBUF_BUFG_inst/O
                         net (fo=101, routed)         0.913     2.041    u_cfg/clk_100mhz
    SLICE_X8Y132         FDRE                                         r  u_cfg/rom_idx_reg[1]/C
                         clock pessimism             -0.504     1.537    
    SLICE_X8Y132         FDRE (Hold_fdre_C_D)         0.120     1.657    u_cfg/rom_idx_reg[1]
  -------------------------------------------------------------------
                         required time                         -1.657    
                         arrival time                           1.831    
  -------------------------------------------------------------------
                         slack                                  0.174    

Slack (MET) :             0.177ns  (arrival time - required time)
  Source:                 u_cfg/rom_idx_reg[0]/C
                            (rising edge-triggered cell FDRE clocked by sys_clk_100mhz  {rise@0.000ns fall@5.000ns period=10.000ns})
  Destination:            u_cfg/rom_idx_reg[5]/D
                            (rising edge-triggered cell FDRE clocked by sys_clk_100mhz  {rise@0.000ns fall@5.000ns period=10.000ns})
  Path Group:             sys_clk_100mhz
  Path Type:              Hold (Min at Fast Process Corner)
  Requirement:            0.000ns  (sys_clk_100mhz rise@0.000ns - sys_clk_100mhz rise@0.000ns)
  Data Path Delay:        0.311ns  (logic 0.186ns (59.721%)  route 0.125ns (40.279%))
  Logic Levels:           1  (LUT6=1)
  Clock Path Skew:        0.013ns (DCD - SCD - CPR)
    Destination Clock Delay (DCD):    2.041ns
    Source Clock Delay      (SCD):    1.524ns
    Clock Pessimism Removal (CPR):    0.504ns

    Location             Delay type                Incr(ns)  Path(ns)    Netlist Resource(s)
  -------------------------------------------------------------------    -------------------
                         (clock sys_clk_100mhz rise edge)
                                                      0.000     0.000 r  
    W5                                                0.000     0.000 r  clk_100mhz (IN)
                         net (fo=0)                   0.000     0.000    clk_100mhz
    W5                   IBUF (Prop_ibuf_I_O)         0.226     0.226 r  clk_100mhz_IBUF_inst/O
                         net (fo=1, routed)           0.631     0.858    clk_100mhz_IBUF
    BUFGCTRL_X0Y1        BUFG (Prop_bufg_I_O)         0.026     0.884 r  clk_100mhz_IBUF_BUFG_inst/O
                         net (fo=101, routed)         0.640     1.524    u_cfg/clk_100mhz
    SLICE_X9Y132         FDRE                                         r  u_cfg/rom_idx_reg[0]/C
  -------------------------------------------------------------------    -------------------
    SLICE_X9Y132         FDRE (Prop_fdre_C_Q)         0.141     1.665 r  u_cfg/rom_idx_reg[0]/Q
                         net (fo=13, routed)          0.125     1.790    u_cfg/rom_idx_reg[0]
    SLICE_X8Y132         LUT6 (Prop_lut6_I1_O)        0.045     1.835 r  u_cfg/rom_idx[5]_i_1/O
                         net (fo=1, routed)           0.000     1.835    u_cfg/rom_idx[5]_i_1_n_0
    SLICE_X8Y132         FDRE                                         r  u_cfg/rom_idx_reg[5]/D
  -------------------------------------------------------------------    -------------------

                         (clock sys_clk_100mhz rise edge)
                                                      0.000     0.000 r  
    W5                                                0.000     0.000 r  clk_100mhz (IN)
                         net (fo=0)                   0.000     0.000    clk_100mhz
    W5                   IBUF (Prop_ibuf_I_O)         0.414     0.414 r  clk_100mhz_IBUF_inst/O
                         net (fo=1, routed)           0.685     1.099    clk_100mhz_IBUF
    BUFGCTRL_X0Y1        BUFG (Prop_bufg_I_O)         0.029     1.128 r  clk_100mhz_IBUF_BUFG_inst/O
                         net (fo=101, routed)         0.913     2.041    u_cfg/clk_100mhz
    SLICE_X8Y132         FDRE                                         r  u_cfg/rom_idx_reg[5]/C
                         clock pessimism             -0.504     1.537    
    SLICE_X8Y132         FDRE (Hold_fdre_C_D)         0.121     1.658    u_cfg/rom_idx_reg[5]
  -------------------------------------------------------------------
                         required time                         -1.658    
                         arrival time                           1.835    
  -------------------------------------------------------------------
                         slack                                  0.177    

Slack (MET) :             0.192ns  (arrival time - required time)
  Source:                 u_sccb/clk_cnt_reg[6]/C
                            (rising edge-triggered cell FDRE clocked by sys_clk_100mhz  {rise@0.000ns fall@5.000ns period=10.000ns})
  Destination:            u_sccb/clk_cnt_reg[7]/D
                            (rising edge-triggered cell FDRE clocked by sys_clk_100mhz  {rise@0.000ns fall@5.000ns period=10.000ns})
  Path Group:             sys_clk_100mhz
  Path Type:              Hold (Min at Fast Process Corner)
  Requirement:            0.000ns  (sys_clk_100mhz rise@0.000ns - sys_clk_100mhz rise@0.000ns)
  Data Path Delay:        0.297ns  (logic 0.186ns (62.558%)  route 0.111ns (37.442%))
  Logic Levels:           1  (LUT6=1)
  Clock Path Skew:        0.013ns (DCD - SCD - CPR)
    Destination Clock Delay (DCD):    2.076ns
    Source Clock Delay      (SCD):    1.557ns
    Clock Pessimism Removal (CPR):    0.506ns

    Location             Delay type                Incr(ns)  Path(ns)    Netlist Resource(s)
  -------------------------------------------------------------------    -------------------
                         (clock sys_clk_100mhz rise edge)
                                                      0.000     0.000 r  
    W5                                                0.000     0.000 r  clk_100mhz (IN)
                         net (fo=0)                   0.000     0.000    clk_100mhz
    W5                   IBUF (Prop_ibuf_I_O)         0.226     0.226 r  clk_100mhz_IBUF_inst/O
                         net (fo=1, routed)           0.631     0.858    clk_100mhz_IBUF
    BUFGCTRL_X0Y1        BUFG (Prop_bufg_I_O)         0.026     0.884 r  clk_100mhz_IBUF_BUFG_inst/O
                         net (fo=101, routed)         0.673     1.557    u_sccb/clk_100mhz
    SLICE_X0Y138         FDRE                                         r  u_sccb/clk_cnt_reg[6]/C
  -------------------------------------------------------------------    -------------------
    SLICE_X0Y138         FDRE (Prop_fdre_C_Q)         0.141     1.698 r  u_sccb/clk_cnt_reg[6]/Q
                         net (fo=3, routed)           0.111     1.809    u_sccb/clk_cnt_reg[6]
    SLICE_X1Y138         LUT6 (Prop_lut6_I4_O)        0.045     1.854 r  u_sccb/clk_cnt[7]_i_2/O
                         net (fo=1, routed)           0.000     1.854    u_sccb/clk_cnt[7]_i_2_n_0
    SLICE_X1Y138         FDRE                                         r  u_sccb/clk_cnt_reg[7]/D
  -------------------------------------------------------------------    -------------------

                         (clock sys_clk_100mhz rise edge)
                                                      0.000     0.000 r  
    W5                                                0.000     0.000 r  clk_100mhz (IN)
                         net (fo=0)                   0.000     0.000    clk_100mhz
    W5                   IBUF (Prop_ibuf_I_O)         0.414     0.414 r  clk_100mhz_IBUF_inst/O
                         net (fo=1, routed)           0.685     1.099    clk_100mhz_IBUF
    BUFGCTRL_X0Y1        BUFG (Prop_bufg_I_O)         0.029     1.128 r  clk_100mhz_IBUF_BUFG_inst/O
                         net (fo=101, routed)         0.948     2.076    u_sccb/clk_100mhz
    SLICE_X1Y138         FDRE                                         r  u_sccb/clk_cnt_reg[7]/C
                         clock pessimism             -0.506     1.570    
    SLICE_X1Y138         FDRE (Hold_fdre_C_D)         0.092     1.662    u_sccb/clk_cnt_reg[7]
  -------------------------------------------------------------------
                         required time                         -1.662    
                         arrival time                           1.854    
  -------------------------------------------------------------------
                         slack                                  0.192    

Slack (MET) :             0.216ns  (arrival time - required time)
  Source:                 u_cfg/reg_addr_reg[3]/C
                            (rising edge-triggered cell FDRE clocked by sys_clk_100mhz  {rise@0.000ns fall@5.000ns period=10.000ns})
  Destination:            u_sccb/tx_byte_reg[3]/D
                            (rising edge-triggered cell FDRE clocked by sys_clk_100mhz  {rise@0.000ns fall@5.000ns period=10.000ns})
  Path Group:             sys_clk_100mhz
  Path Type:              Hold (Min at Fast Process Corner)
  Requirement:            0.000ns  (sys_clk_100mhz rise@0.000ns - sys_clk_100mhz rise@0.000ns)
  Data Path Delay:        0.322ns  (logic 0.186ns (57.733%)  route 0.136ns (42.267%))
  Logic Levels:           1  (LUT4=1)
  Clock Path Skew:        0.015ns (DCD - SCD - CPR)
    Destination Clock Delay (DCD):    2.044ns
    Source Clock Delay      (SCD):    1.526ns
    Clock Pessimism Removal (CPR):    0.503ns

    Location             Delay type                Incr(ns)  Path(ns)    Netlist Resource(s)
  -------------------------------------------------------------------    -------------------
                         (clock sys_clk_100mhz rise edge)
                                                      0.000     0.000 r  
    W5                                                0.000     0.000 r  clk_100mhz (IN)
                         net (fo=0)                   0.000     0.000    clk_100mhz
    W5                   IBUF (Prop_ibuf_I_O)         0.226     0.226 r  clk_100mhz_IBUF_inst/O
                         net (fo=1, routed)           0.631     0.858    clk_100mhz_IBUF
    BUFGCTRL_X0Y1        BUFG (Prop_bufg_I_O)         0.026     0.884 r  clk_100mhz_IBUF_BUFG_inst/O
                         net (fo=101, routed)         0.642     1.526    u_cfg/clk_100mhz
    SLICE_X9Y134         FDRE                                         r  u_cfg/reg_addr_reg[3]/C
  -------------------------------------------------------------------    -------------------
    SLICE_X9Y134         FDRE (Prop_fdre_C_Q)         0.141     1.667 r  u_cfg/reg_addr_reg[3]/Q
                         net (fo=1, routed)           0.136     1.803    u_cfg/reg_addr[3]
    SLICE_X9Y135         LUT4 (Prop_lut4_I0_O)        0.045     1.848 r  u_cfg/tx_byte[3]_i_1/O
                         net (fo=1, routed)           0.000     1.848    u_sccb/D[2]
    SLICE_X9Y135         FDRE                                         r  u_sccb/tx_byte_reg[3]/D
  -------------------------------------------------------------------    -------------------

                         (clock sys_clk_100mhz rise edge)
                                                      0.000     0.000 r  
    W5                                                0.000     0.000 r  clk_100mhz (IN)
                         net (fo=0)                   0.000     0.000    clk_100mhz
    W5                   IBUF (Prop_ibuf_I_O)         0.414     0.414 r  clk_100mhz_IBUF_inst/O
                         net (fo=1, routed)           0.685     1.099    clk_100mhz_IBUF
    BUFGCTRL_X0Y1        BUFG (Prop_bufg_I_O)         0.029     1.128 r  clk_100mhz_IBUF_BUFG_inst/O
                         net (fo=101, routed)         0.916     2.044    u_sccb/clk_100mhz
    SLICE_X9Y135         FDRE                                         r  u_sccb/tx_byte_reg[3]/C
                         clock pessimism             -0.503     1.541    
    SLICE_X9Y135         FDRE (Hold_fdre_C_D)         0.091     1.632    u_sccb/tx_byte_reg[3]
  -------------------------------------------------------------------
                         required time                         -1.632    
                         arrival time                           1.848    
  -------------------------------------------------------------------
                         slack                                  0.216    

Slack (MET) :             0.226ns  (arrival time - required time)
  Source:                 u_sccb/bit_cnt_reg[1]/C
                            (rising edge-triggered cell FDSE clocked by sys_clk_100mhz  {rise@0.000ns fall@5.000ns period=10.000ns})
  Destination:            u_sccb/bit_cnt_reg[2]/D
                            (rising edge-triggered cell FDSE clocked by sys_clk_100mhz  {rise@0.000ns fall@5.000ns period=10.000ns})
  Path Group:             sys_clk_100mhz
  Path Type:              Hold (Min at Fast Process Corner)
  Requirement:            0.000ns  (sys_clk_100mhz rise@0.000ns - sys_clk_100mhz rise@0.000ns)
  Data Path Delay:        0.347ns  (logic 0.246ns (70.822%)  route 0.101ns (29.178%))
  Logic Levels:           1  (LUT6=1)
  Clock Path Skew:        0.000ns (DCD - SCD - CPR)
    Destination Clock Delay (DCD):    2.044ns
    Source Clock Delay      (SCD):    1.526ns
    Clock Pessimism Removal (CPR):    0.518ns

    Location             Delay type                Incr(ns)  Path(ns)    Netlist Resource(s)
  -------------------------------------------------------------------    -------------------
                         (clock sys_clk_100mhz rise edge)
                                                      0.000     0.000 r  
    W5                                                0.000     0.000 r  clk_100mhz (IN)
                         net (fo=0)                   0.000     0.000    clk_100mhz
    W5                   IBUF (Prop_ibuf_I_O)         0.226     0.226 r  clk_100mhz_IBUF_inst/O
                         net (fo=1, routed)           0.631     0.858    clk_100mhz_IBUF
    BUFGCTRL_X0Y1        BUFG (Prop_bufg_I_O)         0.026     0.884 r  clk_100mhz_IBUF_BUFG_inst/O
                         net (fo=101, routed)         0.642     1.526    u_sccb/clk_100mhz
    SLICE_X10Y136        FDSE                                         r  u_sccb/bit_cnt_reg[1]/C
  -------------------------------------------------------------------    -------------------
    SLICE_X10Y136        FDSE (Prop_fdse_C_Q)         0.148     1.674 r  u_sccb/bit_cnt_reg[1]/Q
                         net (fo=6, routed)           0.101     1.775    u_sccb/bit_cnt_reg_n_0_[1]
    SLICE_X10Y136        LUT6 (Prop_lut6_I1_O)        0.098     1.873 r  u_sccb/bit_cnt[2]_i_1/O
                         net (fo=1, routed)           0.000     1.873    u_sccb/bit_cnt[2]_i_1_n_0
    SLICE_X10Y136        FDSE                                         r  u_sccb/bit_cnt_reg[2]/D
  -------------------------------------------------------------------    -------------------

                         (clock sys_clk_100mhz rise edge)
                                                      0.000     0.000 r  
    W5                                                0.000     0.000 r  clk_100mhz (IN)
                         net (fo=0)                   0.000     0.000    clk_100mhz
    W5                   IBUF (Prop_ibuf_I_O)         0.414     0.414 r  clk_100mhz_IBUF_inst/O
                         net (fo=1, routed)           0.685     1.099    clk_100mhz_IBUF
    BUFGCTRL_X0Y1        BUFG (Prop_bufg_I_O)         0.029     1.128 r  clk_100mhz_IBUF_BUFG_inst/O
                         net (fo=101, routed)         0.916     2.044    u_sccb/clk_100mhz
    SLICE_X10Y136        FDSE                                         r  u_sccb/bit_cnt_reg[2]/C
                         clock pessimism             -0.518     1.526    
    SLICE_X10Y136        FDSE (Hold_fdse_C_D)         0.121     1.647    u_sccb/bit_cnt_reg[2]
  -------------------------------------------------------------------
                         required time                         -1.647    
                         arrival time                           1.873    
  -------------------------------------------------------------------
                         slack                                  0.226    

Slack (MET) :             0.237ns  (arrival time - required time)
  Source:                 u_sccb/clk_cnt_reg[3]/C
                            (rising edge-triggered cell FDRE clocked by sys_clk_100mhz  {rise@0.000ns fall@5.000ns period=10.000ns})
  Destination:            u_sccb/clk_cnt_reg[5]/D
                            (rising edge-triggered cell FDRE clocked by sys_clk_100mhz  {rise@0.000ns fall@5.000ns period=10.000ns})
  Path Group:             sys_clk_100mhz
  Path Type:              Hold (Min at Fast Process Corner)
  Requirement:            0.000ns  (sys_clk_100mhz rise@0.000ns - sys_clk_100mhz rise@0.000ns)
  Data Path Delay:        0.329ns  (logic 0.186ns (56.495%)  route 0.143ns (43.505%))
  Logic Levels:           1  (LUT6=1)
  Clock Path Skew:        0.000ns (DCD - SCD - CPR)
    Destination Clock Delay (DCD):    2.076ns
    Source Clock Delay      (SCD):    1.557ns
    Clock Pessimism Removal (CPR):    0.519ns

    Location             Delay type                Incr(ns)  Path(ns)    Netlist Resource(s)
  -------------------------------------------------------------------    -------------------
                         (clock sys_clk_100mhz rise edge)
                                                      0.000     0.000 r  
    W5                                                0.000     0.000 r  clk_100mhz (IN)
                         net (fo=0)                   0.000     0.000    clk_100mhz
    W5                   IBUF (Prop_ibuf_I_O)         0.226     0.226 r  clk_100mhz_IBUF_inst/O
                         net (fo=1, routed)           0.631     0.858    clk_100mhz_IBUF
    BUFGCTRL_X0Y1        BUFG (Prop_bufg_I_O)         0.026     0.884 r  clk_100mhz_IBUF_BUFG_inst/O
                         net (fo=101, routed)         0.673     1.557    u_sccb/clk_100mhz
    SLICE_X1Y138         FDRE                                         r  u_sccb/clk_cnt_reg[3]/C
  -------------------------------------------------------------------    -------------------
    SLICE_X1Y138         FDRE (Prop_fdre_C_Q)         0.141     1.698 r  u_sccb/clk_cnt_reg[3]/Q
                         net (fo=6, routed)           0.143     1.841    u_sccb/clk_cnt_reg[3]
    SLICE_X1Y138         LUT6 (Prop_lut6_I0_O)        0.045     1.886 r  u_sccb/clk_cnt[5]_i_1/O
                         net (fo=1, routed)           0.000     1.886    u_sccb/clk_cnt[5]_i_1_n_0
    SLICE_X1Y138         FDRE                                         r  u_sccb/clk_cnt_reg[5]/D
  -------------------------------------------------------------------    -------------------

                         (clock sys_clk_100mhz rise edge)
                                                      0.000     0.000 r  
    W5                                                0.000     0.000 r  clk_100mhz (IN)
                         net (fo=0)                   0.000     0.000    clk_100mhz
    W5                   IBUF (Prop_ibuf_I_O)         0.414     0.414 r  clk_100mhz_IBUF_inst/O
                         net (fo=1, routed)           0.685     1.099    clk_100mhz_IBUF
    BUFGCTRL_X0Y1        BUFG (Prop_bufg_I_O)         0.029     1.128 r  clk_100mhz_IBUF_BUFG_inst/O
                         net (fo=101, routed)         0.948     2.076    u_sccb/clk_100mhz
    SLICE_X1Y138         FDRE                                         r  u_sccb/clk_cnt_reg[5]/C
                         clock pessimism             -0.519     1.557    
    SLICE_X1Y138         FDRE (Hold_fdre_C_D)         0.092     1.649    u_sccb/clk_cnt_reg[5]
  -------------------------------------------------------------------
                         required time                         -1.649    
                         arrival time                           1.886    
  -------------------------------------------------------------------
                         slack                                  0.237    

Slack (MET) :             0.239ns  (arrival time - required time)
  Source:                 u_cfg/reg_addr_reg[1]/C
                            (rising edge-triggered cell FDRE clocked by sys_clk_100mhz  {rise@0.000ns fall@5.000ns period=10.000ns})
  Destination:            u_sccb/tx_byte_reg[1]/D
                            (rising edge-triggered cell FDRE clocked by sys_clk_100mhz  {rise@0.000ns fall@5.000ns period=10.000ns})
  Path Group:             sys_clk_100mhz
  Path Type:              Hold (Min at Fast Process Corner)
  Requirement:            0.000ns  (sys_clk_100mhz rise@0.000ns - sys_clk_100mhz rise@0.000ns)
  Data Path Delay:        0.344ns  (logic 0.209ns (60.737%)  route 0.135ns (39.263%))
  Logic Levels:           1  (LUT4=1)
  Clock Path Skew:        0.013ns (DCD - SCD - CPR)
    Destination Clock Delay (DCD):    2.044ns
    Source Clock Delay      (SCD):    1.526ns
    Clock Pessimism Removal (CPR):    0.505ns

    Location             Delay type                Incr(ns)  Path(ns)    Netlist Resource(s)
  -------------------------------------------------------------------    -------------------
                         (clock sys_clk_100mhz rise edge)
                                                      0.000     0.000 r  
    W5                                                0.000     0.000 r  clk_100mhz (IN)
                         net (fo=0)                   0.000     0.000    clk_100mhz
    W5                   IBUF (Prop_ibuf_I_O)         0.226     0.226 r  clk_100mhz_IBUF_inst/O
                         net (fo=1, routed)           0.631     0.858    clk_100mhz_IBUF
    BUFGCTRL_X0Y1        BUFG (Prop_bufg_I_O)         0.026     0.884 r  clk_100mhz_IBUF_BUFG_inst/O
                         net (fo=101, routed)         0.642     1.526    u_cfg/clk_100mhz
    SLICE_X10Y135        FDRE                                         r  u_cfg/reg_addr_reg[1]/C
  -------------------------------------------------------------------    -------------------
    SLICE_X10Y135        FDRE (Prop_fdre_C_Q)         0.164     1.690 r  u_cfg/reg_addr_reg[1]/Q
                         net (fo=1, routed)           0.135     1.825    u_sccb/tx_byte_reg[6]_0[0]
    SLICE_X11Y135        LUT4 (Prop_lut4_I1_O)        0.045     1.870 r  u_sccb/tx_byte[1]_i_1/O
                         net (fo=1, routed)           0.000     1.870    u_sccb/tx_byte[1]_i_1_n_0
    SLICE_X11Y135        FDRE                                         r  u_sccb/tx_byte_reg[1]/D
  -------------------------------------------------------------------    -------------------

                         (clock sys_clk_100mhz rise edge)
                                                      0.000     0.000 r  
    W5                                                0.000     0.000 r  clk_100mhz (IN)
                         net (fo=0)                   0.000     0.000    clk_100mhz
    W5                   IBUF (Prop_ibuf_I_O)         0.414     0.414 r  clk_100mhz_IBUF_inst/O
                         net (fo=1, routed)           0.685     1.099    clk_100mhz_IBUF
    BUFGCTRL_X0Y1        BUFG (Prop_bufg_I_O)         0.029     1.128 r  clk_100mhz_IBUF_BUFG_inst/O
                         net (fo=101, routed)         0.916     2.044    u_sccb/clk_100mhz
    SLICE_X11Y135        FDRE                                         r  u_sccb/tx_byte_reg[1]/C
                         clock pessimism             -0.505     1.539    
    SLICE_X11Y135        FDRE (Hold_fdre_C_D)         0.092     1.631    u_sccb/tx_byte_reg[1]
  -------------------------------------------------------------------
                         required time                         -1.631    
                         arrival time                           1.870    
  -------------------------------------------------------------------
                         slack                                  0.239    

Slack (MET) :             0.240ns  (arrival time - required time)
  Source:                 u_cfg/reg_addr_reg[5]/C
                            (rising edge-triggered cell FDRE clocked by sys_clk_100mhz  {rise@0.000ns fall@5.000ns period=10.000ns})
  Destination:            u_sccb/tx_byte_reg[5]/D
                            (rising edge-triggered cell FDRE clocked by sys_clk_100mhz  {rise@0.000ns fall@5.000ns period=10.000ns})
  Path Group:             sys_clk_100mhz
  Path Type:              Hold (Min at Fast Process Corner)
  Requirement:            0.000ns  (sys_clk_100mhz rise@0.000ns - sys_clk_100mhz rise@0.000ns)
  Data Path Delay:        0.344ns  (logic 0.209ns (60.737%)  route 0.135ns (39.263%))
  Logic Levels:           1  (LUT4=1)
  Clock Path Skew:        0.013ns (DCD - SCD - CPR)
    Destination Clock Delay (DCD):    2.044ns
    Source Clock Delay      (SCD):    1.526ns
    Clock Pessimism Removal (CPR):    0.505ns

    Location             Delay type                Incr(ns)  Path(ns)    Netlist Resource(s)
  -------------------------------------------------------------------    -------------------
                         (clock sys_clk_100mhz rise edge)
                                                      0.000     0.000 r  
    W5                                                0.000     0.000 r  clk_100mhz (IN)
                         net (fo=0)                   0.000     0.000    clk_100mhz
    W5                   IBUF (Prop_ibuf_I_O)         0.226     0.226 r  clk_100mhz_IBUF_inst/O
                         net (fo=1, routed)           0.631     0.858    clk_100mhz_IBUF
    BUFGCTRL_X0Y1        BUFG (Prop_bufg_I_O)         0.026     0.884 r  clk_100mhz_IBUF_BUFG_inst/O
                         net (fo=101, routed)         0.642     1.526    u_cfg/clk_100mhz
    SLICE_X8Y136         FDRE                                         r  u_cfg/reg_addr_reg[5]/C
  -------------------------------------------------------------------    -------------------
    SLICE_X8Y136         FDRE (Prop_fdre_C_Q)         0.164     1.690 r  u_cfg/reg_addr_reg[5]/Q
                         net (fo=1, routed)           0.135     1.825    u_cfg/reg_addr[5]
    SLICE_X9Y136         LUT4 (Prop_lut4_I0_O)        0.045     1.870 r  u_cfg/tx_byte[5]_i_1/O
                         net (fo=1, routed)           0.000     1.870    u_sccb/D[4]
    SLICE_X9Y136         FDRE                                         r  u_sccb/tx_byte_reg[5]/D
  -------------------------------------------------------------------    -------------------

                         (clock sys_clk_100mhz rise edge)
                                                      0.000     0.000 r  
    W5                                                0.000     0.000 r  clk_100mhz (IN)
                         net (fo=0)                   0.000     0.000    clk_100mhz
    W5                   IBUF (Prop_ibuf_I_O)         0.414     0.414 r  clk_100mhz_IBUF_inst/O
                         net (fo=1, routed)           0.685     1.099    clk_100mhz_IBUF
    BUFGCTRL_X0Y1        BUFG (Prop_bufg_I_O)         0.029     1.128 r  clk_100mhz_IBUF_BUFG_inst/O
                         net (fo=101, routed)         0.916     2.044    u_sccb/clk_100mhz
    SLICE_X9Y136         FDRE                                         r  u_sccb/tx_byte_reg[5]/C
                         clock pessimism             -0.505     1.539    
    SLICE_X9Y136         FDRE (Hold_fdre_C_D)         0.091     1.630    u_sccb/tx_byte_reg[5]
  -------------------------------------------------------------------
                         required time                         -1.630    
                         arrival time                           1.870    
  -------------------------------------------------------------------
                         slack                                  0.240    

Slack (MET) :             0.240ns  (arrival time - required time)
  Source:                 u_cfg/reg_addr_reg[6]/C
                            (rising edge-triggered cell FDRE clocked by sys_clk_100mhz  {rise@0.000ns fall@5.000ns period=10.000ns})
  Destination:            u_sccb/tx_byte_reg[6]/D
                            (rising edge-triggered cell FDRE clocked by sys_clk_100mhz  {rise@0.000ns fall@5.000ns period=10.000ns})
  Path Group:             sys_clk_100mhz
  Path Type:              Hold (Min at Fast Process Corner)
  Requirement:            0.000ns  (sys_clk_100mhz rise@0.000ns - sys_clk_100mhz rise@0.000ns)
  Data Path Delay:        0.345ns  (logic 0.209ns (60.561%)  route 0.136ns (39.439%))
  Logic Levels:           1  (LUT4=1)
  Clock Path Skew:        0.013ns (DCD - SCD - CPR)
    Destination Clock Delay (DCD):    2.044ns
    Source Clock Delay      (SCD):    1.526ns
    Clock Pessimism Removal (CPR):    0.505ns

    Location             Delay type                Incr(ns)  Path(ns)    Netlist Resource(s)
  -------------------------------------------------------------------    -------------------
                         (clock sys_clk_100mhz rise edge)
                                                      0.000     0.000 r  
    W5                                                0.000     0.000 r  clk_100mhz (IN)
                         net (fo=0)                   0.000     0.000    clk_100mhz
    W5                   IBUF (Prop_ibuf_I_O)         0.226     0.226 r  clk_100mhz_IBUF_inst/O
                         net (fo=1, routed)           0.631     0.858    clk_100mhz_IBUF
    BUFGCTRL_X0Y1        BUFG (Prop_bufg_I_O)         0.026     0.884 r  clk_100mhz_IBUF_BUFG_inst/O
                         net (fo=101, routed)         0.642     1.526    u_cfg/clk_100mhz
    SLICE_X8Y136         FDRE                                         r  u_cfg/reg_addr_reg[6]/C
  -------------------------------------------------------------------    -------------------
    SLICE_X8Y136         FDRE (Prop_fdre_C_Q)         0.164     1.690 r  u_cfg/reg_addr_reg[6]/Q
                         net (fo=1, routed)           0.136     1.826    u_sccb/tx_byte_reg[6]_0[1]
    SLICE_X9Y136         LUT4 (Prop_lut4_I1_O)        0.045     1.871 r  u_sccb/tx_byte[6]_i_1/O
                         net (fo=1, routed)           0.000     1.871    u_sccb/tx_byte[6]_i_1_n_0
    SLICE_X9Y136         FDRE                                         r  u_sccb/tx_byte_reg[6]/D
  -------------------------------------------------------------------    -------------------

                         (clock sys_clk_100mhz rise edge)
                                                      0.000     0.000 r  
    W5                                                0.000     0.000 r  clk_100mhz (IN)
                         net (fo=0)                   0.000     0.000    clk_100mhz
    W5                   IBUF (Prop_ibuf_I_O)         0.414     0.414 r  clk_100mhz_IBUF_inst/O
                         net (fo=1, routed)           0.685     1.099    clk_100mhz_IBUF
    BUFGCTRL_X0Y1        BUFG (Prop_bufg_I_O)         0.029     1.128 r  clk_100mhz_IBUF_BUFG_inst/O
                         net (fo=101, routed)         0.916     2.044    u_sccb/clk_100mhz
    SLICE_X9Y136         FDRE                                         r  u_sccb/tx_byte_reg[6]/C
                         clock pessimism             -0.505     1.539    
    SLICE_X9Y136         FDRE (Hold_fdre_C_D)         0.092     1.631    u_sccb/tx_byte_reg[6]
  -------------------------------------------------------------------
                         required time                         -1.631    
                         arrival time                           1.871    
  -------------------------------------------------------------------
                         slack                                  0.240    





Pulse Width Checks
--------------------------------------------------------------------------------------
Clock Name:         sys_clk_100mhz
Waveform(ns):       { 0.000 5.000 }
Period(ns):         10.000
Sources:            { clk_100mhz }

Check Type        Corner  Lib Pin             Reference Pin  Required(ns)  Actual(ns)  Slack(ns)  Location       Pin
Min Period        n/a     RAMB18E1/CLKARDCLK  n/a            2.576         10.000      7.424      RAMB18_X0Y54   u_cfg/rom_idx_reg_rep/CLKARDCLK
Min Period        n/a     BUFG/I              n/a            2.155         10.000      7.845      BUFGCTRL_X0Y1  clk_100mhz_IBUF_BUFG_inst/I
Min Period        n/a     FDRE/C              n/a            1.000         10.000      9.000      SLICE_X13Y123  global_rst_reg/C
Min Period        n/a     FDRE/C              n/a            1.000         10.000      9.000      SLICE_X12Y121  rst_cnt_reg[0]/C
Min Period        n/a     FDRE/C              n/a            1.000         10.000      9.000      SLICE_X12Y123  rst_cnt_reg[10]/C
Min Period        n/a     FDRE/C              n/a            1.000         10.000      9.000      SLICE_X12Y123  rst_cnt_reg[11]/C
Min Period        n/a     FDRE/C              n/a            1.000         10.000      9.000      SLICE_X12Y124  rst_cnt_reg[12]/C
Min Period        n/a     FDRE/C              n/a            1.000         10.000      9.000      SLICE_X12Y124  rst_cnt_reg[13]/C
Min Period        n/a     FDRE/C              n/a            1.000         10.000      9.000      SLICE_X12Y124  rst_cnt_reg[14]/C
Min Period        n/a     FDRE/C              n/a            1.000         10.000      9.000      SLICE_X12Y124  rst_cnt_reg[15]/C
Low Pulse Width   Slow    FDRE/C              n/a            0.500         5.000       4.500      SLICE_X13Y123  global_rst_reg/C
Low Pulse Width   Fast    FDRE/C              n/a            0.500         5.000       4.500      SLICE_X13Y123  global_rst_reg/C
Low Pulse Width   Slow    FDRE/C              n/a            0.500         5.000       4.500      SLICE_X12Y121  rst_cnt_reg[0]/C
Low Pulse Width   Fast    FDRE/C              n/a            0.500         5.000       4.500      SLICE_X12Y121  rst_cnt_reg[0]/C
Low Pulse Width   Slow    FDRE/C              n/a            0.500         5.000       4.500      SLICE_X12Y123  rst_cnt_reg[10]/C
Low Pulse Width   Fast    FDRE/C              n/a            0.500         5.000       4.500      SLICE_X12Y123  rst_cnt_reg[10]/C
Low Pulse Width   Slow    FDRE/C              n/a            0.500         5.000       4.500      SLICE_X12Y123  rst_cnt_reg[11]/C
Low Pulse Width   Fast    FDRE/C              n/a            0.500         5.000       4.500      SLICE_X12Y123  rst_cnt_reg[11]/C
Low Pulse Width   Slow    FDRE/C              n/a            0.500         5.000       4.500      SLICE_X12Y124  rst_cnt_reg[12]/C
Low Pulse Width   Fast    FDRE/C              n/a            0.500         5.000       4.500      SLICE_X12Y124  rst_cnt_reg[12]/C
High Pulse Width  Slow    FDRE/C              n/a            0.500         5.000       4.500      SLICE_X13Y123  global_rst_reg/C
High Pulse Width  Fast    FDRE/C              n/a            0.500         5.000       4.500      SLICE_X13Y123  global_rst_reg/C
High Pulse Width  Slow    FDRE/C              n/a            0.500         5.000       4.500      SLICE_X12Y121  rst_cnt_reg[0]/C
High Pulse Width  Fast    FDRE/C              n/a            0.500         5.000       4.500      SLICE_X12Y121  rst_cnt_reg[0]/C
High Pulse Width  Slow    FDRE/C              n/a            0.500         5.000       4.500      SLICE_X12Y123  rst_cnt_reg[10]/C
High Pulse Width  Fast    FDRE/C              n/a            0.500         5.000       4.500      SLICE_X12Y123  rst_cnt_reg[10]/C
High Pulse Width  Slow    FDRE/C              n/a            0.500         5.000       4.500      SLICE_X12Y123  rst_cnt_reg[11]/C
High Pulse Width  Fast    FDRE/C              n/a            0.500         5.000       4.500      SLICE_X12Y123  rst_cnt_reg[11]/C
High Pulse Width  Slow    FDRE/C              n/a            0.500         5.000       4.500      SLICE_X12Y124  rst_cnt_reg[12]/C
High Pulse Width  Fast    FDRE/C              n/a            0.500         5.000       4.500      SLICE_X12Y124  rst_cnt_reg[12]/C



---------------------------------------------------------------------------------------------------
From Clock:  u_clk_wiz/inst/clk_in1
  To Clock:  u_clk_wiz/inst/clk_in1

Setup :           NA  Failing Endpoints,  Worst Slack           NA  ,  Total Violation           NA
Hold  :           NA  Failing Endpoints,  Worst Slack           NA  ,  Total Violation           NA
PW    :            0  Failing Endpoints,  Worst Slack        3.000ns,  Total Violation        0.000ns
---------------------------------------------------------------------------------------------------


Pulse Width Checks
--------------------------------------------------------------------------------------
Clock Name:         u_clk_wiz/inst/clk_in1
Waveform(ns):       { 0.000 5.000 }
Period(ns):         10.000
Sources:            { u_clk_wiz/inst/clk_in1 }

Check Type        Corner  Lib Pin            Reference Pin  Required(ns)  Actual(ns)  Slack(ns)  Location         Pin
Min Period        n/a     MMCME2_ADV/CLKIN1  n/a            1.249         10.000      8.751      MMCME2_ADV_X1Y0  u_clk_wiz/inst/mmcm_adv_inst/CLKIN1
Max Period        n/a     MMCME2_ADV/CLKIN1  n/a            100.000       10.000      90.000     MMCME2_ADV_X1Y0  u_clk_wiz/inst/mmcm_adv_inst/CLKIN1
Low Pulse Width   Slow    MMCME2_ADV/CLKIN1  n/a            2.000         5.000       3.000      MMCME2_ADV_X1Y0  u_clk_wiz/inst/mmcm_adv_inst/CLKIN1
Low Pulse Width   Fast    MMCME2_ADV/CLKIN1  n/a            2.000         5.000       3.000      MMCME2_ADV_X1Y0  u_clk_wiz/inst/mmcm_adv_inst/CLKIN1
High Pulse Width  Slow    MMCME2_ADV/CLKIN1  n/a            2.000         5.000       3.000      MMCME2_ADV_X1Y0  u_clk_wiz/inst/mmcm_adv_inst/CLKIN1
High Pulse Width  Fast    MMCME2_ADV/CLKIN1  n/a            2.000         5.000       3.000      MMCME2_ADV_X1Y0  u_clk_wiz/inst/mmcm_adv_inst/CLKIN1



---------------------------------------------------------------------------------------------------
From Clock:  clk_out1_clk_wiz_0
  To Clock:  clk_out1_clk_wiz_0

Setup :            0  Failing Endpoints,  Worst Slack       28.441ns,  Total Violation        0.000ns
Hold  :            0  Failing Endpoints,  Worst Slack        0.117ns,  Total Violation        0.000ns
PW    :            0  Failing Endpoints,  Worst Slack       19.500ns,  Total Violation        0.000ns
---------------------------------------------------------------------------------------------------


Max Delay Paths
--------------------------------------------------------------------------------------
Slack (MET) :             28.441ns  (required time - arrival time)
  Source:                 u_bram/u_bram/U0/inst_blk_mem_gen/gnbram.gnativebmg.native_blk_mem_gen/valid.cstr/has_mux_b.B/no_softecc_norm_sel2.has_mem_regs.WITHOUT_ECC_PIPE.ce_pri.sel_pipe_d1_reg[0]/C
                            (rising edge-triggered cell FDRE clocked by clk_out1_clk_wiz_0  {rise@0.000ns fall@20.000ns period=40.000ns})
  Destination:            b_out_reg[2]/D
                            (rising edge-triggered cell FDRE clocked by clk_out1_clk_wiz_0  {rise@0.000ns fall@20.000ns period=40.000ns})
  Path Group:             clk_out1_clk_wiz_0
  Path Type:              Setup (Max at Slow Process Corner)
  Requirement:            40.000ns  (clk_out1_clk_wiz_0 rise@40.000ns - clk_out1_clk_wiz_0 rise@0.000ns)
  Data Path Delay:        11.394ns  (logic 4.063ns (35.660%)  route 7.331ns (64.340%))
  Logic Levels:           12  (CARRY4=5 LUT2=1 LUT4=2 LUT5=2 LUT6=1 MUXF7=1)
  Clock Path Skew:        -0.088ns (DCD - SCD + CPR)
    Destination Clock Delay (DCD):    1.437ns = ( 41.437 - 40.000 ) 
    Source Clock Delay      (SCD):    1.532ns
    Clock Pessimism Removal (CPR):    0.007ns
  Clock Uncertainty:      0.106ns  ((TSJ^2 + DJ^2)^1/2) / 2 + PE
    Total System Jitter     (TSJ):    0.071ns
    Discrete Jitter          (DJ):    0.200ns
    Phase Error              (PE):    0.000ns

    Location             Delay type                Incr(ns)  Path(ns)    Netlist Resource(s)
  -------------------------------------------------------------------    -------------------
                         (clock clk_out1_clk_wiz_0 rise edge)
                                                      0.000     0.000 r  
    BUFGCTRL_X0Y1        BUFG                         0.000     0.000 r  clk_100mhz_IBUF_BUFG_inst/O
                         net (fo=101, routed)         1.575     1.575    u_clk_wiz/inst/clk_in1
    MMCME2_ADV_X1Y0      MMCME2_ADV (Prop_mmcme2_adv_CLKIN1_CLKOUT0)
                                                     -3.333    -1.757 r  u_clk_wiz/inst/mmcm_adv_inst/CLKOUT0
                         net (fo=1, routed)           1.661    -0.096    u_clk_wiz/inst/clk_out1_clk_wiz_0
    BUFGCTRL_X0Y2        BUFG (Prop_bufg_I_O)         0.096    -0.000 r  u_clk_wiz/inst/clkout1_buf/O
                         net (fo=83, routed)          1.532     1.532    u_bram/u_bram/U0/inst_blk_mem_gen/gnbram.gnativebmg.native_blk_mem_gen/valid.cstr/has_mux_b.B/clkb
    SLICE_X34Y75         FDRE                                         r  u_bram/u_bram/U0/inst_blk_mem_gen/gnbram.gnativebmg.native_blk_mem_gen/valid.cstr/has_mux_b.B/no_softecc_norm_sel2.has_mem_regs.WITHOUT_ECC_PIPE.ce_pri.sel_pipe_d1_reg[0]/C
  -------------------------------------------------------------------    -------------------
    SLICE_X34Y75         FDRE (Prop_fdre_C_Q)         0.518     2.050 r  u_bram/u_bram/U0/inst_blk_mem_gen/gnbram.gnativebmg.native_blk_mem_gen/valid.cstr/has_mux_b.B/no_softecc_norm_sel2.has_mem_regs.WITHOUT_ECC_PIPE.ce_pri.sel_pipe_d1_reg[0]/Q
                         net (fo=45, routed)          2.996     5.046    u_bram/u_bram/U0/inst_blk_mem_gen/gnbram.gnativebmg.native_blk_mem_gen/valid.cstr/has_mux_b.B/no_softecc_norm_sel2.has_mem_regs.WITHOUT_ECC_PIPE.ce_pri.sel_pipe_d1_reg_n_0_[0]
    SLICE_X49Y50         LUT6 (Prop_lut6_I4_O)        0.124     5.170 r  u_bram/u_bram/U0/inst_blk_mem_gen/gnbram.gnativebmg.native_blk_mem_gen/valid.cstr/has_mux_b.B/doutb[9]_INST_0_i_7/O
                         net (fo=1, routed)           0.000     5.170    u_bram/u_bram/U0/inst_blk_mem_gen/gnbram.gnativebmg.native_blk_mem_gen/valid.cstr/has_mux_b.B/doutb[9]_INST_0_i_7_n_0
    SLICE_X49Y50         MUXF7 (Prop_muxf7_I1_O)      0.217     5.387 r  u_bram/u_bram/U0/inst_blk_mem_gen/gnbram.gnativebmg.native_blk_mem_gen/valid.cstr/has_mux_b.B/doutb[9]_INST_0_i_3/O
                         net (fo=1, routed)           1.296     6.682    u_bram/u_bram/U0/inst_blk_mem_gen/gnbram.gnativebmg.native_blk_mem_gen/valid.cstr/has_mux_b.B/doutb[9]_INST_0_i_3_n_0
    SLICE_X44Y60         LUT5 (Prop_lut5_I4_O)        0.299     6.981 r  u_bram/u_bram/U0/inst_blk_mem_gen/gnbram.gnativebmg.native_blk_mem_gen/valid.cstr/has_mux_b.B/doutb[9]_INST_0/O
                         net (fo=11, routed)          0.994     7.976    u_bram/doutb[9]
    SLICE_X43Y58         LUT4 (Prop_lut4_I0_O)        0.124     8.100 r  u_bram/y_scaled1__0_carry_i_7/O
                         net (fo=1, routed)           0.000     8.100    u_filter/r_out_reg[0]_i_12_0[0]
    SLICE_X43Y58         CARRY4 (Prop_carry4_S[0]_O[2])
                                                      0.547     8.647 r  u_filter/y_scaled1__0_carry/O[2]
                         net (fo=2, routed)           0.670     9.317    u_filter/O[2]
    SLICE_X42Y58         LUT5 (Prop_lut5_I4_O)        0.302     9.619 r  u_filter/r_out[0]_i_15/O
                         net (fo=1, routed)           0.000     9.619    u_bram/r_out[0]_i_8[2]
    SLICE_X42Y58         CARRY4 (Prop_carry4_S[2]_CO[3])
                                                      0.380     9.999 r  u_bram/r_out_reg[0]_i_12/CO[3]
                         net (fo=1, routed)           0.000     9.999    u_bram/r_out_reg[0]_i_12_n_0
    SLICE_X42Y59         CARRY4 (Prop_carry4_CI_O[0])
                                                      0.219    10.218 r  u_bram/r_out_reg[3]_i_6/O[0]
                         net (fo=1, routed)           0.431    10.650    u_filter/C[7]
    SLICE_X41Y58         LUT2 (Prop_lut2_I1_O)        0.295    10.945 r  u_filter/r_out[0]_i_4/O
                         net (fo=1, routed)           0.000    10.945    u_filter/r_out[0]_i_4_n_0
    SLICE_X41Y58         CARRY4 (Prop_carry4_S[3]_CO[3])
                                                      0.401    11.346 r  u_filter/r_out_reg[0]_i_2/CO[3]
                         net (fo=1, routed)           0.000    11.346    u_bram/r_out_reg[3]_1[0]
    SLICE_X41Y59         CARRY4 (Prop_carry4_CI_O[1])
                                                      0.334    11.680 r  u_bram/r_out_reg[3]_i_3/O[1]
                         net (fo=3, routed)           0.943    12.623    u_filter/r_out_reg[3][1]
    SLICE_X40Y56         LUT4 (Prop_lut4_I0_O)        0.303    12.926 r  u_filter/b_out[2]_i_1/O
                         net (fo=1, routed)           0.000    12.926    u_filter_n_27
    SLICE_X40Y56         FDRE                                         r  b_out_reg[2]/D
  -------------------------------------------------------------------    -------------------

                         (clock clk_out1_clk_wiz_0 rise edge)
                                                     40.000    40.000 r  
    BUFGCTRL_X0Y1        BUFG                         0.000    40.000 r  clk_100mhz_IBUF_BUFG_inst/O
                         net (fo=101, routed)         1.457    41.457    u_clk_wiz/inst/clk_in1
    MMCME2_ADV_X1Y0      MMCME2_ADV (Prop_mmcme2_adv_CLKIN1_CLKOUT0)
                                                     -3.129    38.328 r  u_clk_wiz/inst/mmcm_adv_inst/CLKOUT0
                         net (fo=1, routed)           1.581    39.909    u_clk_wiz/inst/clk_out1_clk_wiz_0
    BUFGCTRL_X0Y2        BUFG (Prop_bufg_I_O)         0.091    40.000 r  u_clk_wiz/inst/clkout1_buf/O
                         net (fo=83, routed)          1.437    41.437    pixel_clk
    SLICE_X40Y56         FDRE                                         r  b_out_reg[2]/C
                         clock pessimism              0.007    41.444    
                         clock uncertainty           -0.106    41.337    
    SLICE_X40Y56         FDRE (Setup_fdre_C_D)        0.029    41.366    b_out_reg[2]
  -------------------------------------------------------------------
                         required time                         41.366    
                         arrival time                         -12.926    
  -------------------------------------------------------------------
                         slack                                 28.441    

Slack (MET) :             28.762ns  (required time - arrival time)
  Source:                 u_bram/u_bram/U0/inst_blk_mem_gen/gnbram.gnativebmg.native_blk_mem_gen/valid.cstr/has_mux_b.B/no_softecc_norm_sel2.has_mem_regs.WITHOUT_ECC_PIPE.ce_pri.sel_pipe_d1_reg[0]/C
                            (rising edge-triggered cell FDRE clocked by clk_out1_clk_wiz_0  {rise@0.000ns fall@20.000ns period=40.000ns})
  Destination:            b_out_reg[1]/D
                            (rising edge-triggered cell FDRE clocked by clk_out1_clk_wiz_0  {rise@0.000ns fall@20.000ns period=40.000ns})
  Path Group:             clk_out1_clk_wiz_0
  Path Type:              Setup (Max at Slow Process Corner)
  Requirement:            40.000ns  (clk_out1_clk_wiz_0 rise@40.000ns - clk_out1_clk_wiz_0 rise@0.000ns)
  Data Path Delay:        11.071ns  (logic 3.947ns (35.651%)  route 7.124ns (64.349%))
  Logic Levels:           12  (CARRY4=5 LUT2=1 LUT4=2 LUT5=2 LUT6=1 MUXF7=1)
  Clock Path Skew:        -0.091ns (DCD - SCD + CPR)
    Destination Clock Delay (DCD):    1.434ns = ( 41.434 - 40.000 ) 
    Source Clock Delay      (SCD):    1.532ns
    Clock Pessimism Removal (CPR):    0.007ns
  Clock Uncertainty:      0.106ns  ((TSJ^2 + DJ^2)^1/2) / 2 + PE
    Total System Jitter     (TSJ):    0.071ns
    Discrete Jitter          (DJ):    0.200ns
    Phase Error              (PE):    0.000ns

    Location             Delay type                Incr(ns)  Path(ns)    Netlist Resource(s)
  -------------------------------------------------------------------    -------------------
                         (clock clk_out1_clk_wiz_0 rise edge)
                                                      0.000     0.000 r  
    BUFGCTRL_X0Y1        BUFG                         0.000     0.000 r  clk_100mhz_IBUF_BUFG_inst/O
                         net (fo=101, routed)         1.575     1.575    u_clk_wiz/inst/clk_in1
    MMCME2_ADV_X1Y0      MMCME2_ADV (Prop_mmcme2_adv_CLKIN1_CLKOUT0)
                                                     -3.333    -1.757 r  u_clk_wiz/inst/mmcm_adv_inst/CLKOUT0
                         net (fo=1, routed)           1.661    -0.096    u_clk_wiz/inst/clk_out1_clk_wiz_0
    BUFGCTRL_X0Y2        BUFG (Prop_bufg_I_O)         0.096    -0.000 r  u_clk_wiz/inst/clkout1_buf/O
                         net (fo=83, routed)          1.532     1.532    u_bram/u_bram/U0/inst_blk_mem_gen/gnbram.gnativebmg.native_blk_mem_gen/valid.cstr/has_mux_b.B/clkb
    SLICE_X34Y75         FDRE                                         r  u_bram/u_bram/U0/inst_blk_mem_gen/gnbram.gnativebmg.native_blk_mem_gen/valid.cstr/has_mux_b.B/no_softecc_norm_sel2.has_mem_regs.WITHOUT_ECC_PIPE.ce_pri.sel_pipe_d1_reg[0]/C
  -------------------------------------------------------------------    -------------------
    SLICE_X34Y75         FDRE (Prop_fdre_C_Q)         0.518     2.050 r  u_bram/u_bram/U0/inst_blk_mem_gen/gnbram.gnativebmg.native_blk_mem_gen/valid.cstr/has_mux_b.B/no_softecc_norm_sel2.has_mem_regs.WITHOUT_ECC_PIPE.ce_pri.sel_pipe_d1_reg[0]/Q
                         net (fo=45, routed)          2.996     5.046    u_bram/u_bram/U0/inst_blk_mem_gen/gnbram.gnativebmg.native_blk_mem_gen/valid.cstr/has_mux_b.B/no_softecc_norm_sel2.has_mem_regs.WITHOUT_ECC_PIPE.ce_pri.sel_pipe_d1_reg_n_0_[0]
    SLICE_X49Y50         LUT6 (Prop_lut6_I4_O)        0.124     5.170 r  u_bram/u_bram/U0/inst_blk_mem_gen/gnbram.gnativebmg.native_blk_mem_gen/valid.cstr/has_mux_b.B/doutb[9]_INST_0_i_7/O
                         net (fo=1, routed)           0.000     5.170    u_bram/u_bram/U0/inst_blk_mem_gen/gnbram.gnativebmg.native_blk_mem_gen/valid.cstr/has_mux_b.B/doutb[9]_INST_0_i_7_n_0
    SLICE_X49Y50         MUXF7 (Prop_muxf7_I1_O)      0.217     5.387 r  u_bram/u_bram/U0/inst_blk_mem_gen/gnbram.gnativebmg.native_blk_mem_gen/valid.cstr/has_mux_b.B/doutb[9]_INST_0_i_3/O
                         net (fo=1, routed)           1.296     6.682    u_bram/u_bram/U0/inst_blk_mem_gen/gnbram.gnativebmg.native_blk_mem_gen/valid.cstr/has_mux_b.B/doutb[9]_INST_0_i_3_n_0
    SLICE_X44Y60         LUT5 (Prop_lut5_I4_O)        0.299     6.981 r  u_bram/u_bram/U0/inst_blk_mem_gen/gnbram.gnativebmg.native_blk_mem_gen/valid.cstr/has_mux_b.B/doutb[9]_INST_0/O
                         net (fo=11, routed)          0.994     7.976    u_bram/doutb[9]
    SLICE_X43Y58         LUT4 (Prop_lut4_I0_O)        0.124     8.100 r  u_bram/y_scaled1__0_carry_i_7/O
                         net (fo=1, routed)           0.000     8.100    u_filter/r_out_reg[0]_i_12_0[0]
    SLICE_X43Y58         CARRY4 (Prop_carry4_S[0]_O[2])
                                                      0.547     8.647 r  u_filter/y_scaled1__0_carry/O[2]
                         net (fo=2, routed)           0.670     9.317    u_filter/O[2]
    SLICE_X42Y58         LUT5 (Prop_lut5_I4_O)        0.302     9.619 r  u_filter/r_out[0]_i_15/O
                         net (fo=1, routed)           0.000     9.619    u_bram/r_out[0]_i_8[2]
    SLICE_X42Y58         CARRY4 (Prop_carry4_S[2]_CO[3])
                                                      0.380     9.999 r  u_bram/r_out_reg[0]_i_12/CO[3]
                         net (fo=1, routed)           0.000     9.999    u_bram/r_out_reg[0]_i_12_n_0
    SLICE_X42Y59         CARRY4 (Prop_carry4_CI_O[0])
                                                      0.219    10.218 r  u_bram/r_out_reg[3]_i_6/O[0]
                         net (fo=1, routed)           0.431    10.650    u_filter/C[7]
    SLICE_X41Y58         LUT2 (Prop_lut2_I1_O)        0.295    10.945 r  u_filter/r_out[0]_i_4/O
                         net (fo=1, routed)           0.000    10.945    u_filter/r_out[0]_i_4_n_0
    SLICE_X41Y58         CARRY4 (Prop_carry4_S[3]_CO[3])
                                                      0.401    11.346 r  u_filter/r_out_reg[0]_i_2/CO[3]
                         net (fo=1, routed)           0.000    11.346    u_bram/r_out_reg[3]_1[0]
    SLICE_X41Y59         CARRY4 (Prop_carry4_CI_O[0])
                                                      0.222    11.568 r  u_bram/r_out_reg[3]_i_3/O[0]
                         net (fo=3, routed)           0.737    12.304    u_filter/r_out_reg[3][0]
    SLICE_X39Y57         LUT4 (Prop_lut4_I0_O)        0.299    12.603 r  u_filter/b_out[1]_i_1/O
                         net (fo=1, routed)           0.000    12.603    u_filter_n_28
    SLICE_X39Y57         FDRE                                         r  b_out_reg[1]/D
  -------------------------------------------------------------------    -------------------

                         (clock clk_out1_clk_wiz_0 rise edge)
                                                     40.000    40.000 r  
    BUFGCTRL_X0Y1        BUFG                         0.000    40.000 r  clk_100mhz_IBUF_BUFG_inst/O
                         net (fo=101, routed)         1.457    41.457    u_clk_wiz/inst/clk_in1
    MMCME2_ADV_X1Y0      MMCME2_ADV (Prop_mmcme2_adv_CLKIN1_CLKOUT0)
                                                     -3.129    38.328 r  u_clk_wiz/inst/mmcm_adv_inst/CLKOUT0
                         net (fo=1, routed)           1.581    39.909    u_clk_wiz/inst/clk_out1_clk_wiz_0
    BUFGCTRL_X0Y2        BUFG (Prop_bufg_I_O)         0.091    40.000 r  u_clk_wiz/inst/clkout1_buf/O
                         net (fo=83, routed)          1.434    41.434    pixel_clk
    SLICE_X39Y57         FDRE                                         r  b_out_reg[1]/C
                         clock pessimism              0.007    41.441    
                         clock uncertainty           -0.106    41.334    
    SLICE_X39Y57         FDRE (Setup_fdre_C_D)        0.031    41.365    b_out_reg[1]
  -------------------------------------------------------------------
                         required time                         41.365    
                         arrival time                         -12.603    
  -------------------------------------------------------------------
                         slack                                 28.762    

Slack (MET) :             28.780ns  (required time - arrival time)
  Source:                 u_bram/u_bram/U0/inst_blk_mem_gen/gnbram.gnativebmg.native_blk_mem_gen/valid.cstr/has_mux_b.B/no_softecc_norm_sel2.has_mem_regs.WITHOUT_ECC_PIPE.ce_pri.sel_pipe_d1_reg[0]/C
                            (rising edge-triggered cell FDRE clocked by clk_out1_clk_wiz_0  {rise@0.000ns fall@20.000ns period=40.000ns})
  Destination:            g_out_reg[1]/D
                            (rising edge-triggered cell FDRE clocked by clk_out1_clk_wiz_0  {rise@0.000ns fall@20.000ns period=40.000ns})
  Path Group:             clk_out1_clk_wiz_0
  Path Type:              Setup (Max at Slow Process Corner)
  Requirement:            40.000ns  (clk_out1_clk_wiz_0 rise@40.000ns - clk_out1_clk_wiz_0 rise@0.000ns)
  Data Path Delay:        11.097ns  (logic 3.973ns (35.802%)  route 7.124ns (64.198%))
  Logic Levels:           12  (CARRY4=5 LUT2=1 LUT4=2 LUT5=2 LUT6=1 MUXF7=1)
  Clock Path Skew:        -0.091ns (DCD - SCD + CPR)
    Destination Clock Delay (DCD):    1.434ns = ( 41.434 - 40.000 ) 
    Source Clock Delay      (SCD):    1.532ns
    Clock Pessimism Removal (CPR):    0.007ns
  Clock Uncertainty:      0.106ns  ((TSJ^2 + DJ^2)^1/2) / 2 + PE
    Total System Jitter     (TSJ):    0.071ns
    Discrete Jitter          (DJ):    0.200ns
    Phase Error              (PE):    0.000ns

    Location             Delay type                Incr(ns)  Path(ns)    Netlist Resource(s)
  -------------------------------------------------------------------    -------------------
                         (clock clk_out1_clk_wiz_0 rise edge)
                                                      0.000     0.000 r  
    BUFGCTRL_X0Y1        BUFG                         0.000     0.000 r  clk_100mhz_IBUF_BUFG_inst/O
                         net (fo=101, routed)         1.575     1.575    u_clk_wiz/inst/clk_in1
    MMCME2_ADV_X1Y0      MMCME2_ADV (Prop_mmcme2_adv_CLKIN1_CLKOUT0)
                                                     -3.333    -1.757 r  u_clk_wiz/inst/mmcm_adv_inst/CLKOUT0
                         net (fo=1, routed)           1.661    -0.096    u_clk_wiz/inst/clk_out1_clk_wiz_0
    BUFGCTRL_X0Y2        BUFG (Prop_bufg_I_O)         0.096    -0.000 r  u_clk_wiz/inst/clkout1_buf/O
                         net (fo=83, routed)          1.532     1.532    u_bram/u_bram/U0/inst_blk_mem_gen/gnbram.gnativebmg.native_blk_mem_gen/valid.cstr/has_mux_b.B/clkb
    SLICE_X34Y75         FDRE                                         r  u_bram/u_bram/U0/inst_blk_mem_gen/gnbram.gnativebmg.native_blk_mem_gen/valid.cstr/has_mux_b.B/no_softecc_norm_sel2.has_mem_regs.WITHOUT_ECC_PIPE.ce_pri.sel_pipe_d1_reg[0]/C
  -------------------------------------------------------------------    -------------------
    SLICE_X34Y75         FDRE (Prop_fdre_C_Q)         0.518     2.050 r  u_bram/u_bram/U0/inst_blk_mem_gen/gnbram.gnativebmg.native_blk_mem_gen/valid.cstr/has_mux_b.B/no_softecc_norm_sel2.has_mem_regs.WITHOUT_ECC_PIPE.ce_pri.sel_pipe_d1_reg[0]/Q
                         net (fo=45, routed)          2.996     5.046    u_bram/u_bram/U0/inst_blk_mem_gen/gnbram.gnativebmg.native_blk_mem_gen/valid.cstr/has_mux_b.B/no_softecc_norm_sel2.has_mem_regs.WITHOUT_ECC_PIPE.ce_pri.sel_pipe_d1_reg_n_0_[0]
    SLICE_X49Y50         LUT6 (Prop_lut6_I4_O)        0.124     5.170 r  u_bram/u_bram/U0/inst_blk_mem_gen/gnbram.gnativebmg.native_blk_mem_gen/valid.cstr/has_mux_b.B/doutb[9]_INST_0_i_7/O
                         net (fo=1, routed)           0.000     5.170    u_bram/u_bram/U0/inst_blk_mem_gen/gnbram.gnativebmg.native_blk_mem_gen/valid.cstr/has_mux_b.B/doutb[9]_INST_0_i_7_n_0
    SLICE_X49Y50         MUXF7 (Prop_muxf7_I1_O)      0.217     5.387 r  u_bram/u_bram/U0/inst_blk_mem_gen/gnbram.gnativebmg.native_blk_mem_gen/valid.cstr/has_mux_b.B/doutb[9]_INST_0_i_3/O
                         net (fo=1, routed)           1.296     6.682    u_bram/u_bram/U0/inst_blk_mem_gen/gnbram.gnativebmg.native_blk_mem_gen/valid.cstr/has_mux_b.B/doutb[9]_INST_0_i_3_n_0
    SLICE_X44Y60         LUT5 (Prop_lut5_I4_O)        0.299     6.981 r  u_bram/u_bram/U0/inst_blk_mem_gen/gnbram.gnativebmg.native_blk_mem_gen/valid.cstr/has_mux_b.B/doutb[9]_INST_0/O
                         net (fo=11, routed)          0.994     7.976    u_bram/doutb[9]
    SLICE_X43Y58         LUT4 (Prop_lut4_I0_O)        0.124     8.100 r  u_bram/y_scaled1__0_carry_i_7/O
                         net (fo=1, routed)           0.000     8.100    u_filter/r_out_reg[0]_i_12_0[0]
    SLICE_X43Y58         CARRY4 (Prop_carry4_S[0]_O[2])
                                                      0.547     8.647 r  u_filter/y_scaled1__0_carry/O[2]
                         net (fo=2, routed)           0.670     9.317    u_filter/O[2]
    SLICE_X42Y58         LUT5 (Prop_lut5_I4_O)        0.302     9.619 r  u_filter/r_out[0]_i_15/O
                         net (fo=1, routed)           0.000     9.619    u_bram/r_out[0]_i_8[2]
    SLICE_X42Y58         CARRY4 (Prop_carry4_S[2]_CO[3])
                                                      0.380     9.999 r  u_bram/r_out_reg[0]_i_12/CO[3]
                         net (fo=1, routed)           0.000     9.999    u_bram/r_out_reg[0]_i_12_n_0
    SLICE_X42Y59         CARRY4 (Prop_carry4_CI_O[0])
                                                      0.219    10.218 r  u_bram/r_out_reg[3]_i_6/O[0]
                         net (fo=1, routed)           0.431    10.650    u_filter/C[7]
    SLICE_X41Y58         LUT2 (Prop_lut2_I1_O)        0.295    10.945 r  u_filter/r_out[0]_i_4/O
                         net (fo=1, routed)           0.000    10.945    u_filter/r_out[0]_i_4_n_0
    SLICE_X41Y58         CARRY4 (Prop_carry4_S[3]_CO[3])
                                                      0.401    11.346 r  u_filter/r_out_reg[0]_i_2/CO[3]
                         net (fo=1, routed)           0.000    11.346    u_bram/r_out_reg[3]_1[0]
    SLICE_X41Y59         CARRY4 (Prop_carry4_CI_O[0])
                                                      0.222    11.568 r  u_bram/r_out_reg[3]_i_3/O[0]
                         net (fo=3, routed)           0.737    12.304    u_filter/r_out_reg[3][0]
    SLICE_X39Y57         LUT4 (Prop_lut4_I0_O)        0.325    12.629 r  u_filter/g_out[1]_i_1/O
                         net (fo=1, routed)           0.000    12.629    u_filter_n_24
    SLICE_X39Y57         FDRE                                         r  g_out_reg[1]/D
  -------------------------------------------------------------------    -------------------

                         (clock clk_out1_clk_wiz_0 rise edge)
                                                     40.000    40.000 r  
    BUFGCTRL_X0Y1        BUFG                         0.000    40.000 r  clk_100mhz_IBUF_BUFG_inst/O
                         net (fo=101, routed)         1.457    41.457    u_clk_wiz/inst/clk_in1
    MMCME2_ADV_X1Y0      MMCME2_ADV (Prop_mmcme2_adv_CLKIN1_CLKOUT0)
                                                     -3.129    38.328 r  u_clk_wiz/inst/mmcm_adv_inst/CLKOUT0
                         net (fo=1, routed)           1.581    39.909    u_clk_wiz/inst/clk_out1_clk_wiz_0
    BUFGCTRL_X0Y2        BUFG (Prop_bufg_I_O)         0.091    40.000 r  u_clk_wiz/inst/clkout1_buf/O
                         net (fo=83, routed)          1.434    41.434    pixel_clk
    SLICE_X39Y57         FDRE                                         r  g_out_reg[1]/C
                         clock pessimism              0.007    41.441    
                         clock uncertainty           -0.106    41.334    
    SLICE_X39Y57         FDRE (Setup_fdre_C_D)        0.075    41.409    g_out_reg[1]
  -------------------------------------------------------------------
                         required time                         41.409    
                         arrival time                         -12.629    
  -------------------------------------------------------------------
                         slack                                 28.780    

Slack (MET) :             28.810ns  (required time - arrival time)
  Source:                 u_bram/u_bram/U0/inst_blk_mem_gen/gnbram.gnativebmg.native_blk_mem_gen/valid.cstr/has_mux_b.B/no_softecc_norm_sel2.has_mem_regs.WITHOUT_ECC_PIPE.ce_pri.sel_pipe_d1_reg[0]/C
                            (rising edge-triggered cell FDRE clocked by clk_out1_clk_wiz_0  {rise@0.000ns fall@20.000ns period=40.000ns})
  Destination:            g_out_reg[2]/D
                            (rising edge-triggered cell FDRE clocked by clk_out1_clk_wiz_0  {rise@0.000ns fall@20.000ns period=40.000ns})
  Path Group:             clk_out1_clk_wiz_0
  Path Type:              Setup (Max at Slow Process Corner)
  Requirement:            40.000ns  (clk_out1_clk_wiz_0 rise@40.000ns - clk_out1_clk_wiz_0 rise@0.000ns)
  Data Path Delay:        11.026ns  (logic 4.063ns (36.848%)  route 6.963ns (63.152%))
  Logic Levels:           12  (CARRY4=5 LUT2=1 LUT4=2 LUT5=2 LUT6=1 MUXF7=1)
  Clock Path Skew:        -0.088ns (DCD - SCD + CPR)
    Destination Clock Delay (DCD):    1.437ns = ( 41.437 - 40.000 ) 
    Source Clock Delay      (SCD):    1.532ns
    Clock Pessimism Removal (CPR):    0.007ns
  Clock Uncertainty:      0.106ns  ((TSJ^2 + DJ^2)^1/2) / 2 + PE
    Total System Jitter     (TSJ):    0.071ns
    Discrete Jitter          (DJ):    0.200ns
    Phase Error              (PE):    0.000ns

    Location             Delay type                Incr(ns)  Path(ns)    Netlist Resource(s)
  -------------------------------------------------------------------    -------------------
                         (clock clk_out1_clk_wiz_0 rise edge)
                                                      0.000     0.000 r  
    BUFGCTRL_X0Y1        BUFG                         0.000     0.000 r  clk_100mhz_IBUF_BUFG_inst/O
                         net (fo=101, routed)         1.575     1.575    u_clk_wiz/inst/clk_in1
    MMCME2_ADV_X1Y0      MMCME2_ADV (Prop_mmcme2_adv_CLKIN1_CLKOUT0)
                                                     -3.333    -1.757 r  u_clk_wiz/inst/mmcm_adv_inst/CLKOUT0
                         net (fo=1, routed)           1.661    -0.096    u_clk_wiz/inst/clk_out1_clk_wiz_0
    BUFGCTRL_X0Y2        BUFG (Prop_bufg_I_O)         0.096    -0.000 r  u_clk_wiz/inst/clkout1_buf/O
                         net (fo=83, routed)          1.532     1.532    u_bram/u_bram/U0/inst_blk_mem_gen/gnbram.gnativebmg.native_blk_mem_gen/valid.cstr/has_mux_b.B/clkb
    SLICE_X34Y75         FDRE                                         r  u_bram/u_bram/U0/inst_blk_mem_gen/gnbram.gnativebmg.native_blk_mem_gen/valid.cstr/has_mux_b.B/no_softecc_norm_sel2.has_mem_regs.WITHOUT_ECC_PIPE.ce_pri.sel_pipe_d1_reg[0]/C
  -------------------------------------------------------------------    -------------------
    SLICE_X34Y75         FDRE (Prop_fdre_C_Q)         0.518     2.050 r  u_bram/u_bram/U0/inst_blk_mem_gen/gnbram.gnativebmg.native_blk_mem_gen/valid.cstr/has_mux_b.B/no_softecc_norm_sel2.has_mem_regs.WITHOUT_ECC_PIPE.ce_pri.sel_pipe_d1_reg[0]/Q
                         net (fo=45, routed)          2.996     5.046    u_bram/u_bram/U0/inst_blk_mem_gen/gnbram.gnativebmg.native_blk_mem_gen/valid.cstr/has_mux_b.B/no_softecc_norm_sel2.has_mem_regs.WITHOUT_ECC_PIPE.ce_pri.sel_pipe_d1_reg_n_0_[0]
    SLICE_X49Y50         LUT6 (Prop_lut6_I4_O)        0.124     5.170 r  u_bram/u_bram/U0/inst_blk_mem_gen/gnbram.gnativebmg.native_blk_mem_gen/valid.cstr/has_mux_b.B/doutb[9]_INST_0_i_7/O
                         net (fo=1, routed)           0.000     5.170    u_bram/u_bram/U0/inst_blk_mem_gen/gnbram.gnativebmg.native_blk_mem_gen/valid.cstr/has_mux_b.B/doutb[9]_INST_0_i_7_n_0
    SLICE_X49Y50         MUXF7 (Prop_muxf7_I1_O)      0.217     5.387 r  u_bram/u_bram/U0/inst_blk_mem_gen/gnbram.gnativebmg.native_blk_mem_gen/valid.cstr/has_mux_b.B/doutb[9]_INST_0_i_3/O
                         net (fo=1, routed)           1.296     6.682    u_bram/u_bram/U0/inst_blk_mem_gen/gnbram.gnativebmg.native_blk_mem_gen/valid.cstr/has_mux_b.B/doutb[9]_INST_0_i_3_n_0
    SLICE_X44Y60         LUT5 (Prop_lut5_I4_O)        0.299     6.981 r  u_bram/u_bram/U0/inst_blk_mem_gen/gnbram.gnativebmg.native_blk_mem_gen/valid.cstr/has_mux_b.B/doutb[9]_INST_0/O
                         net (fo=11, routed)          0.994     7.976    u_bram/doutb[9]
    SLICE_X43Y58         LUT4 (Prop_lut4_I0_O)        0.124     8.100 r  u_bram/y_scaled1__0_carry_i_7/O
                         net (fo=1, routed)           0.000     8.100    u_filter/r_out_reg[0]_i_12_0[0]
    SLICE_X43Y58         CARRY4 (Prop_carry4_S[0]_O[2])
                                                      0.547     8.647 r  u_filter/y_scaled1__0_carry/O[2]
                         net (fo=2, routed)           0.670     9.317    u_filter/O[2]
    SLICE_X42Y58         LUT5 (Prop_lut5_I4_O)        0.302     9.619 r  u_filter/r_out[0]_i_15/O
                         net (fo=1, routed)           0.000     9.619    u_bram/r_out[0]_i_8[2]
    SLICE_X42Y58         CARRY4 (Prop_carry4_S[2]_CO[3])
                                                      0.380     9.999 r  u_bram/r_out_reg[0]_i_12/CO[3]
                         net (fo=1, routed)           0.000     9.999    u_bram/r_out_reg[0]_i_12_n_0
    SLICE_X42Y59         CARRY4 (Prop_carry4_CI_O[0])
                                                      0.219    10.218 r  u_bram/r_out_reg[3]_i_6/O[0]
                         net (fo=1, routed)           0.431    10.650    u_filter/C[7]
    SLICE_X41Y58         LUT2 (Prop_lut2_I1_O)        0.295    10.945 r  u_filter/r_out[0]_i_4/O
                         net (fo=1, routed)           0.000    10.945    u_filter/r_out[0]_i_4_n_0
    SLICE_X41Y58         CARRY4 (Prop_carry4_S[3]_CO[3])
                                                      0.401    11.346 r  u_filter/r_out_reg[0]_i_2/CO[3]
                         net (fo=1, routed)           0.000    11.346    u_bram/r_out_reg[3]_1[0]
    SLICE_X41Y59         CARRY4 (Prop_carry4_CI_O[1])
                                                      0.334    11.680 r  u_bram/r_out_reg[3]_i_3/O[1]
                         net (fo=3, routed)           0.576    12.255    u_filter/r_out_reg[3][1]
    SLICE_X40Y56         LUT4 (Prop_lut4_I0_O)        0.303    12.558 r  u_filter/g_out[2]_i_1/O
                         net (fo=1, routed)           0.000    12.558    u_filter_n_23
    SLICE_X40Y56         FDRE                                         r  g_out_reg[2]/D
  -------------------------------------------------------------------    -------------------

                         (clock clk_out1_clk_wiz_0 rise edge)
                                                     40.000    40.000 r  
    BUFGCTRL_X0Y1        BUFG                         0.000    40.000 r  clk_100mhz_IBUF_BUFG_inst/O
                         net (fo=101, routed)         1.457    41.457    u_clk_wiz/inst/clk_in1
    MMCME2_ADV_X1Y0      MMCME2_ADV (Prop_mmcme2_adv_CLKIN1_CLKOUT0)
                                                     -3.129    38.328 r  u_clk_wiz/inst/mmcm_adv_inst/CLKOUT0
                         net (fo=1, routed)           1.581    39.909    u_clk_wiz/inst/clk_out1_clk_wiz_0
    BUFGCTRL_X0Y2        BUFG (Prop_bufg_I_O)         0.091    40.000 r  u_clk_wiz/inst/clkout1_buf/O
                         net (fo=83, routed)          1.437    41.437    pixel_clk
    SLICE_X40Y56         FDRE                                         r  g_out_reg[2]/C
                         clock pessimism              0.007    41.444    
                         clock uncertainty           -0.106    41.337    
    SLICE_X40Y56         FDRE (Setup_fdre_C_D)        0.031    41.368    g_out_reg[2]
  -------------------------------------------------------------------
                         required time                         41.368    
                         arrival time                         -12.558    
  -------------------------------------------------------------------
                         slack                                 28.810    

Slack (MET) :             28.858ns  (required time - arrival time)
  Source:                 u_bram/u_bram/U0/inst_blk_mem_gen/gnbram.gnativebmg.native_blk_mem_gen/valid.cstr/has_mux_b.B/no_softecc_norm_sel2.has_mem_regs.WITHOUT_ECC_PIPE.ce_pri.sel_pipe_d1_reg[0]/C
                            (rising edge-triggered cell FDRE clocked by clk_out1_clk_wiz_0  {rise@0.000ns fall@20.000ns period=40.000ns})
  Destination:            r_out_reg[2]/D
                            (rising edge-triggered cell FDRE clocked by clk_out1_clk_wiz_0  {rise@0.000ns fall@20.000ns period=40.000ns})
  Path Group:             clk_out1_clk_wiz_0
  Path Type:              Setup (Max at Slow Process Corner)
  Requirement:            40.000ns  (clk_out1_clk_wiz_0 rise@40.000ns - clk_out1_clk_wiz_0 rise@0.000ns)
  Data Path Delay:        11.022ns  (logic 4.059ns (36.825%)  route 6.963ns (63.175%))
  Logic Levels:           12  (CARRY4=5 LUT2=1 LUT4=2 LUT5=2 LUT6=1 MUXF7=1)
  Clock Path Skew:        -0.088ns (DCD - SCD + CPR)
    Destination Clock Delay (DCD):    1.437ns = ( 41.437 - 40.000 ) 
    Source Clock Delay      (SCD):    1.532ns
    Clock Pessimism Removal (CPR):    0.007ns
  Clock Uncertainty:      0.106ns  ((TSJ^2 + DJ^2)^1/2) / 2 + PE
    Total System Jitter     (TSJ):    0.071ns
    Discrete Jitter          (DJ):    0.200ns
    Phase Error              (PE):    0.000ns

    Location             Delay type                Incr(ns)  Path(ns)    Netlist Resource(s)
  -------------------------------------------------------------------    -------------------
                         (clock clk_out1_clk_wiz_0 rise edge)
                                                      0.000     0.000 r  
    BUFGCTRL_X0Y1        BUFG                         0.000     0.000 r  clk_100mhz_IBUF_BUFG_inst/O
                         net (fo=101, routed)         1.575     1.575    u_clk_wiz/inst/clk_in1
    MMCME2_ADV_X1Y0      MMCME2_ADV (Prop_mmcme2_adv_CLKIN1_CLKOUT0)
                                                     -3.333    -1.757 r  u_clk_wiz/inst/mmcm_adv_inst/CLKOUT0
                         net (fo=1, routed)           1.661    -0.096    u_clk_wiz/inst/clk_out1_clk_wiz_0
    BUFGCTRL_X0Y2        BUFG (Prop_bufg_I_O)         0.096    -0.000 r  u_clk_wiz/inst/clkout1_buf/O
                         net (fo=83, routed)          1.532     1.532    u_bram/u_bram/U0/inst_blk_mem_gen/gnbram.gnativebmg.native_blk_mem_gen/valid.cstr/has_mux_b.B/clkb
    SLICE_X34Y75         FDRE                                         r  u_bram/u_bram/U0/inst_blk_mem_gen/gnbram.gnativebmg.native_blk_mem_gen/valid.cstr/has_mux_b.B/no_softecc_norm_sel2.has_mem_regs.WITHOUT_ECC_PIPE.ce_pri.sel_pipe_d1_reg[0]/C
  -------------------------------------------------------------------    -------------------
    SLICE_X34Y75         FDRE (Prop_fdre_C_Q)         0.518     2.050 r  u_bram/u_bram/U0/inst_blk_mem_gen/gnbram.gnativebmg.native_blk_mem_gen/valid.cstr/has_mux_b.B/no_softecc_norm_sel2.has_mem_regs.WITHOUT_ECC_PIPE.ce_pri.sel_pipe_d1_reg[0]/Q
                         net (fo=45, routed)          2.996     5.046    u_bram/u_bram/U0/inst_blk_mem_gen/gnbram.gnativebmg.native_blk_mem_gen/valid.cstr/has_mux_b.B/no_softecc_norm_sel2.has_mem_regs.WITHOUT_ECC_PIPE.ce_pri.sel_pipe_d1_reg_n_0_[0]
    SLICE_X49Y50         LUT6 (Prop_lut6_I4_O)        0.124     5.170 r  u_bram/u_bram/U0/inst_blk_mem_gen/gnbram.gnativebmg.native_blk_mem_gen/valid.cstr/has_mux_b.B/doutb[9]_INST_0_i_7/O
                         net (fo=1, routed)           0.000     5.170    u_bram/u_bram/U0/inst_blk_mem_gen/gnbram.gnativebmg.native_blk_mem_gen/valid.cstr/has_mux_b.B/doutb[9]_INST_0_i_7_n_0
    SLICE_X49Y50         MUXF7 (Prop_muxf7_I1_O)      0.217     5.387 r  u_bram/u_bram/U0/inst_blk_mem_gen/gnbram.gnativebmg.native_blk_mem_gen/valid.cstr/has_mux_b.B/doutb[9]_INST_0_i_3/O
                         net (fo=1, routed)           1.296     6.682    u_bram/u_bram/U0/inst_blk_mem_gen/gnbram.gnativebmg.native_blk_mem_gen/valid.cstr/has_mux_b.B/doutb[9]_INST_0_i_3_n_0
    SLICE_X44Y60         LUT5 (Prop_lut5_I4_O)        0.299     6.981 r  u_bram/u_bram/U0/inst_blk_mem_gen/gnbram.gnativebmg.native_blk_mem_gen/valid.cstr/has_mux_b.B/doutb[9]_INST_0/O
                         net (fo=11, routed)          0.994     7.976    u_bram/doutb[9]
    SLICE_X43Y58         LUT4 (Prop_lut4_I0_O)        0.124     8.100 r  u_bram/y_scaled1__0_carry_i_7/O
                         net (fo=1, routed)           0.000     8.100    u_filter/r_out_reg[0]_i_12_0[0]
    SLICE_X43Y58         CARRY4 (Prop_carry4_S[0]_O[2])
                                                      0.547     8.647 r  u_filter/y_scaled1__0_carry/O[2]
                         net (fo=2, routed)           0.670     9.317    u_filter/O[2]
    SLICE_X42Y58         LUT5 (Prop_lut5_I4_O)        0.302     9.619 r  u_filter/r_out[0]_i_15/O
                         net (fo=1, routed)           0.000     9.619    u_bram/r_out[0]_i_8[2]
    SLICE_X42Y58         CARRY4 (Prop_carry4_S[2]_CO[3])
                                                      0.380     9.999 r  u_bram/r_out_reg[0]_i_12/CO[3]
                         net (fo=1, routed)           0.000     9.999    u_bram/r_out_reg[0]_i_12_n_0
    SLICE_X42Y59         CARRY4 (Prop_carry4_CI_O[0])
                                                      0.219    10.218 r  u_bram/r_out_reg[3]_i_6/O[0]
                         net (fo=1, routed)           0.431    10.650    u_filter/C[7]
    SLICE_X41Y58         LUT2 (Prop_lut2_I1_O)        0.295    10.945 r  u_filter/r_out[0]_i_4/O
                         net (fo=1, routed)           0.000    10.945    u_filter/r_out[0]_i_4_n_0
    SLICE_X41Y58         CARRY4 (Prop_carry4_S[3]_CO[3])
                                                      0.401    11.346 r  u_filter/r_out_reg[0]_i_2/CO[3]
                         net (fo=1, routed)           0.000    11.346    u_bram/r_out_reg[3]_1[0]
    SLICE_X41Y59         CARRY4 (Prop_carry4_CI_O[1])
                                                      0.334    11.680 r  u_bram/r_out_reg[3]_i_3/O[1]
                         net (fo=3, routed)           0.576    12.255    u_filter/r_out_reg[3][1]
    SLICE_X40Y56         LUT4 (Prop_lut4_I1_O)        0.299    12.554 r  u_filter/r_out[2]_i_1/O
                         net (fo=1, routed)           0.000    12.554    p_0_in__0[2]
    SLICE_X40Y56         FDRE                                         r  r_out_reg[2]/D
  -------------------------------------------------------------------    -------------------

                         (clock clk_out1_clk_wiz_0 rise edge)
                                                     40.000    40.000 r  
    BUFGCTRL_X0Y1        BUFG                         0.000    40.000 r  clk_100mhz_IBUF_BUFG_inst/O
                         net (fo=101, routed)         1.457    41.457    u_clk_wiz/inst/clk_in1
    MMCME2_ADV_X1Y0      MMCME2_ADV (Prop_mmcme2_adv_CLKIN1_CLKOUT0)
                                                     -3.129    38.328 r  u_clk_wiz/inst/mmcm_adv_inst/CLKOUT0
                         net (fo=1, routed)           1.581    39.909    u_clk_wiz/inst/clk_out1_clk_wiz_0
    BUFGCTRL_X0Y2        BUFG (Prop_bufg_I_O)         0.091    40.000 r  u_clk_wiz/inst/clkout1_buf/O
                         net (fo=83, routed)          1.437    41.437    pixel_clk
    SLICE_X40Y56         FDRE                                         r  r_out_reg[2]/C
                         clock pessimism              0.007    41.444    
                         clock uncertainty           -0.106    41.337    
    SLICE_X40Y56         FDRE (Setup_fdre_C_D)        0.075    41.412    r_out_reg[2]
  -------------------------------------------------------------------
                         required time                         41.412    
                         arrival time                         -12.554    
  -------------------------------------------------------------------
                         slack                                 28.858    

Slack (MET) :             28.910ns  (required time - arrival time)
  Source:                 u_bram/u_bram/U0/inst_blk_mem_gen/gnbram.gnativebmg.native_blk_mem_gen/valid.cstr/has_mux_b.B/no_softecc_norm_sel2.has_mem_regs.WITHOUT_ECC_PIPE.ce_pri.sel_pipe_d1_reg[0]/C
                            (rising edge-triggered cell FDRE clocked by clk_out1_clk_wiz_0  {rise@0.000ns fall@20.000ns period=40.000ns})
  Destination:            b_out_reg[3]/D
                            (rising edge-triggered cell FDRE clocked by clk_out1_clk_wiz_0  {rise@0.000ns fall@20.000ns period=40.000ns})
  Path Group:             clk_out1_clk_wiz_0
  Path Type:              Setup (Max at Slow Process Corner)
  Requirement:            40.000ns  (clk_out1_clk_wiz_0 rise@40.000ns - clk_out1_clk_wiz_0 rise@0.000ns)
  Data Path Delay:        10.923ns  (logic 3.967ns (36.317%)  route 6.956ns (63.683%))
  Logic Levels:           12  (CARRY4=5 LUT2=1 LUT4=2 LUT5=2 LUT6=1 MUXF7=1)
  Clock Path Skew:        -0.091ns (DCD - SCD + CPR)
    Destination Clock Delay (DCD):    1.434ns = ( 41.434 - 40.000 ) 
    Source Clock Delay      (SCD):    1.532ns
    Clock Pessimism Removal (CPR):    0.007ns
  Clock Uncertainty:      0.106ns  ((TSJ^2 + DJ^2)^1/2) / 2 + PE
    Total System Jitter     (TSJ):    0.071ns
    Discrete Jitter          (DJ):    0.200ns
    Phase Error              (PE):    0.000ns

    Location             Delay type                Incr(ns)  Path(ns)    Netlist Resource(s)
  -------------------------------------------------------------------    -------------------
                         (clock clk_out1_clk_wiz_0 rise edge)
                                                      0.000     0.000 r  
    BUFGCTRL_X0Y1        BUFG                         0.000     0.000 r  clk_100mhz_IBUF_BUFG_inst/O
                         net (fo=101, routed)         1.575     1.575    u_clk_wiz/inst/clk_in1
    MMCME2_ADV_X1Y0      MMCME2_ADV (Prop_mmcme2_adv_CLKIN1_CLKOUT0)
                                                     -3.333    -1.757 r  u_clk_wiz/inst/mmcm_adv_inst/CLKOUT0
                         net (fo=1, routed)           1.661    -0.096    u_clk_wiz/inst/clk_out1_clk_wiz_0
    BUFGCTRL_X0Y2        BUFG (Prop_bufg_I_O)         0.096    -0.000 r  u_clk_wiz/inst/clkout1_buf/O
                         net (fo=83, routed)          1.532     1.532    u_bram/u_bram/U0/inst_blk_mem_gen/gnbram.gnativebmg.native_blk_mem_gen/valid.cstr/has_mux_b.B/clkb
    SLICE_X34Y75         FDRE                                         r  u_bram/u_bram/U0/inst_blk_mem_gen/gnbram.gnativebmg.native_blk_mem_gen/valid.cstr/has_mux_b.B/no_softecc_norm_sel2.has_mem_regs.WITHOUT_ECC_PIPE.ce_pri.sel_pipe_d1_reg[0]/C
  -------------------------------------------------------------------    -------------------
    SLICE_X34Y75         FDRE (Prop_fdre_C_Q)         0.518     2.050 r  u_bram/u_bram/U0/inst_blk_mem_gen/gnbram.gnativebmg.native_blk_mem_gen/valid.cstr/has_mux_b.B/no_softecc_norm_sel2.has_mem_regs.WITHOUT_ECC_PIPE.ce_pri.sel_pipe_d1_reg[0]/Q
                         net (fo=45, routed)          2.996     5.046    u_bram/u_bram/U0/inst_blk_mem_gen/gnbram.gnativebmg.native_blk_mem_gen/valid.cstr/has_mux_b.B/no_softecc_norm_sel2.has_mem_regs.WITHOUT_ECC_PIPE.ce_pri.sel_pipe_d1_reg_n_0_[0]
    SLICE_X49Y50         LUT6 (Prop_lut6_I4_O)        0.124     5.170 r  u_bram/u_bram/U0/inst_blk_mem_gen/gnbram.gnativebmg.native_blk_mem_gen/valid.cstr/has_mux_b.B/doutb[9]_INST_0_i_7/O
                         net (fo=1, routed)           0.000     5.170    u_bram/u_bram/U0/inst_blk_mem_gen/gnbram.gnativebmg.native_blk_mem_gen/valid.cstr/has_mux_b.B/doutb[9]_INST_0_i_7_n_0
    SLICE_X49Y50         MUXF7 (Prop_muxf7_I1_O)      0.217     5.387 r  u_bram/u_bram/U0/inst_blk_mem_gen/gnbram.gnativebmg.native_blk_mem_gen/valid.cstr/has_mux_b.B/doutb[9]_INST_0_i_3/O
                         net (fo=1, routed)           1.296     6.682    u_bram/u_bram/U0/inst_blk_mem_gen/gnbram.gnativebmg.native_blk_mem_gen/valid.cstr/has_mux_b.B/doutb[9]_INST_0_i_3_n_0
    SLICE_X44Y60         LUT5 (Prop_lut5_I4_O)        0.299     6.981 r  u_bram/u_bram/U0/inst_blk_mem_gen/gnbram.gnativebmg.native_blk_mem_gen/valid.cstr/has_mux_b.B/doutb[9]_INST_0/O
                         net (fo=11, routed)          0.994     7.976    u_bram/doutb[9]
    SLICE_X43Y58         LUT4 (Prop_lut4_I0_O)        0.124     8.100 r  u_bram/y_scaled1__0_carry_i_7/O
                         net (fo=1, routed)           0.000     8.100    u_filter/r_out_reg[0]_i_12_0[0]
    SLICE_X43Y58         CARRY4 (Prop_carry4_S[0]_O[2])
                                                      0.547     8.647 r  u_filter/y_scaled1__0_carry/O[2]
                         net (fo=2, routed)           0.670     9.317    u_filter/O[2]
    SLICE_X42Y58         LUT5 (Prop_lut5_I4_O)        0.302     9.619 r  u_filter/r_out[0]_i_15/O
                         net (fo=1, routed)           0.000     9.619    u_bram/r_out[0]_i_8[2]
    SLICE_X42Y58         CARRY4 (Prop_carry4_S[2]_CO[3])
                                                      0.380     9.999 r  u_bram/r_out_reg[0]_i_12/CO[3]
                         net (fo=1, routed)           0.000     9.999    u_bram/r_out_reg[0]_i_12_n_0
    SLICE_X42Y59         CARRY4 (Prop_carry4_CI_O[0])
                                                      0.219    10.218 r  u_bram/r_out_reg[3]_i_6/O[0]
                         net (fo=1, routed)           0.431    10.650    u_filter/C[7]
    SLICE_X41Y58         LUT2 (Prop_lut2_I1_O)        0.295    10.945 r  u_filter/r_out[0]_i_4/O
                         net (fo=1, routed)           0.000    10.945    u_filter/r_out[0]_i_4_n_0
    SLICE_X41Y58         CARRY4 (Prop_carry4_S[3]_CO[3])
                                                      0.401    11.346 r  u_filter/r_out_reg[0]_i_2/CO[3]
                         net (fo=1, routed)           0.000    11.346    u_bram/r_out_reg[3]_1[0]
    SLICE_X41Y59         CARRY4 (Prop_carry4_CI_O[2])
                                                      0.239    11.585 r  u_bram/r_out_reg[3]_i_3/O[2]
                         net (fo=3, routed)           0.569    12.153    u_filter/r_out_reg[3][2]
    SLICE_X39Y57         LUT4 (Prop_lut4_I0_O)        0.302    12.455 r  u_filter/b_out[3]_i_1/O
                         net (fo=1, routed)           0.000    12.455    u_filter_n_26
    SLICE_X39Y57         FDRE                                         r  b_out_reg[3]/D
  -------------------------------------------------------------------    -------------------

                         (clock clk_out1_clk_wiz_0 rise edge)
                                                     40.000    40.000 r  
    BUFGCTRL_X0Y1        BUFG                         0.000    40.000 r  clk_100mhz_IBUF_BUFG_inst/O
                         net (fo=101, routed)         1.457    41.457    u_clk_wiz/inst/clk_in1
    MMCME2_ADV_X1Y0      MMCME2_ADV (Prop_mmcme2_adv_CLKIN1_CLKOUT0)
                                                     -3.129    38.328 r  u_clk_wiz/inst/mmcm_adv_inst/CLKOUT0
                         net (fo=1, routed)           1.581    39.909    u_clk_wiz/inst/clk_out1_clk_wiz_0
    BUFGCTRL_X0Y2        BUFG (Prop_bufg_I_O)         0.091    40.000 r  u_clk_wiz/inst/clkout1_buf/O
                         net (fo=83, routed)          1.434    41.434    pixel_clk
    SLICE_X39Y57         FDRE                                         r  b_out_reg[3]/C
                         clock pessimism              0.007    41.441    
                         clock uncertainty           -0.106    41.334    
    SLICE_X39Y57         FDRE (Setup_fdre_C_D)        0.031    41.365    b_out_reg[3]
  -------------------------------------------------------------------
                         required time                         41.365    
                         arrival time                         -12.455    
  -------------------------------------------------------------------
                         slack                                 28.910    

Slack (MET) :             28.912ns  (required time - arrival time)
  Source:                 u_bram/u_bram/U0/inst_blk_mem_gen/gnbram.gnativebmg.native_blk_mem_gen/valid.cstr/has_mux_b.B/no_softecc_norm_sel2.has_mem_regs.WITHOUT_ECC_PIPE.ce_pri.sel_pipe_d1_reg[0]/C
                            (rising edge-triggered cell FDRE clocked by clk_out1_clk_wiz_0  {rise@0.000ns fall@20.000ns period=40.000ns})
  Destination:            g_out_reg[3]/D
                            (rising edge-triggered cell FDRE clocked by clk_out1_clk_wiz_0  {rise@0.000ns fall@20.000ns period=40.000ns})
  Path Group:             clk_out1_clk_wiz_0
  Path Type:              Setup (Max at Slow Process Corner)
  Requirement:            40.000ns  (clk_out1_clk_wiz_0 rise@40.000ns - clk_out1_clk_wiz_0 rise@0.000ns)
  Data Path Delay:        10.922ns  (logic 3.967ns (36.320%)  route 6.955ns (63.680%))
  Logic Levels:           12  (CARRY4=5 LUT2=1 LUT4=2 LUT5=2 LUT6=1 MUXF7=1)
  Clock Path Skew:        -0.091ns (DCD - SCD + CPR)
    Destination Clock Delay (DCD):    1.434ns = ( 41.434 - 40.000 ) 
    Source Clock Delay      (SCD):    1.532ns
    Clock Pessimism Removal (CPR):    0.007ns
  Clock Uncertainty:      0.106ns  ((TSJ^2 + DJ^2)^1/2) / 2 + PE
    Total System Jitter     (TSJ):    0.071ns
    Discrete Jitter          (DJ):    0.200ns
    Phase Error              (PE):    0.000ns

    Location             Delay type                Incr(ns)  Path(ns)    Netlist Resource(s)
  -------------------------------------------------------------------    -------------------
                         (clock clk_out1_clk_wiz_0 rise edge)
                                                      0.000     0.000 r  
    BUFGCTRL_X0Y1        BUFG                         0.000     0.000 r  clk_100mhz_IBUF_BUFG_inst/O
                         net (fo=101, routed)         1.575     1.575    u_clk_wiz/inst/clk_in1
    MMCME2_ADV_X1Y0      MMCME2_ADV (Prop_mmcme2_adv_CLKIN1_CLKOUT0)
                                                     -3.333    -1.757 r  u_clk_wiz/inst/mmcm_adv_inst/CLKOUT0
                         net (fo=1, routed)           1.661    -0.096    u_clk_wiz/inst/clk_out1_clk_wiz_0
    BUFGCTRL_X0Y2        BUFG (Prop_bufg_I_O)         0.096    -0.000 r  u_clk_wiz/inst/clkout1_buf/O
                         net (fo=83, routed)          1.532     1.532    u_bram/u_bram/U0/inst_blk_mem_gen/gnbram.gnativebmg.native_blk_mem_gen/valid.cstr/has_mux_b.B/clkb
    SLICE_X34Y75         FDRE                                         r  u_bram/u_bram/U0/inst_blk_mem_gen/gnbram.gnativebmg.native_blk_mem_gen/valid.cstr/has_mux_b.B/no_softecc_norm_sel2.has_mem_regs.WITHOUT_ECC_PIPE.ce_pri.sel_pipe_d1_reg[0]/C
  -------------------------------------------------------------------    -------------------
    SLICE_X34Y75         FDRE (Prop_fdre_C_Q)         0.518     2.050 r  u_bram/u_bram/U0/inst_blk_mem_gen/gnbram.gnativebmg.native_blk_mem_gen/valid.cstr/has_mux_b.B/no_softecc_norm_sel2.has_mem_regs.WITHOUT_ECC_PIPE.ce_pri.sel_pipe_d1_reg[0]/Q
                         net (fo=45, routed)          2.996     5.046    u_bram/u_bram/U0/inst_blk_mem_gen/gnbram.gnativebmg.native_blk_mem_gen/valid.cstr/has_mux_b.B/no_softecc_norm_sel2.has_mem_regs.WITHOUT_ECC_PIPE.ce_pri.sel_pipe_d1_reg_n_0_[0]
    SLICE_X49Y50         LUT6 (Prop_lut6_I4_O)        0.124     5.170 r  u_bram/u_bram/U0/inst_blk_mem_gen/gnbram.gnativebmg.native_blk_mem_gen/valid.cstr/has_mux_b.B/doutb[9]_INST_0_i_7/O
                         net (fo=1, routed)           0.000     5.170    u_bram/u_bram/U0/inst_blk_mem_gen/gnbram.gnativebmg.native_blk_mem_gen/valid.cstr/has_mux_b.B/doutb[9]_INST_0_i_7_n_0
    SLICE_X49Y50         MUXF7 (Prop_muxf7_I1_O)      0.217     5.387 r  u_bram/u_bram/U0/inst_blk_mem_gen/gnbram.gnativebmg.native_blk_mem_gen/valid.cstr/has_mux_b.B/doutb[9]_INST_0_i_3/O
                         net (fo=1, routed)           1.296     6.682    u_bram/u_bram/U0/inst_blk_mem_gen/gnbram.gnativebmg.native_blk_mem_gen/valid.cstr/has_mux_b.B/doutb[9]_INST_0_i_3_n_0
    SLICE_X44Y60         LUT5 (Prop_lut5_I4_O)        0.299     6.981 r  u_bram/u_bram/U0/inst_blk_mem_gen/gnbram.gnativebmg.native_blk_mem_gen/valid.cstr/has_mux_b.B/doutb[9]_INST_0/O
                         net (fo=11, routed)          0.994     7.976    u_bram/doutb[9]
    SLICE_X43Y58         LUT4 (Prop_lut4_I0_O)        0.124     8.100 r  u_bram/y_scaled1__0_carry_i_7/O
                         net (fo=1, routed)           0.000     8.100    u_filter/r_out_reg[0]_i_12_0[0]
    SLICE_X43Y58         CARRY4 (Prop_carry4_S[0]_O[2])
                                                      0.547     8.647 r  u_filter/y_scaled1__0_carry/O[2]
                         net (fo=2, routed)           0.670     9.317    u_filter/O[2]
    SLICE_X42Y58         LUT5 (Prop_lut5_I4_O)        0.302     9.619 r  u_filter/r_out[0]_i_15/O
                         net (fo=1, routed)           0.000     9.619    u_bram/r_out[0]_i_8[2]
    SLICE_X42Y58         CARRY4 (Prop_carry4_S[2]_CO[3])
                                                      0.380     9.999 r  u_bram/r_out_reg[0]_i_12/CO[3]
                         net (fo=1, routed)           0.000     9.999    u_bram/r_out_reg[0]_i_12_n_0
    SLICE_X42Y59         CARRY4 (Prop_carry4_CI_O[0])
                                                      0.219    10.218 r  u_bram/r_out_reg[3]_i_6/O[0]
                         net (fo=1, routed)           0.431    10.650    u_filter/C[7]
    SLICE_X41Y58         LUT2 (Prop_lut2_I1_O)        0.295    10.945 r  u_filter/r_out[0]_i_4/O
                         net (fo=1, routed)           0.000    10.945    u_filter/r_out[0]_i_4_n_0
    SLICE_X41Y58         CARRY4 (Prop_carry4_S[3]_CO[3])
                                                      0.401    11.346 r  u_filter/r_out_reg[0]_i_2/CO[3]
                         net (fo=1, routed)           0.000    11.346    u_bram/r_out_reg[3]_1[0]
    SLICE_X41Y59         CARRY4 (Prop_carry4_CI_O[2])
                                                      0.239    11.585 r  u_bram/r_out_reg[3]_i_3/O[2]
                         net (fo=3, routed)           0.568    12.152    u_filter/r_out_reg[3][2]
    SLICE_X39Y57         LUT4 (Prop_lut4_I0_O)        0.302    12.454 r  u_filter/g_out[3]_i_1/O
                         net (fo=1, routed)           0.000    12.454    u_filter_n_22
    SLICE_X39Y57         FDRE                                         r  g_out_reg[3]/D
  -------------------------------------------------------------------    -------------------

                         (clock clk_out1_clk_wiz_0 rise edge)
                                                     40.000    40.000 r  
    BUFGCTRL_X0Y1        BUFG                         0.000    40.000 r  clk_100mhz_IBUF_BUFG_inst/O
                         net (fo=101, routed)         1.457    41.457    u_clk_wiz/inst/clk_in1
    MMCME2_ADV_X1Y0      MMCME2_ADV (Prop_mmcme2_adv_CLKIN1_CLKOUT0)
                                                     -3.129    38.328 r  u_clk_wiz/inst/mmcm_adv_inst/CLKOUT0
                         net (fo=1, routed)           1.581    39.909    u_clk_wiz/inst/clk_out1_clk_wiz_0
    BUFGCTRL_X0Y2        BUFG (Prop_bufg_I_O)         0.091    40.000 r  u_clk_wiz/inst/clkout1_buf/O
                         net (fo=83, routed)          1.434    41.434    pixel_clk
    SLICE_X39Y57         FDRE                                         r  g_out_reg[3]/C
                         clock pessimism              0.007    41.441    
                         clock uncertainty           -0.106    41.334    
    SLICE_X39Y57         FDRE (Setup_fdre_C_D)        0.032    41.366    g_out_reg[3]
  -------------------------------------------------------------------
                         required time                         41.366    
                         arrival time                         -12.454    
  -------------------------------------------------------------------
                         slack                                 28.912    

Slack (MET) :             28.923ns  (required time - arrival time)
  Source:                 u_bram/u_bram/U0/inst_blk_mem_gen/gnbram.gnativebmg.native_blk_mem_gen/valid.cstr/has_mux_b.B/no_softecc_norm_sel2.has_mem_regs.WITHOUT_ECC_PIPE.ce_pri.sel_pipe_d1_reg[0]/C
                            (rising edge-triggered cell FDRE clocked by clk_out1_clk_wiz_0  {rise@0.000ns fall@20.000ns period=40.000ns})
  Destination:            r_out_reg[1]/D
                            (rising edge-triggered cell FDRE clocked by clk_out1_clk_wiz_0  {rise@0.000ns fall@20.000ns period=40.000ns})
  Path Group:             clk_out1_clk_wiz_0
  Path Type:              Setup (Max at Slow Process Corner)
  Requirement:            40.000ns  (clk_out1_clk_wiz_0 rise@40.000ns - clk_out1_clk_wiz_0 rise@0.000ns)
  Data Path Delay:        10.914ns  (logic 3.947ns (36.163%)  route 6.967ns (63.837%))
  Logic Levels:           12  (CARRY4=5 LUT2=1 LUT4=2 LUT5=2 LUT6=1 MUXF7=1)
  Clock Path Skew:        -0.088ns (DCD - SCD + CPR)
    Destination Clock Delay (DCD):    1.437ns = ( 41.437 - 40.000 ) 
    Source Clock Delay      (SCD):    1.532ns
    Clock Pessimism Removal (CPR):    0.007ns
  Clock Uncertainty:      0.106ns  ((TSJ^2 + DJ^2)^1/2) / 2 + PE
    Total System Jitter     (TSJ):    0.071ns
    Discrete Jitter          (DJ):    0.200ns
    Phase Error              (PE):    0.000ns

    Location             Delay type                Incr(ns)  Path(ns)    Netlist Resource(s)
  -------------------------------------------------------------------    -------------------
                         (clock clk_out1_clk_wiz_0 rise edge)
                                                      0.000     0.000 r  
    BUFGCTRL_X0Y1        BUFG                         0.000     0.000 r  clk_100mhz_IBUF_BUFG_inst/O
                         net (fo=101, routed)         1.575     1.575    u_clk_wiz/inst/clk_in1
    MMCME2_ADV_X1Y0      MMCME2_ADV (Prop_mmcme2_adv_CLKIN1_CLKOUT0)
                                                     -3.333    -1.757 r  u_clk_wiz/inst/mmcm_adv_inst/CLKOUT0
                         net (fo=1, routed)           1.661    -0.096    u_clk_wiz/inst/clk_out1_clk_wiz_0
    BUFGCTRL_X0Y2        BUFG (Prop_bufg_I_O)         0.096    -0.000 r  u_clk_wiz/inst/clkout1_buf/O
                         net (fo=83, routed)          1.532     1.532    u_bram/u_bram/U0/inst_blk_mem_gen/gnbram.gnativebmg.native_blk_mem_gen/valid.cstr/has_mux_b.B/clkb
    SLICE_X34Y75         FDRE                                         r  u_bram/u_bram/U0/inst_blk_mem_gen/gnbram.gnativebmg.native_blk_mem_gen/valid.cstr/has_mux_b.B/no_softecc_norm_sel2.has_mem_regs.WITHOUT_ECC_PIPE.ce_pri.sel_pipe_d1_reg[0]/C
  -------------------------------------------------------------------    -------------------
    SLICE_X34Y75         FDRE (Prop_fdre_C_Q)         0.518     2.050 r  u_bram/u_bram/U0/inst_blk_mem_gen/gnbram.gnativebmg.native_blk_mem_gen/valid.cstr/has_mux_b.B/no_softecc_norm_sel2.has_mem_regs.WITHOUT_ECC_PIPE.ce_pri.sel_pipe_d1_reg[0]/Q
                         net (fo=45, routed)          2.996     5.046    u_bram/u_bram/U0/inst_blk_mem_gen/gnbram.gnativebmg.native_blk_mem_gen/valid.cstr/has_mux_b.B/no_softecc_norm_sel2.has_mem_regs.WITHOUT_ECC_PIPE.ce_pri.sel_pipe_d1_reg_n_0_[0]
    SLICE_X49Y50         LUT6 (Prop_lut6_I4_O)        0.124     5.170 r  u_bram/u_bram/U0/inst_blk_mem_gen/gnbram.gnativebmg.native_blk_mem_gen/valid.cstr/has_mux_b.B/doutb[9]_INST_0_i_7/O
                         net (fo=1, routed)           0.000     5.170    u_bram/u_bram/U0/inst_blk_mem_gen/gnbram.gnativebmg.native_blk_mem_gen/valid.cstr/has_mux_b.B/doutb[9]_INST_0_i_7_n_0
    SLICE_X49Y50         MUXF7 (Prop_muxf7_I1_O)      0.217     5.387 r  u_bram/u_bram/U0/inst_blk_mem_gen/gnbram.gnativebmg.native_blk_mem_gen/valid.cstr/has_mux_b.B/doutb[9]_INST_0_i_3/O
                         net (fo=1, routed)           1.296     6.682    u_bram/u_bram/U0/inst_blk_mem_gen/gnbram.gnativebmg.native_blk_mem_gen/valid.cstr/has_mux_b.B/doutb[9]_INST_0_i_3_n_0
    SLICE_X44Y60         LUT5 (Prop_lut5_I4_O)        0.299     6.981 r  u_bram/u_bram/U0/inst_blk_mem_gen/gnbram.gnativebmg.native_blk_mem_gen/valid.cstr/has_mux_b.B/doutb[9]_INST_0/O
                         net (fo=11, routed)          0.994     7.976    u_bram/doutb[9]
    SLICE_X43Y58         LUT4 (Prop_lut4_I0_O)        0.124     8.100 r  u_bram/y_scaled1__0_carry_i_7/O
                         net (fo=1, routed)           0.000     8.100    u_filter/r_out_reg[0]_i_12_0[0]
    SLICE_X43Y58         CARRY4 (Prop_carry4_S[0]_O[2])
                                                      0.547     8.647 r  u_filter/y_scaled1__0_carry/O[2]
                         net (fo=2, routed)           0.670     9.317    u_filter/O[2]
    SLICE_X42Y58         LUT5 (Prop_lut5_I4_O)        0.302     9.619 r  u_filter/r_out[0]_i_15/O
                         net (fo=1, routed)           0.000     9.619    u_bram/r_out[0]_i_8[2]
    SLICE_X42Y58         CARRY4 (Prop_carry4_S[2]_CO[3])
                                                      0.380     9.999 r  u_bram/r_out_reg[0]_i_12/CO[3]
                         net (fo=1, routed)           0.000     9.999    u_bram/r_out_reg[0]_i_12_n_0
    SLICE_X42Y59         CARRY4 (Prop_carry4_CI_O[0])
                                                      0.219    10.218 r  u_bram/r_out_reg[3]_i_6/O[0]
                         net (fo=1, routed)           0.431    10.650    u_filter/C[7]
    SLICE_X41Y58         LUT2 (Prop_lut2_I1_O)        0.295    10.945 r  u_filter/r_out[0]_i_4/O
                         net (fo=1, routed)           0.000    10.945    u_filter/r_out[0]_i_4_n_0
    SLICE_X41Y58         CARRY4 (Prop_carry4_S[3]_CO[3])
                                                      0.401    11.346 r  u_filter/r_out_reg[0]_i_2/CO[3]
                         net (fo=1, routed)           0.000    11.346    u_bram/r_out_reg[3]_1[0]
    SLICE_X41Y59         CARRY4 (Prop_carry4_CI_O[0])
                                                      0.222    11.568 r  u_bram/r_out_reg[3]_i_3/O[0]
                         net (fo=3, routed)           0.580    12.147    u_filter/r_out_reg[3][0]
    SLICE_X40Y56         LUT4 (Prop_lut4_I1_O)        0.299    12.446 r  u_filter/r_out[1]_i_1/O
                         net (fo=1, routed)           0.000    12.446    p_0_in__0[1]
    SLICE_X40Y56         FDRE                                         r  r_out_reg[1]/D
  -------------------------------------------------------------------    -------------------

                         (clock clk_out1_clk_wiz_0 rise edge)
                                                     40.000    40.000 r  
    BUFGCTRL_X0Y1        BUFG                         0.000    40.000 r  clk_100mhz_IBUF_BUFG_inst/O
                         net (fo=101, routed)         1.457    41.457    u_clk_wiz/inst/clk_in1
    MMCME2_ADV_X1Y0      MMCME2_ADV (Prop_mmcme2_adv_CLKIN1_CLKOUT0)
                                                     -3.129    38.328 r  u_clk_wiz/inst/mmcm_adv_inst/CLKOUT0
                         net (fo=1, routed)           1.581    39.909    u_clk_wiz/inst/clk_out1_clk_wiz_0
    BUFGCTRL_X0Y2        BUFG (Prop_bufg_I_O)         0.091    40.000 r  u_clk_wiz/inst/clkout1_buf/O
                         net (fo=83, routed)          1.437    41.437    pixel_clk
    SLICE_X40Y56         FDRE                                         r  r_out_reg[1]/C
                         clock pessimism              0.007    41.444    
                         clock uncertainty           -0.106    41.337    
    SLICE_X40Y56         FDRE (Setup_fdre_C_D)        0.032    41.369    r_out_reg[1]
  -------------------------------------------------------------------
                         required time                         41.369    
                         arrival time                         -12.446    
  -------------------------------------------------------------------
                         slack                                 28.923    

Slack (MET) :             28.962ns  (required time - arrival time)
  Source:                 u_bram/u_bram/U0/inst_blk_mem_gen/gnbram.gnativebmg.native_blk_mem_gen/valid.cstr/has_mux_b.B/no_softecc_norm_sel2.has_mem_regs.WITHOUT_ECC_PIPE.ce_pri.sel_pipe_d1_reg[0]/C
                            (rising edge-triggered cell FDRE clocked by clk_out1_clk_wiz_0  {rise@0.000ns fall@20.000ns period=40.000ns})
  Destination:            r_out_reg[3]/D
                            (rising edge-triggered cell FDRE clocked by clk_out1_clk_wiz_0  {rise@0.000ns fall@20.000ns period=40.000ns})
  Path Group:             clk_out1_clk_wiz_0
  Path Type:              Setup (Max at Slow Process Corner)
  Requirement:            40.000ns  (clk_out1_clk_wiz_0 rise@40.000ns - clk_out1_clk_wiz_0 rise@0.000ns)
  Data Path Delay:        10.915ns  (logic 3.960ns (36.280%)  route 6.955ns (63.720%))
  Logic Levels:           12  (CARRY4=5 LUT2=1 LUT4=2 LUT5=2 LUT6=1 MUXF7=1)
  Clock Path Skew:        -0.091ns (DCD - SCD + CPR)
    Destination Clock Delay (DCD):    1.434ns = ( 41.434 - 40.000 ) 
    Source Clock Delay      (SCD):    1.532ns
    Clock Pessimism Removal (CPR):    0.007ns
  Clock Uncertainty:      0.106ns  ((TSJ^2 + DJ^2)^1/2) / 2 + PE
    Total System Jitter     (TSJ):    0.071ns
    Discrete Jitter          (DJ):    0.200ns
    Phase Error              (PE):    0.000ns

    Location             Delay type                Incr(ns)  Path(ns)    Netlist Resource(s)
  -------------------------------------------------------------------    -------------------
                         (clock clk_out1_clk_wiz_0 rise edge)
                                                      0.000     0.000 r  
    BUFGCTRL_X0Y1        BUFG                         0.000     0.000 r  clk_100mhz_IBUF_BUFG_inst/O
                         net (fo=101, routed)         1.575     1.575    u_clk_wiz/inst/clk_in1
    MMCME2_ADV_X1Y0      MMCME2_ADV (Prop_mmcme2_adv_CLKIN1_CLKOUT0)
                                                     -3.333    -1.757 r  u_clk_wiz/inst/mmcm_adv_inst/CLKOUT0
                         net (fo=1, routed)           1.661    -0.096    u_clk_wiz/inst/clk_out1_clk_wiz_0
    BUFGCTRL_X0Y2        BUFG (Prop_bufg_I_O)         0.096    -0.000 r  u_clk_wiz/inst/clkout1_buf/O
                         net (fo=83, routed)          1.532     1.532    u_bram/u_bram/U0/inst_blk_mem_gen/gnbram.gnativebmg.native_blk_mem_gen/valid.cstr/has_mux_b.B/clkb
    SLICE_X34Y75         FDRE                                         r  u_bram/u_bram/U0/inst_blk_mem_gen/gnbram.gnativebmg.native_blk_mem_gen/valid.cstr/has_mux_b.B/no_softecc_norm_sel2.has_mem_regs.WITHOUT_ECC_PIPE.ce_pri.sel_pipe_d1_reg[0]/C
  -------------------------------------------------------------------    -------------------
    SLICE_X34Y75         FDRE (Prop_fdre_C_Q)         0.518     2.050 r  u_bram/u_bram/U0/inst_blk_mem_gen/gnbram.gnativebmg.native_blk_mem_gen/valid.cstr/has_mux_b.B/no_softecc_norm_sel2.has_mem_regs.WITHOUT_ECC_PIPE.ce_pri.sel_pipe_d1_reg[0]/Q
                         net (fo=45, routed)          2.996     5.046    u_bram/u_bram/U0/inst_blk_mem_gen/gnbram.gnativebmg.native_blk_mem_gen/valid.cstr/has_mux_b.B/no_softecc_norm_sel2.has_mem_regs.WITHOUT_ECC_PIPE.ce_pri.sel_pipe_d1_reg_n_0_[0]
    SLICE_X49Y50         LUT6 (Prop_lut6_I4_O)        0.124     5.170 r  u_bram/u_bram/U0/inst_blk_mem_gen/gnbram.gnativebmg.native_blk_mem_gen/valid.cstr/has_mux_b.B/doutb[9]_INST_0_i_7/O
                         net (fo=1, routed)           0.000     5.170    u_bram/u_bram/U0/inst_blk_mem_gen/gnbram.gnativebmg.native_blk_mem_gen/valid.cstr/has_mux_b.B/doutb[9]_INST_0_i_7_n_0
    SLICE_X49Y50         MUXF7 (Prop_muxf7_I1_O)      0.217     5.387 r  u_bram/u_bram/U0/inst_blk_mem_gen/gnbram.gnativebmg.native_blk_mem_gen/valid.cstr/has_mux_b.B/doutb[9]_INST_0_i_3/O
                         net (fo=1, routed)           1.296     6.682    u_bram/u_bram/U0/inst_blk_mem_gen/gnbram.gnativebmg.native_blk_mem_gen/valid.cstr/has_mux_b.B/doutb[9]_INST_0_i_3_n_0
    SLICE_X44Y60         LUT5 (Prop_lut5_I4_O)        0.299     6.981 r  u_bram/u_bram/U0/inst_blk_mem_gen/gnbram.gnativebmg.native_blk_mem_gen/valid.cstr/has_mux_b.B/doutb[9]_INST_0/O
                         net (fo=11, routed)          0.994     7.976    u_bram/doutb[9]
    SLICE_X43Y58         LUT4 (Prop_lut4_I0_O)        0.124     8.100 r  u_bram/y_scaled1__0_carry_i_7/O
                         net (fo=1, routed)           0.000     8.100    u_filter/r_out_reg[0]_i_12_0[0]
    SLICE_X43Y58         CARRY4 (Prop_carry4_S[0]_O[2])
                                                      0.547     8.647 r  u_filter/y_scaled1__0_carry/O[2]
                         net (fo=2, routed)           0.670     9.317    u_filter/O[2]
    SLICE_X42Y58         LUT5 (Prop_lut5_I4_O)        0.302     9.619 r  u_filter/r_out[0]_i_15/O
                         net (fo=1, routed)           0.000     9.619    u_bram/r_out[0]_i_8[2]
    SLICE_X42Y58         CARRY4 (Prop_carry4_S[2]_CO[3])
                                                      0.380     9.999 r  u_bram/r_out_reg[0]_i_12/CO[3]
                         net (fo=1, routed)           0.000     9.999    u_bram/r_out_reg[0]_i_12_n_0
    SLICE_X42Y59         CARRY4 (Prop_carry4_CI_O[0])
                                                      0.219    10.218 r  u_bram/r_out_reg[3]_i_6/O[0]
                         net (fo=1, routed)           0.431    10.650    u_filter/C[7]
    SLICE_X41Y58         LUT2 (Prop_lut2_I1_O)        0.295    10.945 r  u_filter/r_out[0]_i_4/O
                         net (fo=1, routed)           0.000    10.945    u_filter/r_out[0]_i_4_n_0
    SLICE_X41Y58         CARRY4 (Prop_carry4_S[3]_CO[3])
                                                      0.401    11.346 r  u_filter/r_out_reg[0]_i_2/CO[3]
                         net (fo=1, routed)           0.000    11.346    u_bram/r_out_reg[3]_1[0]
    SLICE_X41Y59         CARRY4 (Prop_carry4_CI_O[2])
                                                      0.239    11.585 r  u_bram/r_out_reg[3]_i_3/O[2]
                         net (fo=3, routed)           0.568    12.152    u_filter/r_out_reg[3][2]
    SLICE_X39Y57         LUT4 (Prop_lut4_I1_O)        0.295    12.447 r  u_filter/r_out[3]_i_2/O
                         net (fo=1, routed)           0.000    12.447    p_0_in__0[3]
    SLICE_X39Y57         FDRE                                         r  r_out_reg[3]/D
  -------------------------------------------------------------------    -------------------

                         (clock clk_out1_clk_wiz_0 rise edge)
                                                     40.000    40.000 r  
    BUFGCTRL_X0Y1        BUFG                         0.000    40.000 r  clk_100mhz_IBUF_BUFG_inst/O
                         net (fo=101, routed)         1.457    41.457    u_clk_wiz/inst/clk_in1
    MMCME2_ADV_X1Y0      MMCME2_ADV (Prop_mmcme2_adv_CLKIN1_CLKOUT0)
                                                     -3.129    38.328 r  u_clk_wiz/inst/mmcm_adv_inst/CLKOUT0
                         net (fo=1, routed)           1.581    39.909    u_clk_wiz/inst/clk_out1_clk_wiz_0
    BUFGCTRL_X0Y2        BUFG (Prop_bufg_I_O)         0.091    40.000 r  u_clk_wiz/inst/clkout1_buf/O
                         net (fo=83, routed)          1.434    41.434    pixel_clk
    SLICE_X39Y57         FDRE                                         r  r_out_reg[3]/C
                         clock pessimism              0.007    41.441    
                         clock uncertainty           -0.106    41.334    
    SLICE_X39Y57         FDRE (Setup_fdre_C_D)        0.075    41.409    r_out_reg[3]
  -------------------------------------------------------------------
                         required time                         41.409    
                         arrival time                         -12.447    
  -------------------------------------------------------------------
                         slack                                 28.962    

Slack (MET) :             29.254ns  (required time - arrival time)
  Source:                 u_bram/u_bram/U0/inst_blk_mem_gen/gnbram.gnativebmg.native_blk_mem_gen/valid.cstr/has_mux_b.B/no_softecc_norm_sel2.has_mem_regs.WITHOUT_ECC_PIPE.ce_pri.sel_pipe_d1_reg[0]/C
                            (rising edge-triggered cell FDRE clocked by clk_out1_clk_wiz_0  {rise@0.000ns fall@20.000ns period=40.000ns})
  Destination:            g_out_reg[0]/D
                            (rising edge-triggered cell FDRE clocked by clk_out1_clk_wiz_0  {rise@0.000ns fall@20.000ns period=40.000ns})
  Path Group:             clk_out1_clk_wiz_0
  Path Type:              Setup (Max at Slow Process Corner)
  Requirement:            40.000ns  (clk_out1_clk_wiz_0 rise@40.000ns - clk_out1_clk_wiz_0 rise@0.000ns)
  Data Path Delay:        10.583ns  (logic 3.628ns (34.282%)  route 6.955ns (65.718%))
  Logic Levels:           10  (CARRY4=3 LUT2=1 LUT4=2 LUT5=2 LUT6=1 MUXF7=1)
  Clock Path Skew:        -0.088ns (DCD - SCD + CPR)
    Destination Clock Delay (DCD):    1.437ns = ( 41.437 - 40.000 ) 
    Source Clock Delay      (SCD):    1.532ns
    Clock Pessimism Removal (CPR):    0.007ns
  Clock Uncertainty:      0.106ns  ((TSJ^2 + DJ^2)^1/2) / 2 + PE
    Total System Jitter     (TSJ):    0.071ns
    Discrete Jitter          (DJ):    0.200ns
    Phase Error              (PE):    0.000ns

    Location             Delay type                Incr(ns)  Path(ns)    Netlist Resource(s)
  -------------------------------------------------------------------    -------------------
                         (clock clk_out1_clk_wiz_0 rise edge)
                                                      0.000     0.000 r  
    BUFGCTRL_X0Y1        BUFG                         0.000     0.000 r  clk_100mhz_IBUF_BUFG_inst/O
                         net (fo=101, routed)         1.575     1.575    u_clk_wiz/inst/clk_in1
    MMCME2_ADV_X1Y0      MMCME2_ADV (Prop_mmcme2_adv_CLKIN1_CLKOUT0)
                                                     -3.333    -1.757 r  u_clk_wiz/inst/mmcm_adv_inst/CLKOUT0
                         net (fo=1, routed)           1.661    -0.096    u_clk_wiz/inst/clk_out1_clk_wiz_0
    BUFGCTRL_X0Y2        BUFG (Prop_bufg_I_O)         0.096    -0.000 r  u_clk_wiz/inst/clkout1_buf/O
                         net (fo=83, routed)          1.532     1.532    u_bram/u_bram/U0/inst_blk_mem_gen/gnbram.gnativebmg.native_blk_mem_gen/valid.cstr/has_mux_b.B/clkb
    SLICE_X34Y75         FDRE                                         r  u_bram/u_bram/U0/inst_blk_mem_gen/gnbram.gnativebmg.native_blk_mem_gen/valid.cstr/has_mux_b.B/no_softecc_norm_sel2.has_mem_regs.WITHOUT_ECC_PIPE.ce_pri.sel_pipe_d1_reg[0]/C
  -------------------------------------------------------------------    -------------------
    SLICE_X34Y75         FDRE (Prop_fdre_C_Q)         0.518     2.050 r  u_bram/u_bram/U0/inst_blk_mem_gen/gnbram.gnativebmg.native_blk_mem_gen/valid.cstr/has_mux_b.B/no_softecc_norm_sel2.has_mem_regs.WITHOUT_ECC_PIPE.ce_pri.sel_pipe_d1_reg[0]/Q
                         net (fo=45, routed)          2.996     5.046    u_bram/u_bram/U0/inst_blk_mem_gen/gnbram.gnativebmg.native_blk_mem_gen/valid.cstr/has_mux_b.B/no_softecc_norm_sel2.has_mem_regs.WITHOUT_ECC_PIPE.ce_pri.sel_pipe_d1_reg_n_0_[0]
    SLICE_X49Y50         LUT6 (Prop_lut6_I4_O)        0.124     5.170 r  u_bram/u_bram/U0/inst_blk_mem_gen/gnbram.gnativebmg.native_blk_mem_gen/valid.cstr/has_mux_b.B/doutb[9]_INST_0_i_7/O
                         net (fo=1, routed)           0.000     5.170    u_bram/u_bram/U0/inst_blk_mem_gen/gnbram.gnativebmg.native_blk_mem_gen/valid.cstr/has_mux_b.B/doutb[9]_INST_0_i_7_n_0
    SLICE_X49Y50         MUXF7 (Prop_muxf7_I1_O)      0.217     5.387 r  u_bram/u_bram/U0/inst_blk_mem_gen/gnbram.gnativebmg.native_blk_mem_gen/valid.cstr/has_mux_b.B/doutb[9]_INST_0_i_3/O
                         net (fo=1, routed)           1.296     6.682    u_bram/u_bram/U0/inst_blk_mem_gen/gnbram.gnativebmg.native_blk_mem_gen/valid.cstr/has_mux_b.B/doutb[9]_INST_0_i_3_n_0
    SLICE_X44Y60         LUT5 (Prop_lut5_I4_O)        0.299     6.981 r  u_bram/u_bram/U0/inst_blk_mem_gen/gnbram.gnativebmg.native_blk_mem_gen/valid.cstr/has_mux_b.B/doutb[9]_INST_0/O
                         net (fo=11, routed)          0.994     7.976    u_bram/doutb[9]
    SLICE_X43Y58         LUT4 (Prop_lut4_I0_O)        0.124     8.100 r  u_bram/y_scaled1__0_carry_i_7/O
                         net (fo=1, routed)           0.000     8.100    u_filter/r_out_reg[0]_i_12_0[0]
    SLICE_X43Y58         CARRY4 (Prop_carry4_S[0]_O[2])
                                                      0.547     8.647 r  u_filter/y_scaled1__0_carry/O[2]
                         net (fo=2, routed)           0.670     9.317    u_filter/O[2]
    SLICE_X42Y58         LUT5 (Prop_lut5_I4_O)        0.302     9.619 r  u_filter/r_out[0]_i_15/O
                         net (fo=1, routed)           0.000     9.619    u_bram/r_out[0]_i_8[2]
    SLICE_X42Y58         CARRY4 (Prop_carry4_S[2]_O[2])
                                                      0.250     9.869 r  u_bram/r_out_reg[0]_i_12/O[2]
                         net (fo=1, routed)           0.403    10.272    u_filter/C[5]
    SLICE_X41Y58         LUT2 (Prop_lut2_I1_O)        0.301    10.573 r  u_filter/r_out[0]_i_6/O
                         net (fo=1, routed)           0.000    10.573    u_filter/r_out[0]_i_6_n_0
    SLICE_X41Y58         CARRY4 (Prop_carry4_S[1]_O[3])
                                                      0.640    11.213 r  u_filter/r_out_reg[0]_i_2/O[3]
                         net (fo=3, routed)           0.596    11.809    u_filter/y_scaled[8]
    SLICE_X40Y56         LUT4 (Prop_lut4_I0_O)        0.306    12.115 r  u_filter/g_out[0]_i_1/O
                         net (fo=1, routed)           0.000    12.115    u_filter_n_25
    SLICE_X40Y56         FDRE                                         r  g_out_reg[0]/D
  -------------------------------------------------------------------    -------------------

                         (clock clk_out1_clk_wiz_0 rise edge)
                                                     40.000    40.000 r  
    BUFGCTRL_X0Y1        BUFG                         0.000    40.000 r  clk_100mhz_IBUF_BUFG_inst/O
                         net (fo=101, routed)         1.457    41.457    u_clk_wiz/inst/clk_in1
    MMCME2_ADV_X1Y0      MMCME2_ADV (Prop_mmcme2_adv_CLKIN1_CLKOUT0)
                                                     -3.129    38.328 r  u_clk_wiz/inst/mmcm_adv_inst/CLKOUT0
                         net (fo=1, routed)           1.581    39.909    u_clk_wiz/inst/clk_out1_clk_wiz_0
    BUFGCTRL_X0Y2        BUFG (Prop_bufg_I_O)         0.091    40.000 r  u_clk_wiz/inst/clkout1_buf/O
                         net (fo=83, routed)          1.437    41.437    pixel_clk
    SLICE_X40Y56         FDRE                                         r  g_out_reg[0]/C
                         clock pessimism              0.007    41.444    
                         clock uncertainty           -0.106    41.337    
    SLICE_X40Y56         FDRE (Setup_fdre_C_D)        0.031    41.368    g_out_reg[0]
  -------------------------------------------------------------------
                         required time                         41.368    
                         arrival time                         -12.115    
  -------------------------------------------------------------------
                         slack                                 29.254    





Min Delay Paths
--------------------------------------------------------------------------------------
Slack (MET) :             0.117ns  (arrival time - required time)
  Source:                 pix_rst_reg/C
                            (rising edge-triggered cell FDRE clocked by clk_out1_clk_wiz_0  {rise@0.000ns fall@20.000ns period=40.000ns})
  Destination:            fd_sync_reg[0]/R
                            (rising edge-triggered cell FDRE clocked by clk_out1_clk_wiz_0  {rise@0.000ns fall@20.000ns period=40.000ns})
  Path Group:             clk_out1_clk_wiz_0
  Path Type:              Hold (Min at Fast Process Corner)
  Requirement:            0.000ns  (clk_out1_clk_wiz_0 rise@0.000ns - clk_out1_clk_wiz_0 rise@0.000ns)
  Data Path Delay:        0.386ns  (logic 0.141ns (36.488%)  route 0.245ns (63.512%))
  Logic Levels:           0  
  Clock Path Skew:        0.261ns (DCD - SCD - CPR)
    Destination Clock Delay (DCD):    0.813ns
    Source Clock Delay      (SCD):    0.548ns
    Clock Pessimism Removal (CPR):    0.005ns

    Location             Delay type                Incr(ns)  Path(ns)    Netlist Resource(s)
  -------------------------------------------------------------------    -------------------
                         (clock clk_out1_clk_wiz_0 rise edge)
                                                      0.000     0.000 r  
    BUFGCTRL_X0Y1        BUFG                         0.000     0.000 r  clk_100mhz_IBUF_BUFG_inst/O
                         net (fo=101, routed)         0.549     0.549    u_clk_wiz/inst/clk_in1
    MMCME2_ADV_X1Y0      MMCME2_ADV (Prop_mmcme2_adv_CLKIN1_CLKOUT0)
                                                     -1.061    -0.512 r  u_clk_wiz/inst/mmcm_adv_inst/CLKOUT0
                         net (fo=1, routed)           0.486    -0.026    u_clk_wiz/inst/clk_out1_clk_wiz_0
    BUFGCTRL_X0Y2        BUFG (Prop_bufg_I_O)         0.026     0.000 r  u_clk_wiz/inst/clkout1_buf/O
                         net (fo=83, routed)          0.548     0.548    pixel_clk
    SLICE_X39Y75         FDRE                                         r  pix_rst_reg/C
  -------------------------------------------------------------------    -------------------
    SLICE_X39Y75         FDRE (Prop_fdre_C_Q)         0.141     0.689 r  pix_rst_reg/Q
                         net (fo=51, routed)          0.245     0.934    pix_rst
    SLICE_X34Y76         FDRE                                         r  fd_sync_reg[0]/R
  -------------------------------------------------------------------    -------------------

                         (clock clk_out1_clk_wiz_0 rise edge)
                                                      0.000     0.000 r  
    BUFGCTRL_X0Y1        BUFG                         0.000     0.000 r  clk_100mhz_IBUF_BUFG_inst/O
                         net (fo=101, routed)         0.817     0.817    u_clk_wiz/inst/clk_in1
    MMCME2_ADV_X1Y0      MMCME2_ADV (Prop_mmcme2_adv_CLKIN1_CLKOUT0)
                                                     -1.375    -0.559 r  u_clk_wiz/inst/mmcm_adv_inst/CLKOUT0
                         net (fo=1, routed)           0.530    -0.029    u_clk_wiz/inst/clk_out1_clk_wiz_0
    BUFGCTRL_X0Y2        BUFG (Prop_bufg_I_O)         0.029     0.000 r  u_clk_wiz/inst/clkout1_buf/O
                         net (fo=83, routed)          0.813     0.813    pixel_clk
    SLICE_X34Y76         FDRE                                         r  fd_sync_reg[0]/C
                         clock pessimism             -0.005     0.808    
    SLICE_X34Y76         FDRE (Hold_fdre_C_R)         0.009     0.817    fd_sync_reg[0]
  -------------------------------------------------------------------
                         required time                         -0.818    
                         arrival time                           0.934    
  -------------------------------------------------------------------
                         slack                                  0.117    

Slack (MET) :             0.185ns  (arrival time - required time)
  Source:                 fd_sync_reg[2]/C
                            (rising edge-triggered cell FDRE clocked by clk_out1_clk_wiz_0  {rise@0.000ns fall@20.000ns period=40.000ns})
  Destination:            frame_valid_reg/D
                            (rising edge-triggered cell FDRE clocked by clk_out1_clk_wiz_0  {rise@0.000ns fall@20.000ns period=40.000ns})
  Path Group:             clk_out1_clk_wiz_0
  Path Type:              Hold (Min at Fast Process Corner)
  Requirement:            0.000ns  (clk_out1_clk_wiz_0 rise@0.000ns - clk_out1_clk_wiz_0 rise@0.000ns)
  Data Path Delay:        0.305ns  (logic 0.246ns (80.588%)  route 0.059ns (19.412%))
  Logic Levels:           1  (LUT3=1)
  Clock Path Skew:        0.000ns (DCD - SCD - CPR)
    Destination Clock Delay (DCD):    0.813ns
    Source Clock Delay      (SCD):    0.548ns
    Clock Pessimism Removal (CPR):    0.266ns

    Location             Delay type                Incr(ns)  Path(ns)    Netlist Resource(s)
  -------------------------------------------------------------------    -------------------
                         (clock clk_out1_clk_wiz_0 rise edge)
                                                      0.000     0.000 r  
    BUFGCTRL_X0Y1        BUFG                         0.000     0.000 r  clk_100mhz_IBUF_BUFG_inst/O
                         net (fo=101, routed)         0.549     0.549    u_clk_wiz/inst/clk_in1
    MMCME2_ADV_X1Y0      MMCME2_ADV (Prop_mmcme2_adv_CLKIN1_CLKOUT0)
                                                     -1.061    -0.512 r  u_clk_wiz/inst/mmcm_adv_inst/CLKOUT0
                         net (fo=1, routed)           0.486    -0.026    u_clk_wiz/inst/clk_out1_clk_wiz_0
    BUFGCTRL_X0Y2        BUFG (Prop_bufg_I_O)         0.026     0.000 r  u_clk_wiz/inst/clkout1_buf/O
                         net (fo=83, routed)          0.548     0.548    pixel_clk
    SLICE_X38Y75         FDRE                                         r  fd_sync_reg[2]/C
  -------------------------------------------------------------------    -------------------
    SLICE_X38Y75         FDRE (Prop_fdre_C_Q)         0.148     0.696 r  fd_sync_reg[2]/Q
                         net (fo=1, routed)           0.059     0.755    fd_sync[2]
    SLICE_X38Y75         LUT3 (Prop_lut3_I0_O)        0.098     0.853 r  frame_valid_i_1/O
                         net (fo=1, routed)           0.000     0.853    frame_valid_i_1_n_0
    SLICE_X38Y75         FDRE                                         r  frame_valid_reg/D
  -------------------------------------------------------------------    -------------------

                         (clock clk_out1_clk_wiz_0 rise edge)
                                                      0.000     0.000 r  
    BUFGCTRL_X0Y1        BUFG                         0.000     0.000 r  clk_100mhz_IBUF_BUFG_inst/O
                         net (fo=101, routed)         0.817     0.817    u_clk_wiz/inst/clk_in1
    MMCME2_ADV_X1Y0      MMCME2_ADV (Prop_mmcme2_adv_CLKIN1_CLKOUT0)
                                                     -1.375    -0.559 r  u_clk_wiz/inst/mmcm_adv_inst/CLKOUT0
                         net (fo=1, routed)           0.530    -0.029    u_clk_wiz/inst/clk_out1_clk_wiz_0
    BUFGCTRL_X0Y2        BUFG (Prop_bufg_I_O)         0.029     0.000 r  u_clk_wiz/inst/clkout1_buf/O
                         net (fo=83, routed)          0.813     0.813    pixel_clk
    SLICE_X38Y75         FDRE                                         r  frame_valid_reg/C
                         clock pessimism             -0.266     0.548    
    SLICE_X38Y75         FDRE (Hold_fdre_C_D)         0.120     0.668    frame_valid_reg
  -------------------------------------------------------------------
                         required time                         -0.668    
                         arrival time                           0.853    
  -------------------------------------------------------------------
                         slack                                  0.185    

Slack (MET) :             0.199ns  (arrival time - required time)
  Source:                 u_vga/vcount_reg[4]/C
                            (rising edge-triggered cell FDRE clocked by clk_out1_clk_wiz_0  {rise@0.000ns fall@20.000ns period=40.000ns})
  Destination:            vsync_delay_reg[0]/D
                            (rising edge-triggered cell FDSE clocked by clk_out1_clk_wiz_0  {rise@0.000ns fall@20.000ns period=40.000ns})
  Path Group:             clk_out1_clk_wiz_0
  Path Type:              Hold (Min at Fast Process Corner)
  Requirement:            0.000ns  (clk_out1_clk_wiz_0 rise@0.000ns - clk_out1_clk_wiz_0 rise@0.000ns)
  Data Path Delay:        0.322ns  (logic 0.186ns (57.690%)  route 0.136ns (42.310%))
  Logic Levels:           1  (LUT6=1)
  Clock Path Skew:        0.032ns (DCD - SCD - CPR)
    Destination Clock Delay (DCD):    0.815ns
    Source Clock Delay      (SCD):    0.549ns
    Clock Pessimism Removal (CPR):    0.234ns

    Location             Delay type                Incr(ns)  Path(ns)    Netlist Resource(s)
  -------------------------------------------------------------------    -------------------
                         (clock clk_out1_clk_wiz_0 rise edge)
                                                      0.000     0.000 r  
    BUFGCTRL_X0Y1        BUFG                         0.000     0.000 r  clk_100mhz_IBUF_BUFG_inst/O
                         net (fo=101, routed)         0.549     0.549    u_clk_wiz/inst/clk_in1
    MMCME2_ADV_X1Y0      MMCME2_ADV (Prop_mmcme2_adv_CLKIN1_CLKOUT0)
                                                     -1.061    -0.512 r  u_clk_wiz/inst/mmcm_adv_inst/CLKOUT0
                         net (fo=1, routed)           0.486    -0.026    u_clk_wiz/inst/clk_out1_clk_wiz_0
    BUFGCTRL_X0Y2        BUFG (Prop_bufg_I_O)         0.026     0.000 r  u_clk_wiz/inst/clkout1_buf/O
                         net (fo=83, routed)          0.549     0.549    u_vga/CLK
    SLICE_X44Y74         FDRE                                         r  u_vga/vcount_reg[4]/C
  -------------------------------------------------------------------    -------------------
    SLICE_X44Y74         FDRE (Prop_fdre_C_Q)         0.141     0.690 r  u_vga/vcount_reg[4]/Q
                         net (fo=10, routed)          0.136     0.826    u_vga/vcount[4]
    SLICE_X43Y74         LUT6 (Prop_lut6_I0_O)        0.045     0.871 r  u_vga/vsync_delay[0]_i_1/O
                         net (fo=1, routed)           0.000     0.871    u_vga_n_2
    SLICE_X43Y74         FDSE                                         r  vsync_delay_reg[0]/D
  -------------------------------------------------------------------    -------------------

                         (clock clk_out1_clk_wiz_0 rise edge)
                                                      0.000     0.000 r  
    BUFGCTRL_X0Y1        BUFG                         0.000     0.000 r  clk_100mhz_IBUF_BUFG_inst/O
                         net (fo=101, routed)         0.817     0.817    u_clk_wiz/inst/clk_in1
    MMCME2_ADV_X1Y0      MMCME2_ADV (Prop_mmcme2_adv_CLKIN1_CLKOUT0)
                                                     -1.375    -0.559 r  u_clk_wiz/inst/mmcm_adv_inst/CLKOUT0
                         net (fo=1, routed)           0.530    -0.029    u_clk_wiz/inst/clk_out1_clk_wiz_0
    BUFGCTRL_X0Y2        BUFG (Prop_bufg_I_O)         0.029     0.000 r  u_clk_wiz/inst/clkout1_buf/O
                         net (fo=83, routed)          0.815     0.815    pixel_clk
    SLICE_X43Y74         FDSE                                         r  vsync_delay_reg[0]/C
                         clock pessimism             -0.234     0.581    
    SLICE_X43Y74         FDSE (Hold_fdse_C_D)         0.091     0.672    vsync_delay_reg[0]
  -------------------------------------------------------------------
                         required time                         -0.672    
                         arrival time                           0.871    
  -------------------------------------------------------------------
                         slack                                  0.199    

Slack (MET) :             0.200ns  (arrival time - required time)
  Source:                 fd_sync_reg[0]/C
                            (rising edge-triggered cell FDRE clocked by clk_out1_clk_wiz_0  {rise@0.000ns fall@20.000ns period=40.000ns})
  Destination:            fd_sync_reg[1]/D
                            (rising edge-triggered cell FDRE clocked by clk_out1_clk_wiz_0  {rise@0.000ns fall@20.000ns period=40.000ns})
  Path Group:             clk_out1_clk_wiz_0
  Path Type:              Hold (Min at Fast Process Corner)
  Requirement:            0.000ns  (clk_out1_clk_wiz_0 rise@0.000ns - clk_out1_clk_wiz_0 rise@0.000ns)
  Data Path Delay:        0.531ns  (logic 0.164ns (30.875%)  route 0.367ns (69.125%))
  Logic Levels:           0  
  Clock Path Skew:        0.261ns (DCD - SCD - CPR)
    Destination Clock Delay (DCD):    0.813ns
    Source Clock Delay      (SCD):    0.548ns
    Clock Pessimism Removal (CPR):    0.005ns

    Location             Delay type                Incr(ns)  Path(ns)    Netlist Resource(s)
  -------------------------------------------------------------------    -------------------
                         (clock clk_out1_clk_wiz_0 rise edge)
                                                      0.000     0.000 r  
    BUFGCTRL_X0Y1        BUFG                         0.000     0.000 r  clk_100mhz_IBUF_BUFG_inst/O
                         net (fo=101, routed)         0.549     0.549    u_clk_wiz/inst/clk_in1
    MMCME2_ADV_X1Y0      MMCME2_ADV (Prop_mmcme2_adv_CLKIN1_CLKOUT0)
                                                     -1.061    -0.512 r  u_clk_wiz/inst/mmcm_adv_inst/CLKOUT0
                         net (fo=1, routed)           0.486    -0.026    u_clk_wiz/inst/clk_out1_clk_wiz_0
    BUFGCTRL_X0Y2        BUFG (Prop_bufg_I_O)         0.026     0.000 r  u_clk_wiz/inst/clkout1_buf/O
                         net (fo=83, routed)          0.548     0.548    pixel_clk
    SLICE_X34Y76         FDRE                                         r  fd_sync_reg[0]/C
  -------------------------------------------------------------------    -------------------
    SLICE_X34Y76         FDRE (Prop_fdre_C_Q)         0.164     0.712 r  fd_sync_reg[0]/Q
                         net (fo=1, routed)           0.367     1.079    fd_sync[0]
    SLICE_X36Y75         FDRE                                         r  fd_sync_reg[1]/D
  -------------------------------------------------------------------    -------------------

                         (clock clk_out1_clk_wiz_0 rise edge)
                                                      0.000     0.000 r  
    BUFGCTRL_X0Y1        BUFG                         0.000     0.000 r  clk_100mhz_IBUF_BUFG_inst/O
                         net (fo=101, routed)         0.817     0.817    u_clk_wiz/inst/clk_in1
    MMCME2_ADV_X1Y0      MMCME2_ADV (Prop_mmcme2_adv_CLKIN1_CLKOUT0)
                                                     -1.375    -0.559 r  u_clk_wiz/inst/mmcm_adv_inst/CLKOUT0
                         net (fo=1, routed)           0.530    -0.029    u_clk_wiz/inst/clk_out1_clk_wiz_0
    BUFGCTRL_X0Y2        BUFG (Prop_bufg_I_O)         0.029     0.000 r  u_clk_wiz/inst/clkout1_buf/O
                         net (fo=83, routed)          0.813     0.813    pixel_clk
    SLICE_X36Y75         FDRE                                         r  fd_sync_reg[1]/C
                         clock pessimism             -0.005     0.808    
    SLICE_X36Y75         FDRE (Hold_fdre_C_D)         0.070     0.878    fd_sync_reg[1]
  -------------------------------------------------------------------
                         required time                         -0.879    
                         arrival time                           1.079    
  -------------------------------------------------------------------
                         slack                                  0.200    

Slack (MET) :             0.212ns  (arrival time - required time)
  Source:                 u_vga/vcount_reg[3]/C
                            (rising edge-triggered cell FDRE clocked by clk_out1_clk_wiz_0  {rise@0.000ns fall@20.000ns period=40.000ns})
  Destination:            u_vga/vcount_reg[4]/D
                            (rising edge-triggered cell FDRE clocked by clk_out1_clk_wiz_0  {rise@0.000ns fall@20.000ns period=40.000ns})
  Path Group:             clk_out1_clk_wiz_0
  Path Type:              Hold (Min at Fast Process Corner)
  Requirement:            0.000ns  (clk_out1_clk_wiz_0 rise@0.000ns - clk_out1_clk_wiz_0 rise@0.000ns)
  Data Path Delay:        0.304ns  (logic 0.227ns (74.785%)  route 0.077ns (25.215%))
  Logic Levels:           1  (LUT6=1)
  Clock Path Skew:        0.000ns (DCD - SCD - CPR)
    Destination Clock Delay (DCD):    0.815ns
    Source Clock Delay      (SCD):    0.549ns
    Clock Pessimism Removal (CPR):    0.267ns

    Location             Delay type                Incr(ns)  Path(ns)    Netlist Resource(s)
  -------------------------------------------------------------------    -------------------
                         (clock clk_out1_clk_wiz_0 rise edge)
                                                      0.000     0.000 r  
    BUFGCTRL_X0Y1        BUFG                         0.000     0.000 r  clk_100mhz_IBUF_BUFG_inst/O
                         net (fo=101, routed)         0.549     0.549    u_clk_wiz/inst/clk_in1
    MMCME2_ADV_X1Y0      MMCME2_ADV (Prop_mmcme2_adv_CLKIN1_CLKOUT0)
                                                     -1.061    -0.512 r  u_clk_wiz/inst/mmcm_adv_inst/CLKOUT0
                         net (fo=1, routed)           0.486    -0.026    u_clk_wiz/inst/clk_out1_clk_wiz_0
    BUFGCTRL_X0Y2        BUFG (Prop_bufg_I_O)         0.026     0.000 r  u_clk_wiz/inst/clkout1_buf/O
                         net (fo=83, routed)          0.549     0.549    u_vga/CLK
    SLICE_X44Y74         FDRE                                         r  u_vga/vcount_reg[3]/C
  -------------------------------------------------------------------    -------------------
    SLICE_X44Y74         FDRE (Prop_fdre_C_Q)         0.128     0.677 r  u_vga/vcount_reg[3]/Q
                         net (fo=11, routed)          0.077     0.753    u_vga/vcount[3]
    SLICE_X44Y74         LUT6 (Prop_lut6_I4_O)        0.099     0.852 r  u_vga/vcount[4]_i_1/O
                         net (fo=1, routed)           0.000     0.852    u_vga/vcount[4]_i_1_n_0
    SLICE_X44Y74         FDRE                                         r  u_vga/vcount_reg[4]/D
  -------------------------------------------------------------------    -------------------

                         (clock clk_out1_clk_wiz_0 rise edge)
                                                      0.000     0.000 r  
    BUFGCTRL_X0Y1        BUFG                         0.000     0.000 r  clk_100mhz_IBUF_BUFG_inst/O
                         net (fo=101, routed)         0.817     0.817    u_clk_wiz/inst/clk_in1
    MMCME2_ADV_X1Y0      MMCME2_ADV (Prop_mmcme2_adv_CLKIN1_CLKOUT0)
                                                     -1.375    -0.559 r  u_clk_wiz/inst/mmcm_adv_inst/CLKOUT0
                         net (fo=1, routed)           0.530    -0.029    u_clk_wiz/inst/clk_out1_clk_wiz_0
    BUFGCTRL_X0Y2        BUFG (Prop_bufg_I_O)         0.029     0.000 r  u_clk_wiz/inst/clkout1_buf/O
                         net (fo=83, routed)          0.816     0.816    u_vga/CLK
    SLICE_X44Y74         FDRE                                         r  u_vga/vcount_reg[4]/C
                         clock pessimism             -0.267     0.549    
    SLICE_X44Y74         FDRE (Hold_fdre_C_D)         0.092     0.641    u_vga/vcount_reg[4]
  -------------------------------------------------------------------
                         required time                         -0.641    
                         arrival time                           0.852    
  -------------------------------------------------------------------
                         slack                                  0.212    

Slack (MET) :             0.214ns  (arrival time - required time)
  Source:                 vsync_delay_reg[0]/C
                            (rising edge-triggered cell FDSE clocked by clk_out1_clk_wiz_0  {rise@0.000ns fall@20.000ns period=40.000ns})
  Destination:            vsync_delay_reg[1]/D
                            (rising edge-triggered cell FDSE clocked by clk_out1_clk_wiz_0  {rise@0.000ns fall@20.000ns period=40.000ns})
  Path Group:             clk_out1_clk_wiz_0
  Path Type:              Hold (Min at Fast Process Corner)
  Requirement:            0.000ns  (clk_out1_clk_wiz_0 rise@0.000ns - clk_out1_clk_wiz_0 rise@0.000ns)
  Data Path Delay:        0.300ns  (logic 0.141ns (47.005%)  route 0.159ns (52.995%))
  Logic Levels:           0  
  Clock Path Skew:        0.016ns (DCD - SCD - CPR)
    Destination Clock Delay (DCD):    0.817ns
    Source Clock Delay      (SCD):    0.548ns
    Clock Pessimism Removal (CPR):    0.254ns

    Location             Delay type                Incr(ns)  Path(ns)    Netlist Resource(s)
  -------------------------------------------------------------------    -------------------
                         (clock clk_out1_clk_wiz_0 rise edge)
                                                      0.000     0.000 r  
    BUFGCTRL_X0Y1        BUFG                         0.000     0.000 r  clk_100mhz_IBUF_BUFG_inst/O
                         net (fo=101, routed)         0.549     0.549    u_clk_wiz/inst/clk_in1
    MMCME2_ADV_X1Y0      MMCME2_ADV (Prop_mmcme2_adv_CLKIN1_CLKOUT0)
                                                     -1.061    -0.512 r  u_clk_wiz/inst/mmcm_adv_inst/CLKOUT0
                         net (fo=1, routed)           0.486    -0.026    u_clk_wiz/inst/clk_out1_clk_wiz_0
    BUFGCTRL_X0Y2        BUFG (Prop_bufg_I_O)         0.026     0.000 r  u_clk_wiz/inst/clkout1_buf/O
                         net (fo=83, routed)          0.548     0.548    pixel_clk
    SLICE_X43Y74         FDSE                                         r  vsync_delay_reg[0]/C
  -------------------------------------------------------------------    -------------------
    SLICE_X43Y74         FDSE (Prop_fdse_C_Q)         0.141     0.689 r  vsync_delay_reg[0]/Q
                         net (fo=1, routed)           0.159     0.848    vsync_delay[0]
    SLICE_X40Y72         FDSE                                         r  vsync_delay_reg[1]/D
  -------------------------------------------------------------------    -------------------

                         (clock clk_out1_clk_wiz_0 rise edge)
                                                      0.000     0.000 r  
    BUFGCTRL_X0Y1        BUFG                         0.000     0.000 r  clk_100mhz_IBUF_BUFG_inst/O
                         net (fo=101, routed)         0.817     0.817    u_clk_wiz/inst/clk_in1
    MMCME2_ADV_X1Y0      MMCME2_ADV (Prop_mmcme2_adv_CLKIN1_CLKOUT0)
                                                     -1.375    -0.559 r  u_clk_wiz/inst/mmcm_adv_inst/CLKOUT0
                         net (fo=1, routed)           0.530    -0.029    u_clk_wiz/inst/clk_out1_clk_wiz_0
    BUFGCTRL_X0Y2        BUFG (Prop_bufg_I_O)         0.029     0.000 r  u_clk_wiz/inst/clkout1_buf/O
                         net (fo=83, routed)          0.817     0.817    pixel_clk
    SLICE_X40Y72         FDSE                                         r  vsync_delay_reg[1]/C
                         clock pessimism             -0.254     0.564    
    SLICE_X40Y72         FDSE (Hold_fdse_C_D)         0.070     0.634    vsync_delay_reg[1]
  -------------------------------------------------------------------
                         required time                         -0.634    
                         arrival time                           0.848    
  -------------------------------------------------------------------
                         slack                                  0.214    

Slack (MET) :             0.221ns  (arrival time - required time)
  Source:                 u_bram/u_bram/U0/inst_blk_mem_gen/gnbram.gnativebmg.native_blk_mem_gen/valid.cstr/has_mux_b.B/no_softecc_sel_reg.ce_pri.sel_pipe_reg[0]/C
                            (rising edge-triggered cell FDRE clocked by clk_out1_clk_wiz_0  {rise@0.000ns fall@20.000ns period=40.000ns})
  Destination:            u_bram/u_bram/U0/inst_blk_mem_gen/gnbram.gnativebmg.native_blk_mem_gen/valid.cstr/has_mux_b.B/no_softecc_norm_sel2.has_mem_regs.WITHOUT_ECC_PIPE.ce_pri.sel_pipe_d1_reg[0]/D
                            (rising edge-triggered cell FDRE clocked by clk_out1_clk_wiz_0  {rise@0.000ns fall@20.000ns period=40.000ns})
  Path Group:             clk_out1_clk_wiz_0
  Path Type:              Hold (Min at Fast Process Corner)
  Requirement:            0.000ns  (clk_out1_clk_wiz_0 rise@0.000ns - clk_out1_clk_wiz_0 rise@0.000ns)
  Data Path Delay:        0.280ns  (logic 0.164ns (58.537%)  route 0.116ns (41.463%))
  Logic Levels:           0  
  Clock Path Skew:        0.000ns (DCD - SCD - CPR)
    Destination Clock Delay (DCD):    0.812ns
    Source Clock Delay      (SCD):    0.547ns
    Clock Pessimism Removal (CPR):    0.266ns

    Location             Delay type                Incr(ns)  Path(ns)    Netlist Resource(s)
  -------------------------------------------------------------------    -------------------
                         (clock clk_out1_clk_wiz_0 rise edge)
                                                      0.000     0.000 r  
    BUFGCTRL_X0Y1        BUFG                         0.000     0.000 r  clk_100mhz_IBUF_BUFG_inst/O
                         net (fo=101, routed)         0.549     0.549    u_clk_wiz/inst/clk_in1
    MMCME2_ADV_X1Y0      MMCME2_ADV (Prop_mmcme2_adv_CLKIN1_CLKOUT0)
                                                     -1.061    -0.512 r  u_clk_wiz/inst/mmcm_adv_inst/CLKOUT0
                         net (fo=1, routed)           0.486    -0.026    u_clk_wiz/inst/clk_out1_clk_wiz_0
    BUFGCTRL_X0Y2        BUFG (Prop_bufg_I_O)         0.026     0.000 r  u_clk_wiz/inst/clkout1_buf/O
                         net (fo=83, routed)          0.547     0.547    u_bram/u_bram/U0/inst_blk_mem_gen/gnbram.gnativebmg.native_blk_mem_gen/valid.cstr/has_mux_b.B/clkb
    SLICE_X34Y75         FDRE                                         r  u_bram/u_bram/U0/inst_blk_mem_gen/gnbram.gnativebmg.native_blk_mem_gen/valid.cstr/has_mux_b.B/no_softecc_sel_reg.ce_pri.sel_pipe_reg[0]/C
  -------------------------------------------------------------------    -------------------
    SLICE_X34Y75         FDRE (Prop_fdre_C_Q)         0.164     0.711 r  u_bram/u_bram/U0/inst_blk_mem_gen/gnbram.gnativebmg.native_blk_mem_gen/valid.cstr/has_mux_b.B/no_softecc_sel_reg.ce_pri.sel_pipe_reg[0]/Q
                         net (fo=1, routed)           0.116     0.827    u_bram/u_bram/U0/inst_blk_mem_gen/gnbram.gnativebmg.native_blk_mem_gen/valid.cstr/has_mux_b.B/no_softecc_sel_reg.ce_pri.sel_pipe_reg_n_0_[0]
    SLICE_X34Y75         FDRE                                         r  u_bram/u_bram/U0/inst_blk_mem_gen/gnbram.gnativebmg.native_blk_mem_gen/valid.cstr/has_mux_b.B/no_softecc_norm_sel2.has_mem_regs.WITHOUT_ECC_PIPE.ce_pri.sel_pipe_d1_reg[0]/D
  -------------------------------------------------------------------    -------------------

                         (clock clk_out1_clk_wiz_0 rise edge)
                                                      0.000     0.000 r  
    BUFGCTRL_X0Y1        BUFG                         0.000     0.000 r  clk_100mhz_IBUF_BUFG_inst/O
                         net (fo=101, routed)         0.817     0.817    u_clk_wiz/inst/clk_in1
    MMCME2_ADV_X1Y0      MMCME2_ADV (Prop_mmcme2_adv_CLKIN1_CLKOUT0)
                                                     -1.375    -0.559 r  u_clk_wiz/inst/mmcm_adv_inst/CLKOUT0
                         net (fo=1, routed)           0.530    -0.029    u_clk_wiz/inst/clk_out1_clk_wiz_0
    BUFGCTRL_X0Y2        BUFG (Prop_bufg_I_O)         0.029     0.000 r  u_clk_wiz/inst/clkout1_buf/O
                         net (fo=83, routed)          0.812     0.812    u_bram/u_bram/U0/inst_blk_mem_gen/gnbram.gnativebmg.native_blk_mem_gen/valid.cstr/has_mux_b.B/clkb
    SLICE_X34Y75         FDRE                                         r  u_bram/u_bram/U0/inst_blk_mem_gen/gnbram.gnativebmg.native_blk_mem_gen/valid.cstr/has_mux_b.B/no_softecc_norm_sel2.has_mem_regs.WITHOUT_ECC_PIPE.ce_pri.sel_pipe_d1_reg[0]/C
                         clock pessimism             -0.266     0.547    
    SLICE_X34Y75         FDRE (Hold_fdre_C_D)         0.059     0.606    u_bram/u_bram/U0/inst_blk_mem_gen/gnbram.gnativebmg.native_blk_mem_gen/valid.cstr/has_mux_b.B/no_softecc_norm_sel2.has_mem_regs.WITHOUT_ECC_PIPE.ce_pri.sel_pipe_d1_reg[0]
  -------------------------------------------------------------------
                         required time                         -0.606    
                         arrival time                           0.827    
  -------------------------------------------------------------------
                         slack                                  0.221    

Slack (MET) :             0.226ns  (arrival time - required time)
  Source:                 vsync_delay_reg[1]/C
                            (rising edge-triggered cell FDSE clocked by clk_out1_clk_wiz_0  {rise@0.000ns fall@20.000ns period=40.000ns})
  Destination:            vsync_delay_reg[2]/D
                            (rising edge-triggered cell FDSE clocked by clk_out1_clk_wiz_0  {rise@0.000ns fall@20.000ns period=40.000ns})
  Path Group:             clk_out1_clk_wiz_0
  Path Type:              Hold (Min at Fast Process Corner)
  Requirement:            0.000ns  (clk_out1_clk_wiz_0 rise@0.000ns - clk_out1_clk_wiz_0 rise@0.000ns)
  Data Path Delay:        0.322ns  (logic 0.141ns (43.736%)  route 0.181ns (56.264%))
  Logic Levels:           0  
  Clock Path Skew:        0.033ns (DCD - SCD - CPR)
    Destination Clock Delay (DCD):    0.817ns
    Source Clock Delay      (SCD):    0.551ns
    Clock Pessimism Removal (CPR):    0.234ns

    Location             Delay type                Incr(ns)  Path(ns)    Netlist Resource(s)
  -------------------------------------------------------------------    -------------------
                         (clock clk_out1_clk_wiz_0 rise edge)
                                                      0.000     0.000 r  
    BUFGCTRL_X0Y1        BUFG                         0.000     0.000 r  clk_100mhz_IBUF_BUFG_inst/O
                         net (fo=101, routed)         0.549     0.549    u_clk_wiz/inst/clk_in1
    MMCME2_ADV_X1Y0      MMCME2_ADV (Prop_mmcme2_adv_CLKIN1_CLKOUT0)
                                                     -1.061    -0.512 r  u_clk_wiz/inst/mmcm_adv_inst/CLKOUT0
                         net (fo=1, routed)           0.486    -0.026    u_clk_wiz/inst/clk_out1_clk_wiz_0
    BUFGCTRL_X0Y2        BUFG (Prop_bufg_I_O)         0.026     0.000 r  u_clk_wiz/inst/clkout1_buf/O
                         net (fo=83, routed)          0.551     0.551    pixel_clk
    SLICE_X40Y72         FDSE                                         r  vsync_delay_reg[1]/C
  -------------------------------------------------------------------    -------------------
    SLICE_X40Y72         FDSE (Prop_fdse_C_Q)         0.141     0.692 r  vsync_delay_reg[1]/Q
                         net (fo=1, routed)           0.181     0.873    vsync_delay[1]
    SLICE_X38Y71         FDSE                                         r  vsync_delay_reg[2]/D
  -------------------------------------------------------------------    -------------------

                         (clock clk_out1_clk_wiz_0 rise edge)
                                                      0.000     0.000 r  
    BUFGCTRL_X0Y1        BUFG                         0.000     0.000 r  clk_100mhz_IBUF_BUFG_inst/O
                         net (fo=101, routed)         0.817     0.817    u_clk_wiz/inst/clk_in1
    MMCME2_ADV_X1Y0      MMCME2_ADV (Prop_mmcme2_adv_CLKIN1_CLKOUT0)
                                                     -1.375    -0.559 r  u_clk_wiz/inst/mmcm_adv_inst/CLKOUT0
                         net (fo=1, routed)           0.530    -0.029    u_clk_wiz/inst/clk_out1_clk_wiz_0
    BUFGCTRL_X0Y2        BUFG (Prop_bufg_I_O)         0.029     0.000 r  u_clk_wiz/inst/clkout1_buf/O
                         net (fo=83, routed)          0.817     0.817    pixel_clk
    SLICE_X38Y71         FDSE                                         r  vsync_delay_reg[2]/C
                         clock pessimism             -0.234     0.584    
    SLICE_X38Y71         FDSE (Hold_fdse_C_D)         0.063     0.647    vsync_delay_reg[2]
  -------------------------------------------------------------------
                         required time                         -0.647    
                         arrival time                           0.873    
  -------------------------------------------------------------------
                         slack                                  0.226    

Slack (MET) :             0.227ns  (arrival time - required time)
  Source:                 u_vga/vcount_reg[7]/C
                            (rising edge-triggered cell FDRE clocked by clk_out1_clk_wiz_0  {rise@0.000ns fall@20.000ns period=40.000ns})
  Destination:            u_vga/vcount_reg[8]/D
                            (rising edge-triggered cell FDRE clocked by clk_out1_clk_wiz_0  {rise@0.000ns fall@20.000ns period=40.000ns})
  Path Group:             clk_out1_clk_wiz_0
  Path Type:              Hold (Min at Fast Process Corner)
  Requirement:            0.000ns  (clk_out1_clk_wiz_0 rise@0.000ns - clk_out1_clk_wiz_0 rise@0.000ns)
  Data Path Delay:        0.319ns  (logic 0.227ns (71.097%)  route 0.092ns (28.903%))
  Logic Levels:           1  (LUT6=1)
  Clock Path Skew:        0.000ns (DCD - SCD - CPR)
    Destination Clock Delay (DCD):    0.818ns
    Source Clock Delay      (SCD):    0.552ns
    Clock Pessimism Removal (CPR):    0.267ns

    Location             Delay type                Incr(ns)  Path(ns)    Netlist Resource(s)
  -------------------------------------------------------------------    -------------------
                         (clock clk_out1_clk_wiz_0 rise edge)
                                                      0.000     0.000 r  
    BUFGCTRL_X0Y1        BUFG                         0.000     0.000 r  clk_100mhz_IBUF_BUFG_inst/O
                         net (fo=101, routed)         0.549     0.549    u_clk_wiz/inst/clk_in1
    MMCME2_ADV_X1Y0      MMCME2_ADV (Prop_mmcme2_adv_CLKIN1_CLKOUT0)
                                                     -1.061    -0.512 r  u_clk_wiz/inst/mmcm_adv_inst/CLKOUT0
                         net (fo=1, routed)           0.486    -0.026    u_clk_wiz/inst/clk_out1_clk_wiz_0
    BUFGCTRL_X0Y2        BUFG (Prop_bufg_I_O)         0.026     0.000 r  u_clk_wiz/inst/clkout1_buf/O
                         net (fo=83, routed)          0.552     0.552    u_vga/CLK
    SLICE_X44Y77         FDRE                                         r  u_vga/vcount_reg[7]/C
  -------------------------------------------------------------------    -------------------
    SLICE_X44Y77         FDRE (Prop_fdre_C_Q)         0.128     0.680 r  u_vga/vcount_reg[7]/Q
                         net (fo=11, routed)          0.092     0.772    u_vga/vcount[7]
    SLICE_X44Y77         LUT6 (Prop_lut6_I3_O)        0.099     0.871 r  u_vga/vcount[8]_i_1/O
                         net (fo=1, routed)           0.000     0.871    u_vga/vcount[8]_i_1_n_0
    SLICE_X44Y77         FDRE                                         r  u_vga/vcount_reg[8]/D
  -------------------------------------------------------------------    -------------------

                         (clock clk_out1_clk_wiz_0 rise edge)
                                                      0.000     0.000 r  
    BUFGCTRL_X0Y1        BUFG                         0.000     0.000 r  clk_100mhz_IBUF_BUFG_inst/O
                         net (fo=101, routed)         0.817     0.817    u_clk_wiz/inst/clk_in1
    MMCME2_ADV_X1Y0      MMCME2_ADV (Prop_mmcme2_adv_CLKIN1_CLKOUT0)
                                                     -1.375    -0.559 r  u_clk_wiz/inst/mmcm_adv_inst/CLKOUT0
                         net (fo=1, routed)           0.530    -0.029    u_clk_wiz/inst/clk_out1_clk_wiz_0
    BUFGCTRL_X0Y2        BUFG (Prop_bufg_I_O)         0.029     0.000 r  u_clk_wiz/inst/clkout1_buf/O
                         net (fo=83, routed)          0.818     0.818    u_vga/CLK
    SLICE_X44Y77         FDRE                                         r  u_vga/vcount_reg[8]/C
                         clock pessimism             -0.267     0.552    
    SLICE_X44Y77         FDRE (Hold_fdre_C_D)         0.092     0.644    u_vga/vcount_reg[8]
  -------------------------------------------------------------------
                         required time                         -0.644    
                         arrival time                           0.871    
  -------------------------------------------------------------------
                         slack                                  0.227    

Slack (MET) :             0.228ns  (arrival time - required time)
  Source:                 u_bram/u_bram/U0/inst_blk_mem_gen/gnbram.gnativebmg.native_blk_mem_gen/valid.cstr/has_mux_b.B/no_softecc_sel_reg.ce_pri.sel_pipe_reg[1]/C
                            (rising edge-triggered cell FDRE clocked by clk_out1_clk_wiz_0  {rise@0.000ns fall@20.000ns period=40.000ns})
  Destination:            u_bram/u_bram/U0/inst_blk_mem_gen/gnbram.gnativebmg.native_blk_mem_gen/valid.cstr/has_mux_b.B/no_softecc_norm_sel2.has_mem_regs.WITHOUT_ECC_PIPE.ce_pri.sel_pipe_d1_reg[1]/D
                            (rising edge-triggered cell FDRE clocked by clk_out1_clk_wiz_0  {rise@0.000ns fall@20.000ns period=40.000ns})
  Path Group:             clk_out1_clk_wiz_0
  Path Type:              Hold (Min at Fast Process Corner)
  Requirement:            0.000ns  (clk_out1_clk_wiz_0 rise@0.000ns - clk_out1_clk_wiz_0 rise@0.000ns)
  Data Path Delay:        0.280ns  (logic 0.164ns (58.537%)  route 0.116ns (41.463%))
  Logic Levels:           0  
  Clock Path Skew:        0.000ns (DCD - SCD - CPR)
    Destination Clock Delay (DCD):    0.812ns
    Source Clock Delay      (SCD):    0.547ns
    Clock Pessimism Removal (CPR):    0.266ns

    Location             Delay type                Incr(ns)  Path(ns)    Netlist Resource(s)
  -------------------------------------------------------------------    -------------------
                         (clock clk_out1_clk_wiz_0 rise edge)
                                                      0.000     0.000 r  
    BUFGCTRL_X0Y1        BUFG                         0.000     0.000 r  clk_100mhz_IBUF_BUFG_inst/O
                         net (fo=101, routed)         0.549     0.549    u_clk_wiz/inst/clk_in1
    MMCME2_ADV_X1Y0      MMCME2_ADV (Prop_mmcme2_adv_CLKIN1_CLKOUT0)
                                                     -1.061    -0.512 r  u_clk_wiz/inst/mmcm_adv_inst/CLKOUT0
                         net (fo=1, routed)           0.486    -0.026    u_clk_wiz/inst/clk_out1_clk_wiz_0
    BUFGCTRL_X0Y2        BUFG (Prop_bufg_I_O)         0.026     0.000 r  u_clk_wiz/inst/clkout1_buf/O
                         net (fo=83, routed)          0.547     0.547    u_bram/u_bram/U0/inst_blk_mem_gen/gnbram.gnativebmg.native_blk_mem_gen/valid.cstr/has_mux_b.B/clkb
    SLICE_X34Y75         FDRE                                         r  u_bram/u_bram/U0/inst_blk_mem_gen/gnbram.gnativebmg.native_blk_mem_gen/valid.cstr/has_mux_b.B/no_softecc_sel_reg.ce_pri.sel_pipe_reg[1]/C
  -------------------------------------------------------------------    -------------------
    SLICE_X34Y75         FDRE (Prop_fdre_C_Q)         0.164     0.711 r  u_bram/u_bram/U0/inst_blk_mem_gen/gnbram.gnativebmg.native_blk_mem_gen/valid.cstr/has_mux_b.B/no_softecc_sel_reg.ce_pri.sel_pipe_reg[1]/Q
                         net (fo=1, routed)           0.116     0.827    u_bram/u_bram/U0/inst_blk_mem_gen/gnbram.gnativebmg.native_blk_mem_gen/valid.cstr/has_mux_b.B/no_softecc_sel_reg.ce_pri.sel_pipe_reg_n_0_[1]
    SLICE_X34Y75         FDRE                                         r  u_bram/u_bram/U0/inst_blk_mem_gen/gnbram.gnativebmg.native_blk_mem_gen/valid.cstr/has_mux_b.B/no_softecc_norm_sel2.has_mem_regs.WITHOUT_ECC_PIPE.ce_pri.sel_pipe_d1_reg[1]/D
  -------------------------------------------------------------------    -------------------

                         (clock clk_out1_clk_wiz_0 rise edge)
                                                      0.000     0.000 r  
    BUFGCTRL_X0Y1        BUFG                         0.000     0.000 r  clk_100mhz_IBUF_BUFG_inst/O
                         net (fo=101, routed)         0.817     0.817    u_clk_wiz/inst/clk_in1
    MMCME2_ADV_X1Y0      MMCME2_ADV (Prop_mmcme2_adv_CLKIN1_CLKOUT0)
                                                     -1.375    -0.559 r  u_clk_wiz/inst/mmcm_adv_inst/CLKOUT0
                         net (fo=1, routed)           0.530    -0.029    u_clk_wiz/inst/clk_out1_clk_wiz_0
    BUFGCTRL_X0Y2        BUFG (Prop_bufg_I_O)         0.029     0.000 r  u_clk_wiz/inst/clkout1_buf/O
                         net (fo=83, routed)          0.812     0.812    u_bram/u_bram/U0/inst_blk_mem_gen/gnbram.gnativebmg.native_blk_mem_gen/valid.cstr/has_mux_b.B/clkb
    SLICE_X34Y75         FDRE                                         r  u_bram/u_bram/U0/inst_blk_mem_gen/gnbram.gnativebmg.native_blk_mem_gen/valid.cstr/has_mux_b.B/no_softecc_norm_sel2.has_mem_regs.WITHOUT_ECC_PIPE.ce_pri.sel_pipe_d1_reg[1]/C
                         clock pessimism             -0.266     0.547    
    SLICE_X34Y75         FDRE (Hold_fdre_C_D)         0.052     0.599    u_bram/u_bram/U0/inst_blk_mem_gen/gnbram.gnativebmg.native_blk_mem_gen/valid.cstr/has_mux_b.B/no_softecc_norm_sel2.has_mem_regs.WITHOUT_ECC_PIPE.ce_pri.sel_pipe_d1_reg[1]
  -------------------------------------------------------------------
                         required time                         -0.599    
                         arrival time                           0.827    
  -------------------------------------------------------------------
                         slack                                  0.228    





Pulse Width Checks
--------------------------------------------------------------------------------------
Clock Name:         clk_out1_clk_wiz_0
Waveform(ns):       { 0.000 20.000 }
Period(ns):         40.000
Sources:            { u_clk_wiz/inst/mmcm_adv_inst/CLKOUT0 }

Check Type        Corner  Lib Pin             Reference Pin  Required(ns)  Actual(ns)  Slack(ns)  Location         Pin
Min Period        n/a     RAMB36E1/CLKBWRCLK  n/a            3.363         40.000      36.637     RAMB36_X1Y12     u_bram/u_bram/U0/inst_blk_mem_gen/gnbram.gnativebmg.native_blk_mem_gen/valid.cstr/ramloop[0].ram.r/prim_noinit.ram/DEVICE_7SERIES.NO_BMM_INFO.TRUE_DP.CASCADED_PRIM36.ram_B/CLKBWRCLK
Min Period        n/a     RAMB36E1/CLKBWRCLK  n/a            3.363         40.000      36.637     RAMB36_X1Y13     u_bram/u_bram/U0/inst_blk_mem_gen/gnbram.gnativebmg.native_blk_mem_gen/valid.cstr/ramloop[0].ram.r/prim_noinit.ram/DEVICE_7SERIES.NO_BMM_INFO.TRUE_DP.CASCADED_PRIM36.ram_T/CLKBWRCLK
Min Period        n/a     RAMB36E1/CLKBWRCLK  n/a            3.363         40.000      36.637     RAMB36_X2Y12     u_bram/u_bram/U0/inst_blk_mem_gen/gnbram.gnativebmg.native_blk_mem_gen/valid.cstr/ramloop[2].ram.r/prim_noinit.ram/DEVICE_7SERIES.NO_BMM_INFO.TRUE_DP.CASCADED_PRIM36.ram_B/CLKBWRCLK
Min Period        n/a     RAMB36E1/CLKBWRCLK  n/a            3.363         40.000      36.637     RAMB36_X2Y13     u_bram/u_bram/U0/inst_blk_mem_gen/gnbram.gnativebmg.native_blk_mem_gen/valid.cstr/ramloop[2].ram.r/prim_noinit.ram/DEVICE_7SERIES.NO_BMM_INFO.TRUE_DP.CASCADED_PRIM36.ram_T/CLKBWRCLK
Min Period        n/a     RAMB36E1/CLKBWRCLK  n/a            3.363         40.000      36.637     RAMB36_X2Y17     u_bram/u_bram/U0/inst_blk_mem_gen/gnbram.gnativebmg.native_blk_mem_gen/valid.cstr/ramloop[4].ram.r/prim_noinit.ram/DEVICE_7SERIES.NO_BMM_INFO.TRUE_DP.CASCADED_PRIM36.ram_B/CLKBWRCLK
Min Period        n/a     RAMB36E1/CLKBWRCLK  n/a            3.363         40.000      36.637     RAMB36_X2Y18     u_bram/u_bram/U0/inst_blk_mem_gen/gnbram.gnativebmg.native_blk_mem_gen/valid.cstr/ramloop[4].ram.r/prim_noinit.ram/DEVICE_7SERIES.NO_BMM_INFO.TRUE_DP.CASCADED_PRIM36.ram_T/CLKBWRCLK
Min Period        n/a     RAMB36E1/CLKBWRCLK  n/a            2.944         40.000      37.056     RAMB36_X2Y11     u_bram/u_bram/U0/inst_blk_mem_gen/gnbram.gnativebmg.native_blk_mem_gen/valid.cstr/ramloop[10].ram.r/prim_noinit.ram/DEVICE_7SERIES.NO_BMM_INFO.TRUE_DP.SIMPLE_PRIM36.ram/CLKBWRCLK
Min Period        n/a     RAMB36E1/CLKBWRCLK  n/a            2.944         40.000      37.056     RAMB36_X1Y11     u_bram/u_bram/U0/inst_blk_mem_gen/gnbram.gnativebmg.native_blk_mem_gen/valid.cstr/ramloop[11].ram.r/prim_noinit.ram/DEVICE_7SERIES.NO_BMM_INFO.TRUE_DP.SIMPLE_PRIM36.ram/CLKBWRCLK
Min Period        n/a     RAMB36E1/CLKBWRCLK  n/a            2.944         40.000      37.056     RAMB36_X1Y8      u_bram/u_bram/U0/inst_blk_mem_gen/gnbram.gnativebmg.native_blk_mem_gen/valid.cstr/ramloop[12].ram.r/prim_noinit.ram/DEVICE_7SERIES.NO_BMM_INFO.TRUE_DP.SIMPLE_PRIM36.ram/CLKBWRCLK
Min Period        n/a     RAMB36E1/CLKBWRCLK  n/a            2.944         40.000      37.056     RAMB36_X2Y15     u_bram/u_bram/U0/inst_blk_mem_gen/gnbram.gnativebmg.native_blk_mem_gen/valid.cstr/ramloop[13].ram.r/prim_noinit.ram/DEVICE_7SERIES.NO_BMM_INFO.TRUE_DP.SIMPLE_PRIM36.ram/CLKBWRCLK
Max Period        n/a     MMCME2_ADV/CLKOUT0  n/a            213.360       40.000      173.360    MMCME2_ADV_X1Y0  u_clk_wiz/inst/mmcm_adv_inst/CLKOUT0
Low Pulse Width   Slow    FDRE/C              n/a            0.500         20.000      19.500     SLICE_X48Y73     active_d1_reg/C
Low Pulse Width   Fast    FDRE/C              n/a            0.500         20.000      19.500     SLICE_X48Y73     active_d1_reg/C
Low Pulse Width   Slow    FDRE/C              n/a            0.500         20.000      19.500     SLICE_X42Y75     active_d2_reg/C
Low Pulse Width   Fast    FDRE/C              n/a            0.500         20.000      19.500     SLICE_X42Y75     active_d2_reg/C
Low Pulse Width   Slow    FDRE/C              n/a            0.500         20.000      19.500     SLICE_X39Y57     b_out_reg[0]/C
Low Pulse Width   Fast    FDRE/C              n/a            0.500         20.000      19.500     SLICE_X39Y57     b_out_reg[0]/C
Low Pulse Width   Slow    FDRE/C              n/a            0.500         20.000      19.500     SLICE_X39Y57     b_out_reg[1]/C
Low Pulse Width   Fast    FDRE/C              n/a            0.500         20.000      19.500     SLICE_X39Y57     b_out_reg[1]/C
Low Pulse Width   Slow    FDRE/C              n/a            0.500         20.000      19.500     SLICE_X40Y56     b_out_reg[2]/C
Low Pulse Width   Fast    FDRE/C              n/a            0.500         20.000      19.500     SLICE_X40Y56     b_out_reg[2]/C
High Pulse Width  Slow    FDRE/C              n/a            0.500         20.000      19.500     SLICE_X48Y73     active_d1_reg/C
High Pulse Width  Fast    FDRE/C              n/a            0.500         20.000      19.500     SLICE_X48Y73     active_d1_reg/C
High Pulse Width  Slow    FDRE/C              n/a            0.500         20.000      19.500     SLICE_X42Y75     active_d2_reg/C
High Pulse Width  Fast    FDRE/C              n/a            0.500         20.000      19.500     SLICE_X42Y75     active_d2_reg/C
High Pulse Width  Slow    FDRE/C              n/a            0.500         20.000      19.500     SLICE_X39Y57     b_out_reg[0]/C
High Pulse Width  Fast    FDRE/C              n/a            0.500         20.000      19.500     SLICE_X39Y57     b_out_reg[0]/C
High Pulse Width  Slow    FDRE/C              n/a            0.500         20.000      19.500     SLICE_X39Y57     b_out_reg[1]/C
High Pulse Width  Fast    FDRE/C              n/a            0.500         20.000      19.500     SLICE_X39Y57     b_out_reg[1]/C
High Pulse Width  Slow    FDRE/C              n/a            0.500         20.000      19.500     SLICE_X40Y56     b_out_reg[2]/C
High Pulse Width  Fast    FDRE/C              n/a            0.500         20.000      19.500     SLICE_X40Y56     b_out_reg[2]/C



---------------------------------------------------------------------------------------------------
From Clock:  clk_out2_clk_wiz_0
  To Clock:  clk_out2_clk_wiz_0

Setup :           NA  Failing Endpoints,  Worst Slack           NA  ,  Total Violation           NA
Hold  :           NA  Failing Endpoints,  Worst Slack           NA  ,  Total Violation           NA
PW    :            0  Failing Endpoints,  Worst Slack       39.511ns,  Total Violation        0.000ns
---------------------------------------------------------------------------------------------------


Pulse Width Checks
--------------------------------------------------------------------------------------
Clock Name:         clk_out2_clk_wiz_0
Waveform(ns):       { 0.000 20.833 }
Period(ns):         41.667
Sources:            { u_clk_wiz/inst/mmcm_adv_inst/CLKOUT1 }

Check Type  Corner  Lib Pin             Reference Pin  Required(ns)  Actual(ns)  Slack(ns)  Location         Pin
Min Period  n/a     BUFG/I              n/a            2.155         41.667      39.511     BUFGCTRL_X0Y0    u_clk_wiz/inst/clkout2_buf/I
Min Period  n/a     ODDR/C              n/a            1.474         41.667      40.193     OLOGIC_X0Y128    u_oddr_xclk/C
Min Period  n/a     MMCME2_ADV/CLKOUT1  n/a            1.249         41.667      40.418     MMCME2_ADV_X1Y0  u_clk_wiz/inst/mmcm_adv_inst/CLKOUT1
Max Period  n/a     MMCME2_ADV/CLKOUT1  n/a            213.360       41.667      171.693    MMCME2_ADV_X1Y0  u_clk_wiz/inst/mmcm_adv_inst/CLKOUT1



---------------------------------------------------------------------------------------------------
From Clock:  clkfbout_clk_wiz_0
  To Clock:  clkfbout_clk_wiz_0

Setup :           NA  Failing Endpoints,  Worst Slack           NA  ,  Total Violation           NA
Hold  :           NA  Failing Endpoints,  Worst Slack           NA  ,  Total Violation           NA
PW    :            0  Failing Endpoints,  Worst Slack        7.845ns,  Total Violation        0.000ns
---------------------------------------------------------------------------------------------------


Pulse Width Checks
--------------------------------------------------------------------------------------
Clock Name:         clkfbout_clk_wiz_0
Waveform(ns):       { 0.000 5.000 }
Period(ns):         10.000
Sources:            { u_clk_wiz/inst/mmcm_adv_inst/CLKFBOUT }

Check Type  Corner  Lib Pin              Reference Pin  Required(ns)  Actual(ns)  Slack(ns)  Location         Pin
Min Period  n/a     BUFG/I               n/a            2.155         10.000      7.845      BUFGCTRL_X0Y3    u_clk_wiz/inst/clkf_buf/I
Min Period  n/a     MMCME2_ADV/CLKFBOUT  n/a            1.249         10.000      8.751      MMCME2_ADV_X1Y0  u_clk_wiz/inst/mmcm_adv_inst/CLKFBOUT
Min Period  n/a     MMCME2_ADV/CLKFBIN   n/a            1.249         10.000      8.751      MMCME2_ADV_X1Y0  u_clk_wiz/inst/mmcm_adv_inst/CLKFBIN
Max Period  n/a     MMCME2_ADV/CLKFBIN   n/a            100.000       10.000      90.000     MMCME2_ADV_X1Y0  u_clk_wiz/inst/mmcm_adv_inst/CLKFBIN
Max Period  n/a     MMCME2_ADV/CLKFBOUT  n/a            213.360       10.000      203.360    MMCME2_ADV_X1Y0  u_clk_wiz/inst/mmcm_adv_inst/CLKFBOUT



---------------------------------------------------------------------------------------------------
From Clock:  cam_pclk
  To Clock:  clk_out1_clk_wiz_0

Setup :            0  Failing Endpoints,  Worst Slack       34.850ns,  Total Violation        0.000ns
Hold  :            0  Failing Endpoints,  Worst Slack        0.802ns,  Total Violation        0.000ns
---------------------------------------------------------------------------------------------------


Max Delay Paths
--------------------------------------------------------------------------------------
Slack (MET) :             34.850ns  (required time - arrival time)
  Source:                 frame_done_toggle_reg/C
                            (rising edge-triggered cell FDRE clocked by cam_pclk  {rise@0.000ns fall@20.000ns period=40.000ns})
  Destination:            fd_sync_reg[0]/D
                            (rising edge-triggered cell FDRE clocked by clk_out1_clk_wiz_0  {rise@0.000ns fall@20.000ns period=40.000ns})
  Path Group:             clk_out1_clk_wiz_0
  Path Type:              Setup (Max at Slow Process Corner)
  Requirement:            40.000ns  (clk_out1_clk_wiz_0 rise@40.000ns - cam_pclk rise@0.000ns)
  Data Path Delay:        0.940ns  (logic 0.456ns (48.498%)  route 0.484ns (51.502%))
  Logic Levels:           0  
  Clock Path Skew:        -3.941ns (DCD - SCD + CPR)
    Destination Clock Delay (DCD):    1.419ns = ( 41.419 - 40.000 ) 
    Source Clock Delay      (SCD):    5.359ns
    Clock Pessimism Removal (CPR):    0.000ns
  Clock Uncertainty:      0.238ns  ((TSJ^2 + DJ^2)^1/2) / 2 + PE
    Total System Jitter     (TSJ):    0.071ns
    Discrete Jitter          (DJ):    0.200ns
    Phase Error              (PE):    0.132ns
  Clock Domain Crossing:  Inter clock paths are considered valid unless explicitly excluded by timing constraints such as set_clock_groups or set_false_path.

    Location             Delay type                Incr(ns)  Path(ns)    Netlist Resource(s)
  -------------------------------------------------------------------    -------------------
                         (clock cam_pclk rise edge)
                                                      0.000     0.000 r  
    A16                                               0.000     0.000 r  cam_pclk (IN)
                         net (fo=0)                   0.000     0.000    cam_pclk
    A16                  IBUF (Prop_ibuf_I_O)         1.457     1.457 r  cam_pclk_IBUF_inst/O
                         net (fo=1, routed)           2.273     3.730    cam_pclk_IBUF
    BUFGCTRL_X0Y16       BUFG (Prop_bufg_I_O)         0.096     3.826 r  cam_pclk_IBUF_BUFG_inst/O
                         net (fo=88, routed)          1.533     5.359    cam_pclk_IBUF_BUFG
    SLICE_X33Y76         FDRE                                         r  frame_done_toggle_reg/C
  -------------------------------------------------------------------    -------------------
    SLICE_X33Y76         FDRE (Prop_fdre_C_Q)         0.456     5.815 r  frame_done_toggle_reg/Q
                         net (fo=2, routed)           0.484     6.299    frame_done_toggle
    SLICE_X34Y76         FDRE                                         r  fd_sync_reg[0]/D
  -------------------------------------------------------------------    -------------------

                         (clock clk_out1_clk_wiz_0 rise edge)
                                                     40.000    40.000 r  
    BUFGCTRL_X0Y1        BUFG                         0.000    40.000 r  clk_100mhz_IBUF_BUFG_inst/O
                         net (fo=101, routed)         1.457    41.457    u_clk_wiz/inst/clk_in1
    MMCME2_ADV_X1Y0      MMCME2_ADV (Prop_mmcme2_adv_CLKIN1_CLKOUT0)
                                                     -3.129    38.328 r  u_clk_wiz/inst/mmcm_adv_inst/CLKOUT0
                         net (fo=1, routed)           1.581    39.909    u_clk_wiz/inst/clk_out1_clk_wiz_0
    BUFGCTRL_X0Y2        BUFG (Prop_bufg_I_O)         0.091    40.000 r  u_clk_wiz/inst/clkout1_buf/O
                         net (fo=83, routed)          1.419    41.419    pixel_clk
    SLICE_X34Y76         FDRE                                         r  fd_sync_reg[0]/C
                         clock pessimism              0.000    41.419    
                         clock uncertainty           -0.238    41.180    
    SLICE_X34Y76         FDRE (Setup_fdre_C_D)       -0.031    41.149    fd_sync_reg[0]
  -------------------------------------------------------------------
                         required time                         41.149    
                         arrival time                          -6.299    
  -------------------------------------------------------------------
                         slack                                 34.850    





Min Delay Paths
--------------------------------------------------------------------------------------
Slack (MET) :             0.802ns  (arrival time - required time)
  Source:                 frame_done_toggle_reg/C
                            (rising edge-triggered cell FDRE clocked by cam_pclk  {rise@0.000ns fall@20.000ns period=40.000ns})
  Destination:            fd_sync_reg[0]/D
                            (rising edge-triggered cell FDRE clocked by clk_out1_clk_wiz_0  {rise@0.000ns fall@20.000ns period=40.000ns})
  Path Group:             clk_out1_clk_wiz_0
  Path Type:              Hold (Min at Fast Process Corner)
  Requirement:            0.000ns  (clk_out1_clk_wiz_0 rise@0.000ns - cam_pclk rise@0.000ns)
  Data Path Delay:        0.313ns  (logic 0.141ns (45.013%)  route 0.172ns (54.987%))
  Logic Levels:           0  
  Clock Path Skew:        -0.786ns (DCD - SCD - CPR)
    Destination Clock Delay (DCD):    0.813ns
    Source Clock Delay      (SCD):    1.599ns
    Clock Pessimism Removal (CPR):    -0.000ns
  Clock Uncertainty:      0.238ns  ((TSJ^2 + DJ^2)^1/2) / 2 + PE
    Total System Jitter     (TSJ):    0.071ns
    Discrete Jitter          (DJ):    0.200ns
    Phase Error              (PE):    0.132ns
  Clock Domain Crossing:  Inter clock paths are considered valid unless explicitly excluded by timing constraints such as set_clock_groups or set_false_path.

    Location             Delay type                Incr(ns)  Path(ns)    Netlist Resource(s)
  -------------------------------------------------------------------    -------------------
                         (clock cam_pclk rise edge)
                                                      0.000     0.000 r  
    A16                                               0.000     0.000 r  cam_pclk (IN)
                         net (fo=0)                   0.000     0.000    cam_pclk
    A16                  IBUF (Prop_ibuf_I_O)         0.225     0.225 r  cam_pclk_IBUF_inst/O
                         net (fo=1, routed)           0.802     1.027    cam_pclk_IBUF
    BUFGCTRL_X0Y16       BUFG (Prop_bufg_I_O)         0.026     1.053 r  cam_pclk_IBUF_BUFG_inst/O
                         net (fo=88, routed)          0.547     1.599    cam_pclk_IBUF_BUFG
    SLICE_X33Y76         FDRE                                         r  frame_done_toggle_reg/C
  -------------------------------------------------------------------    -------------------
    SLICE_X33Y76         FDRE (Prop_fdre_C_Q)         0.141     1.740 r  frame_done_toggle_reg/Q
                         net (fo=2, routed)           0.172     1.913    frame_done_toggle
    SLICE_X34Y76         FDRE                                         r  fd_sync_reg[0]/D
  -------------------------------------------------------------------    -------------------

                         (clock clk_out1_clk_wiz_0 rise edge)
                                                      0.000     0.000 r  
    BUFGCTRL_X0Y1        BUFG                         0.000     0.000 r  clk_100mhz_IBUF_BUFG_inst/O
                         net (fo=101, routed)         0.817     0.817    u_clk_wiz/inst/clk_in1
    MMCME2_ADV_X1Y0      MMCME2_ADV (Prop_mmcme2_adv_CLKIN1_CLKOUT0)
                                                     -1.375    -0.559 r  u_clk_wiz/inst/mmcm_adv_inst/CLKOUT0
                         net (fo=1, routed)           0.530    -0.029    u_clk_wiz/inst/clk_out1_clk_wiz_0
    BUFGCTRL_X0Y2        BUFG (Prop_bufg_I_O)         0.029     0.000 r  u_clk_wiz/inst/clkout1_buf/O
                         net (fo=83, routed)          0.813     0.813    pixel_clk
    SLICE_X34Y76         FDRE                                         r  fd_sync_reg[0]/C
                         clock pessimism              0.000     0.813    
                         clock uncertainty            0.238     1.052    
    SLICE_X34Y76         FDRE (Hold_fdre_C_D)         0.059     1.111    fd_sync_reg[0]
  -------------------------------------------------------------------
                         required time                         -1.111    
                         arrival time                           1.913    
  -------------------------------------------------------------------
                         slack                                  0.802    





---------------------------------------------------------------------------------------------------
From Clock:  sys_clk_100mhz
  To Clock:  clk_out1_clk_wiz_0

Setup :            0  Failing Endpoints,  Worst Slack        2.992ns,  Total Violation        0.000ns
Hold  :            0  Failing Endpoints,  Worst Slack        1.542ns,  Total Violation        0.000ns
---------------------------------------------------------------------------------------------------


Max Delay Paths
--------------------------------------------------------------------------------------
Slack (MET) :             2.992ns  (required time - arrival time)
  Source:                 global_rst_reg/C
                            (rising edge-triggered cell FDRE clocked by sys_clk_100mhz  {rise@0.000ns fall@5.000ns period=10.000ns})
  Destination:            pix_rst_sync1_reg/D
                            (rising edge-triggered cell FDRE clocked by clk_out1_clk_wiz_0  {rise@0.000ns fall@20.000ns period=40.000ns})
  Path Group:             clk_out1_clk_wiz_0
  Path Type:              Setup (Max at Slow Process Corner)
  Requirement:            10.000ns  (clk_out1_clk_wiz_0 rise@40.000ns - sys_clk_100mhz rise@30.000ns)
  Data Path Delay:        2.918ns  (logic 0.456ns (15.629%)  route 2.462ns (84.371%))
  Logic Levels:           0  
  Clock Path Skew:        -3.821ns (DCD - SCD + CPR)
    Destination Clock Delay (DCD):    1.423ns = ( 41.423 - 40.000 ) 
    Source Clock Delay      (SCD):    5.243ns = ( 35.243 - 30.000 ) 
    Clock Pessimism Removal (CPR):    0.000ns
  Clock Uncertainty:      0.238ns  ((TSJ^2 + DJ^2)^1/2) / 2 + PE
    Total System Jitter     (TSJ):    0.071ns
    Discrete Jitter          (DJ):    0.200ns
    Phase Error              (PE):    0.132ns
  Clock Domain Crossing:  Inter clock paths are considered valid unless explicitly excluded by timing constraints such as set_clock_groups or set_false_path.

    Location             Delay type                Incr(ns)  Path(ns)    Netlist Resource(s)
  -------------------------------------------------------------------    -------------------
                         (clock sys_clk_100mhz rise edge)
                                                     30.000    30.000 r  
    W5                                                0.000    30.000 r  clk_100mhz (IN)
                         net (fo=0)                   0.000    30.000    clk_100mhz
    W5                   IBUF (Prop_ibuf_I_O)         1.458    31.458 r  clk_100mhz_IBUF_inst/O
                         net (fo=1, routed)           1.967    33.425    clk_100mhz_IBUF
    BUFGCTRL_X0Y1        BUFG (Prop_bufg_I_O)         0.096    33.521 r  clk_100mhz_IBUF_BUFG_inst/O
                         net (fo=101, routed)         1.722    35.243    clk_100mhz_IBUF_BUFG
    SLICE_X13Y123        FDRE                                         r  global_rst_reg/C
  -------------------------------------------------------------------    -------------------
    SLICE_X13Y123        FDRE (Prop_fdre_C_Q)         0.456    35.699 r  global_rst_reg/Q
                         net (fo=77, routed)          2.462    38.161    global_rst
    SLICE_X38Y78         FDRE                                         r  pix_rst_sync1_reg/D
  -------------------------------------------------------------------    -------------------

                         (clock clk_out1_clk_wiz_0 rise edge)
                                                     40.000    40.000 r  
    BUFGCTRL_X0Y1        BUFG                         0.000    40.000 r  clk_100mhz_IBUF_BUFG_inst/O
                         net (fo=101, routed)         1.457    41.457    u_clk_wiz/inst/clk_in1
    MMCME2_ADV_X1Y0      MMCME2_ADV (Prop_mmcme2_adv_CLKIN1_CLKOUT0)
                                                     -3.129    38.328 r  u_clk_wiz/inst/mmcm_adv_inst/CLKOUT0
                         net (fo=1, routed)           1.581    39.909    u_clk_wiz/inst/clk_out1_clk_wiz_0
    BUFGCTRL_X0Y2        BUFG (Prop_bufg_I_O)         0.091    40.000 r  u_clk_wiz/inst/clkout1_buf/O
                         net (fo=83, routed)          1.423    41.423    pixel_clk
    SLICE_X38Y78         FDRE                                         r  pix_rst_sync1_reg/C
                         clock pessimism              0.000    41.423    
                         clock uncertainty           -0.238    41.184    
    SLICE_X38Y78         FDRE (Setup_fdre_C_D)       -0.031    41.153    pix_rst_sync1_reg
  -------------------------------------------------------------------
                         required time                         41.153    
                         arrival time                         -38.161    
  -------------------------------------------------------------------
                         slack                                  2.992    





Min Delay Paths
--------------------------------------------------------------------------------------
Slack (MET) :             1.542ns  (arrival time - required time)
  Source:                 global_rst_reg/C
                            (rising edge-triggered cell FDRE clocked by sys_clk_100mhz  {rise@0.000ns fall@5.000ns period=10.000ns})
  Destination:            pix_rst_sync1_reg/D
                            (rising edge-triggered cell FDRE clocked by clk_out1_clk_wiz_0  {rise@0.000ns fall@20.000ns period=40.000ns})
  Path Group:             clk_out1_clk_wiz_0
  Path Type:              Hold (Min at Fast Process Corner)
  Requirement:            0.000ns  (clk_out1_clk_wiz_0 rise@0.000ns - sys_clk_100mhz rise@0.000ns)
  Data Path Delay:        1.140ns  (logic 0.141ns (12.372%)  route 0.999ns (87.629%))
  Logic Levels:           0  
  Clock Path Skew:        -0.700ns (DCD - SCD - CPR)
    Destination Clock Delay (DCD):    0.817ns
    Source Clock Delay      (SCD):    1.518ns
    Clock Pessimism Removal (CPR):    -0.000ns
  Clock Uncertainty:      0.238ns  ((TSJ^2 + DJ^2)^1/2) / 2 + PE
    Total System Jitter     (TSJ):    0.071ns
    Discrete Jitter          (DJ):    0.200ns
    Phase Error              (PE):    0.132ns
  Clock Domain Crossing:  Inter clock paths are considered valid unless explicitly excluded by timing constraints such as set_clock_groups or set_false_path.

    Location             Delay type                Incr(ns)  Path(ns)    Netlist Resource(s)
  -------------------------------------------------------------------    -------------------
                         (clock sys_clk_100mhz rise edge)
                                                      0.000     0.000 r  
    W5                                                0.000     0.000 r  clk_100mhz (IN)
                         net (fo=0)                   0.000     0.000    clk_100mhz
    W5                   IBUF (Prop_ibuf_I_O)         0.226     0.226 r  clk_100mhz_IBUF_inst/O
                         net (fo=1, routed)           0.631     0.858    clk_100mhz_IBUF
    BUFGCTRL_X0Y1        BUFG (Prop_bufg_I_O)         0.026     0.884 r  clk_100mhz_IBUF_BUFG_inst/O
                         net (fo=101, routed)         0.634     1.518    clk_100mhz_IBUF_BUFG
    SLICE_X13Y123        FDRE                                         r  global_rst_reg/C
  -------------------------------------------------------------------    -------------------
    SLICE_X13Y123        FDRE (Prop_fdre_C_Q)         0.141     1.659 r  global_rst_reg/Q
                         net (fo=77, routed)          0.999     2.657    global_rst
    SLICE_X38Y78         FDRE                                         r  pix_rst_sync1_reg/D
  -------------------------------------------------------------------    -------------------

                         (clock clk_out1_clk_wiz_0 rise edge)
                                                      0.000     0.000 r  
    BUFGCTRL_X0Y1        BUFG                         0.000     0.000 r  clk_100mhz_IBUF_BUFG_inst/O
                         net (fo=101, routed)         0.817     0.817    u_clk_wiz/inst/clk_in1
    MMCME2_ADV_X1Y0      MMCME2_ADV (Prop_mmcme2_adv_CLKIN1_CLKOUT0)
                                                     -1.375    -0.559 r  u_clk_wiz/inst/mmcm_adv_inst/CLKOUT0
                         net (fo=1, routed)           0.530    -0.029    u_clk_wiz/inst/clk_out1_clk_wiz_0
    BUFGCTRL_X0Y2        BUFG (Prop_bufg_I_O)         0.029     0.000 r  u_clk_wiz/inst/clkout1_buf/O
                         net (fo=83, routed)          0.817     0.817    pixel_clk
    SLICE_X38Y78         FDRE                                         r  pix_rst_sync1_reg/C
                         clock pessimism              0.000     0.817    
                         clock uncertainty            0.238     1.056    
    SLICE_X38Y78         FDRE (Hold_fdre_C_D)         0.059     1.115    pix_rst_sync1_reg
  -------------------------------------------------------------------
                         required time                         -1.115    
                         arrival time                           2.657    
  -------------------------------------------------------------------
                         slack                                  1.542    





--------------------------------------------------------------------------------------
Path Group:  (none)
From Clock:  sys_clk_100mhz
  To Clock:  cam_pclk

Max Delay             1 Endpoint
Min Delay             1 Endpoint
--------------------------------------------------------------------------------------


Max Delay Paths
--------------------------------------------------------------------------------------
Slack:                    inf
  Source:                 global_rst_reg/C
                            (rising edge-triggered cell FDRE clocked by sys_clk_100mhz  {rise@0.000ns fall@5.000ns period=10.000ns})
  Destination:            cam_rst_sync1_reg/D
                            (rising edge-triggered cell FDRE clocked by cam_pclk  {rise@0.000ns fall@20.000ns period=40.000ns})
  Path Group:             (none)
  Path Type:              Setup (Max at Slow Process Corner)
  Data Path Delay:        2.708ns  (logic 0.456ns (16.837%)  route 2.252ns (83.163%))
  Logic Levels:           0  
  Clock Path Skew:        -0.189ns (DCD - SCD + CPR)
    Destination Clock Delay (DCD):    5.054ns
    Source Clock Delay      (SCD):    5.243ns
    Clock Pessimism Removal (CPR):    0.000ns
  Clock Uncertainty:      0.035ns  ((TSJ^2 + TIJ^2)^1/2 + DJ) / 2 + PE
    Total System Jitter     (TSJ):    0.071ns
    Total Input Jitter      (TIJ):    0.000ns
    Discrete Jitter          (DJ):    0.000ns
    Phase Error              (PE):    0.000ns
  Timing Exception:       Asynchronous Clock Groups

    Location             Delay type                Incr(ns)  Path(ns)    Netlist Resource(s)
  -------------------------------------------------------------------    -------------------
                         (clock sys_clk_100mhz rise edge)
                                                      0.000     0.000 r  
    W5                                                0.000     0.000 r  clk_100mhz (IN)
                         net (fo=0)                   0.000     0.000    clk_100mhz
    W5                   IBUF (Prop_ibuf_I_O)         1.458     1.458 r  clk_100mhz_IBUF_inst/O
                         net (fo=1, routed)           1.967     3.425    clk_100mhz_IBUF
    BUFGCTRL_X0Y1        BUFG (Prop_bufg_I_O)         0.096     3.521 r  clk_100mhz_IBUF_BUFG_inst/O
                         net (fo=101, routed)         1.722     5.243    clk_100mhz_IBUF_BUFG
    SLICE_X13Y123        FDRE                                         r  global_rst_reg/C
  -------------------------------------------------------------------    -------------------
    SLICE_X13Y123        FDRE (Prop_fdre_C_Q)         0.456     5.699 r  global_rst_reg/Q
                         net (fo=77, routed)          2.252     7.952    global_rst
    SLICE_X31Y81         FDRE                                         r  cam_rst_sync1_reg/D
  -------------------------------------------------------------------    -------------------

                         (clock cam_pclk rise edge)
                                                      0.000     0.000 r  
    A16                                               0.000     0.000 r  cam_pclk (IN)
                         net (fo=0)                   0.000     0.000    cam_pclk
    A16                  IBUF (Prop_ibuf_I_O)         1.387     1.387 r  cam_pclk_IBUF_inst/O
                         net (fo=1, routed)           2.155     3.542    cam_pclk_IBUF
    BUFGCTRL_X0Y16       BUFG (Prop_bufg_I_O)         0.091     3.633 r  cam_pclk_IBUF_BUFG_inst/O
                         net (fo=88, routed)          1.422     5.054    cam_pclk_IBUF_BUFG
    SLICE_X31Y81         FDRE                                         r  cam_rst_sync1_reg/C





Min Delay Paths
--------------------------------------------------------------------------------------
Slack:                    inf
  Source:                 global_rst_reg/C
                            (rising edge-triggered cell FDRE clocked by sys_clk_100mhz  {rise@0.000ns fall@5.000ns period=10.000ns})
  Destination:            cam_rst_sync1_reg/D
                            (rising edge-triggered cell FDRE clocked by cam_pclk  {rise@0.000ns fall@20.000ns period=40.000ns})
  Path Group:             (none)
  Path Type:              Hold (Min at Fast Process Corner)
  Data Path Delay:        1.065ns  (logic 0.141ns (13.236%)  route 0.924ns (86.764%))
  Logic Levels:           0  
  Clock Path Skew:        0.607ns (DCD - SCD - CPR)
    Destination Clock Delay (DCD):    2.125ns
    Source Clock Delay      (SCD):    1.518ns
    Clock Pessimism Removal (CPR):    -0.000ns
  Clock Uncertainty:      0.035ns  ((TSJ^2 + TIJ^2)^1/2 + DJ) / 2 + PE
    Total System Jitter     (TSJ):    0.071ns
    Total Input Jitter      (TIJ):    0.000ns
    Discrete Jitter          (DJ):    0.000ns
    Phase Error              (PE):    0.000ns
  Timing Exception:       Asynchronous Clock Groups

    Location             Delay type                Incr(ns)  Path(ns)    Netlist Resource(s)
  -------------------------------------------------------------------    -------------------
                         (clock sys_clk_100mhz rise edge)
                                                      0.000     0.000 r  
    W5                                                0.000     0.000 r  clk_100mhz (IN)
                         net (fo=0)                   0.000     0.000    clk_100mhz
    W5                   IBUF (Prop_ibuf_I_O)         0.226     0.226 r  clk_100mhz_IBUF_inst/O
                         net (fo=1, routed)           0.631     0.858    clk_100mhz_IBUF
    BUFGCTRL_X0Y1        BUFG (Prop_bufg_I_O)         0.026     0.884 r  clk_100mhz_IBUF_BUFG_inst/O
                         net (fo=101, routed)         0.634     1.518    clk_100mhz_IBUF_BUFG
    SLICE_X13Y123        FDRE                                         r  global_rst_reg/C
  -------------------------------------------------------------------    -------------------
    SLICE_X13Y123        FDRE (Prop_fdre_C_Q)         0.141     1.659 r  global_rst_reg/Q
                         net (fo=77, routed)          0.924     2.583    global_rst
    SLICE_X31Y81         FDRE                                         r  cam_rst_sync1_reg/D
  -------------------------------------------------------------------    -------------------

                         (clock cam_pclk rise edge)
                                                      0.000     0.000 r  
    A16                                               0.000     0.000 r  cam_pclk (IN)
                         net (fo=0)                   0.000     0.000    cam_pclk
    A16                  IBUF (Prop_ibuf_I_O)         0.413     0.413 r  cam_pclk_IBUF_inst/O
                         net (fo=1, routed)           0.865     1.277    cam_pclk_IBUF
    BUFGCTRL_X0Y16       BUFG (Prop_bufg_I_O)         0.029     1.306 r  cam_pclk_IBUF_BUFG_inst/O
                         net (fo=88, routed)          0.818     2.125    cam_pclk_IBUF_BUFG
    SLICE_X31Y81         FDRE                                         r  cam_rst_sync1_reg/C





--------------------------------------------------------------------------------------
Path Group:  (none)
From Clock:  clk_out1_clk_wiz_0
  To Clock:  

Max Delay            14 Endpoints
Min Delay            14 Endpoints
--------------------------------------------------------------------------------------


Max Delay Paths
--------------------------------------------------------------------------------------
Slack:                    inf
  Source:                 vsync_delay_reg[2]/C
                            (rising edge-triggered cell FDSE clocked by clk_out1_clk_wiz_0  {rise@0.000ns fall@20.000ns period=40.000ns})
  Destination:            vga_vsync
                            (output port)
  Path Group:             (none)
  Path Type:              Max at Slow Process Corner
  Data Path Delay:        7.757ns  (logic 4.021ns (51.839%)  route 3.736ns (48.161%))
  Logic Levels:           1  (OBUF=1)
  Clock Uncertainty:      0.235ns  ((TSJ^2 + DJ^2)^1/2) / 2 + PE
    Total System Jitter     (TSJ):    0.050ns
    Discrete Jitter          (DJ):    0.200ns
    Phase Error              (PE):    0.132ns

    Location             Delay type                Incr(ns)  Path(ns)    Netlist Resource(s)
  -------------------------------------------------------------------    -------------------
                         (clock clk_out1_clk_wiz_0 rise edge)
                                                      0.000     0.000 r  
    BUFGCTRL_X0Y1        BUFG                         0.000     0.000 r  clk_100mhz_IBUF_BUFG_inst/O
                         net (fo=101, routed)         1.575     1.575    u_clk_wiz/inst/clk_in1
    MMCME2_ADV_X1Y0      MMCME2_ADV (Prop_mmcme2_adv_CLKIN1_CLKOUT0)
                                                     -3.333    -1.757 r  u_clk_wiz/inst/mmcm_adv_inst/CLKOUT0
                         net (fo=1, routed)           1.661    -0.096    u_clk_wiz/inst/clk_out1_clk_wiz_0
    BUFGCTRL_X0Y2        BUFG (Prop_bufg_I_O)         0.096    -0.000 r  u_clk_wiz/inst/clkout1_buf/O
                         net (fo=83, routed)          1.539     1.539    pixel_clk
    SLICE_X38Y71         FDSE                                         r  vsync_delay_reg[2]/C
  -------------------------------------------------------------------    -------------------
    SLICE_X38Y71         FDSE (Prop_fdse_C_Q)         0.518     2.057 r  vsync_delay_reg[2]/Q
                         net (fo=1, routed)           3.736     5.793    vga_vsync_OBUF
    R19                  OBUF (Prop_obuf_I_O)         3.503     9.296 r  vga_vsync_OBUF_inst/O
                         net (fo=0)                   0.000     9.296    vga_vsync
    R19                                                               r  vga_vsync (OUT)
  -------------------------------------------------------------------    -------------------

Slack:                    inf
  Source:                 hsync_delay_reg[2]/C
                            (rising edge-triggered cell FDSE clocked by clk_out1_clk_wiz_0  {rise@0.000ns fall@20.000ns period=40.000ns})
  Destination:            vga_hsync
                            (output port)
  Path Group:             (none)
  Path Type:              Max at Slow Process Corner
  Data Path Delay:        7.611ns  (logic 4.015ns (52.748%)  route 3.596ns (47.252%))
  Logic Levels:           1  (OBUF=1)
  Clock Uncertainty:      0.235ns  ((TSJ^2 + DJ^2)^1/2) / 2 + PE
    Total System Jitter     (TSJ):    0.050ns
    Discrete Jitter          (DJ):    0.200ns
    Phase Error              (PE):    0.132ns

    Location             Delay type                Incr(ns)  Path(ns)    Netlist Resource(s)
  -------------------------------------------------------------------    -------------------
                         (clock clk_out1_clk_wiz_0 rise edge)
                                                      0.000     0.000 r  
    BUFGCTRL_X0Y1        BUFG                         0.000     0.000 r  clk_100mhz_IBUF_BUFG_inst/O
                         net (fo=101, routed)         1.575     1.575    u_clk_wiz/inst/clk_in1
    MMCME2_ADV_X1Y0      MMCME2_ADV (Prop_mmcme2_adv_CLKIN1_CLKOUT0)
                                                     -3.333    -1.757 r  u_clk_wiz/inst/mmcm_adv_inst/CLKOUT0
                         net (fo=1, routed)           1.661    -0.096    u_clk_wiz/inst/clk_out1_clk_wiz_0
    BUFGCTRL_X0Y2        BUFG (Prop_bufg_I_O)         0.096    -0.000 r  u_clk_wiz/inst/clkout1_buf/O
                         net (fo=83, routed)          1.539     1.539    pixel_clk
    SLICE_X38Y71         FDSE                                         r  hsync_delay_reg[2]/C
  -------------------------------------------------------------------    -------------------
    SLICE_X38Y71         FDSE (Prop_fdse_C_Q)         0.518     2.057 r  hsync_delay_reg[2]/Q
                         net (fo=1, routed)           3.596     5.653    vga_hsync_OBUF
    P19                  OBUF (Prop_obuf_I_O)         3.497     9.150 r  vga_hsync_OBUF_inst/O
                         net (fo=0)                   0.000     9.150    vga_hsync
    P19                                                               r  vga_hsync (OUT)
  -------------------------------------------------------------------    -------------------

Slack:                    inf
  Source:                 r_out_reg[3]/C
                            (rising edge-triggered cell FDRE clocked by clk_out1_clk_wiz_0  {rise@0.000ns fall@20.000ns period=40.000ns})
  Destination:            vga_r[3]
                            (output port)
  Path Group:             (none)
  Path Type:              Max at Slow Process Corner
  Data Path Delay:        7.388ns  (logic 4.096ns (55.450%)  route 3.291ns (44.550%))
  Logic Levels:           1  (OBUF=1)
  Clock Uncertainty:      0.235ns  ((TSJ^2 + DJ^2)^1/2) / 2 + PE
    Total System Jitter     (TSJ):    0.050ns
    Discrete Jitter          (DJ):    0.200ns
    Phase Error              (PE):    0.132ns

    Location             Delay type                Incr(ns)  Path(ns)    Netlist Resource(s)
  -------------------------------------------------------------------    -------------------
                         (clock clk_out1_clk_wiz_0 rise edge)
                                                      0.000     0.000 r  
    BUFGCTRL_X0Y1        BUFG                         0.000     0.000 r  clk_100mhz_IBUF_BUFG_inst/O
                         net (fo=101, routed)         1.575     1.575    u_clk_wiz/inst/clk_in1
    MMCME2_ADV_X1Y0      MMCME2_ADV (Prop_mmcme2_adv_CLKIN1_CLKOUT0)
                                                     -3.333    -1.757 r  u_clk_wiz/inst/mmcm_adv_inst/CLKOUT0
                         net (fo=1, routed)           1.661    -0.096    u_clk_wiz/inst/clk_out1_clk_wiz_0
    BUFGCTRL_X0Y2        BUFG (Prop_bufg_I_O)         0.096    -0.000 r  u_clk_wiz/inst/clkout1_buf/O
                         net (fo=83, routed)          1.552     1.552    pixel_clk
    SLICE_X39Y57         FDRE                                         r  r_out_reg[3]/C
  -------------------------------------------------------------------    -------------------
    SLICE_X39Y57         FDRE (Prop_fdre_C_Q)         0.419     1.971 r  r_out_reg[3]/Q
                         net (fo=1, routed)           3.291     5.262    vga_r_OBUF[3]
    N19                  OBUF (Prop_obuf_I_O)         3.677     8.940 r  vga_r_OBUF[3]_inst/O
                         net (fo=0)                   0.000     8.940    vga_r[3]
    N19                                                               r  vga_r[3] (OUT)
  -------------------------------------------------------------------    -------------------

Slack:                    inf
  Source:                 g_out_reg[0]/C
                            (rising edge-triggered cell FDRE clocked by clk_out1_clk_wiz_0  {rise@0.000ns fall@20.000ns period=40.000ns})
  Destination:            vga_g[0]
                            (output port)
  Path Group:             (none)
  Path Type:              Max at Slow Process Corner
  Data Path Delay:        7.322ns  (logic 3.977ns (54.311%)  route 3.345ns (45.689%))
  Logic Levels:           1  (OBUF=1)
  Clock Uncertainty:      0.235ns  ((TSJ^2 + DJ^2)^1/2) / 2 + PE
    Total System Jitter     (TSJ):    0.050ns
    Discrete Jitter          (DJ):    0.200ns
    Phase Error              (PE):    0.132ns

    Location             Delay type                Incr(ns)  Path(ns)    Netlist Resource(s)
  -------------------------------------------------------------------    -------------------
                         (clock clk_out1_clk_wiz_0 rise edge)
                                                      0.000     0.000 r  
    BUFGCTRL_X0Y1        BUFG                         0.000     0.000 r  clk_100mhz_IBUF_BUFG_inst/O
                         net (fo=101, routed)         1.575     1.575    u_clk_wiz/inst/clk_in1
    MMCME2_ADV_X1Y0      MMCME2_ADV (Prop_mmcme2_adv_CLKIN1_CLKOUT0)
                                                     -3.333    -1.757 r  u_clk_wiz/inst/mmcm_adv_inst/CLKOUT0
                         net (fo=1, routed)           1.661    -0.096    u_clk_wiz/inst/clk_out1_clk_wiz_0
    BUFGCTRL_X0Y2        BUFG (Prop_bufg_I_O)         0.096    -0.000 r  u_clk_wiz/inst/clkout1_buf/O
                         net (fo=83, routed)          1.554     1.554    pixel_clk
    SLICE_X40Y56         FDRE                                         r  g_out_reg[0]/C
  -------------------------------------------------------------------    -------------------
    SLICE_X40Y56         FDRE (Prop_fdre_C_Q)         0.456     2.010 r  g_out_reg[0]/Q
                         net (fo=1, routed)           3.345     5.355    vga_g_OBUF[0]
    J17                  OBUF (Prop_obuf_I_O)         3.521     8.876 r  vga_g_OBUF[0]_inst/O
                         net (fo=0)                   0.000     8.876    vga_g[0]
    J17                                                               r  vga_g[0] (OUT)
  -------------------------------------------------------------------    -------------------

Slack:                    inf
  Source:                 r_out_reg[2]/C
                            (rising edge-triggered cell FDRE clocked by clk_out1_clk_wiz_0  {rise@0.000ns fall@20.000ns period=40.000ns})
  Destination:            vga_r[2]
                            (output port)
  Path Group:             (none)
  Path Type:              Max at Slow Process Corner
  Data Path Delay:        7.320ns  (logic 4.116ns (56.227%)  route 3.204ns (43.773%))
  Logic Levels:           1  (OBUF=1)
  Clock Uncertainty:      0.235ns  ((TSJ^2 + DJ^2)^1/2) / 2 + PE
    Total System Jitter     (TSJ):    0.050ns
    Discrete Jitter          (DJ):    0.200ns
    Phase Error              (PE):    0.132ns

    Location             Delay type                Incr(ns)  Path(ns)    Netlist Resource(s)
  -------------------------------------------------------------------    -------------------
                         (clock clk_out1_clk_wiz_0 rise edge)
                                                      0.000     0.000 r  
    BUFGCTRL_X0Y1        BUFG                         0.000     0.000 r  clk_100mhz_IBUF_BUFG_inst/O
                         net (fo=101, routed)         1.575     1.575    u_clk_wiz/inst/clk_in1
    MMCME2_ADV_X1Y0      MMCME2_ADV (Prop_mmcme2_adv_CLKIN1_CLKOUT0)
                                                     -3.333    -1.757 r  u_clk_wiz/inst/mmcm_adv_inst/CLKOUT0
                         net (fo=1, routed)           1.661    -0.096    u_clk_wiz/inst/clk_out1_clk_wiz_0
    BUFGCTRL_X0Y2        BUFG (Prop_bufg_I_O)         0.096    -0.000 r  u_clk_wiz/inst/clkout1_buf/O
                         net (fo=83, routed)          1.554     1.554    pixel_clk
    SLICE_X40Y56         FDRE                                         r  r_out_reg[2]/C
  -------------------------------------------------------------------    -------------------
    SLICE_X40Y56         FDRE (Prop_fdre_C_Q)         0.419     1.973 r  r_out_reg[2]/Q
                         net (fo=1, routed)           3.204     5.177    vga_r_OBUF[2]
    J19                  OBUF (Prop_obuf_I_O)         3.697     8.874 r  vga_r_OBUF[2]_inst/O
                         net (fo=0)                   0.000     8.874    vga_r[2]
    J19                                                               r  vga_r[2] (OUT)
  -------------------------------------------------------------------    -------------------

Slack:                    inf
  Source:                 b_out_reg[3]/C
                            (rising edge-triggered cell FDRE clocked by clk_out1_clk_wiz_0  {rise@0.000ns fall@20.000ns period=40.000ns})
  Destination:            vga_b[3]
                            (output port)
  Path Group:             (none)
  Path Type:              Max at Slow Process Corner
  Data Path Delay:        7.211ns  (logic 3.981ns (55.203%)  route 3.230ns (44.797%))
  Logic Levels:           1  (OBUF=1)
  Clock Uncertainty:      0.235ns  ((TSJ^2 + DJ^2)^1/2) / 2 + PE
    Total System Jitter     (TSJ):    0.050ns
    Discrete Jitter          (DJ):    0.200ns
    Phase Error              (PE):    0.132ns

    Location             Delay type                Incr(ns)  Path(ns)    Netlist Resource(s)
  -------------------------------------------------------------------    -------------------
                         (clock clk_out1_clk_wiz_0 rise edge)
                                                      0.000     0.000 r  
    BUFGCTRL_X0Y1        BUFG                         0.000     0.000 r  clk_100mhz_IBUF_BUFG_inst/O
                         net (fo=101, routed)         1.575     1.575    u_clk_wiz/inst/clk_in1
    MMCME2_ADV_X1Y0      MMCME2_ADV (Prop_mmcme2_adv_CLKIN1_CLKOUT0)
                                                     -3.333    -1.757 r  u_clk_wiz/inst/mmcm_adv_inst/CLKOUT0
                         net (fo=1, routed)           1.661    -0.096    u_clk_wiz/inst/clk_out1_clk_wiz_0
    BUFGCTRL_X0Y2        BUFG (Prop_bufg_I_O)         0.096    -0.000 r  u_clk_wiz/inst/clkout1_buf/O
                         net (fo=83, routed)          1.552     1.552    pixel_clk
    SLICE_X39Y57         FDRE                                         r  b_out_reg[3]/C
  -------------------------------------------------------------------    -------------------
    SLICE_X39Y57         FDRE (Prop_fdre_C_Q)         0.456     2.008 r  b_out_reg[3]/Q
                         net (fo=1, routed)           3.230     5.238    vga_b_OBUF[3]
    J18                  OBUF (Prop_obuf_I_O)         3.525     8.763 r  vga_b_OBUF[3]_inst/O
                         net (fo=0)                   0.000     8.763    vga_b[3]
    J18                                                               r  vga_b[3] (OUT)
  -------------------------------------------------------------------    -------------------

Slack:                    inf
  Source:                 b_out_reg[0]/C
                            (rising edge-triggered cell FDRE clocked by clk_out1_clk_wiz_0  {rise@0.000ns fall@20.000ns period=40.000ns})
  Destination:            vga_b[0]
                            (output port)
  Path Group:             (none)
  Path Type:              Max at Slow Process Corner
  Data Path Delay:        7.199ns  (logic 3.951ns (54.884%)  route 3.248ns (45.116%))
  Logic Levels:           1  (OBUF=1)
  Clock Uncertainty:      0.235ns  ((TSJ^2 + DJ^2)^1/2) / 2 + PE
    Total System Jitter     (TSJ):    0.050ns
    Discrete Jitter          (DJ):    0.200ns
    Phase Error              (PE):    0.132ns

    Location             Delay type                Incr(ns)  Path(ns)    Netlist Resource(s)
  -------------------------------------------------------------------    -------------------
                         (clock clk_out1_clk_wiz_0 rise edge)
                                                      0.000     0.000 r  
    BUFGCTRL_X0Y1        BUFG                         0.000     0.000 r  clk_100mhz_IBUF_BUFG_inst/O
                         net (fo=101, routed)         1.575     1.575    u_clk_wiz/inst/clk_in1
    MMCME2_ADV_X1Y0      MMCME2_ADV (Prop_mmcme2_adv_CLKIN1_CLKOUT0)
                                                     -3.333    -1.757 r  u_clk_wiz/inst/mmcm_adv_inst/CLKOUT0
                         net (fo=1, routed)           1.661    -0.096    u_clk_wiz/inst/clk_out1_clk_wiz_0
    BUFGCTRL_X0Y2        BUFG (Prop_bufg_I_O)         0.096    -0.000 r  u_clk_wiz/inst/clkout1_buf/O
                         net (fo=83, routed)          1.552     1.552    pixel_clk
    SLICE_X39Y57         FDRE                                         r  b_out_reg[0]/C
  -------------------------------------------------------------------    -------------------
    SLICE_X39Y57         FDRE (Prop_fdre_C_Q)         0.456     2.008 r  b_out_reg[0]/Q
                         net (fo=1, routed)           3.248     5.256    vga_b_OBUF[0]
    N18                  OBUF (Prop_obuf_I_O)         3.495     8.751 r  vga_b_OBUF[0]_inst/O
                         net (fo=0)                   0.000     8.751    vga_b[0]
    N18                                                               r  vga_b[0] (OUT)
  -------------------------------------------------------------------    -------------------

Slack:                    inf
  Source:                 b_out_reg[1]/C
                            (rising edge-triggered cell FDRE clocked by clk_out1_clk_wiz_0  {rise@0.000ns fall@20.000ns period=40.000ns})
  Destination:            vga_b[1]
                            (output port)
  Path Group:             (none)
  Path Type:              Max at Slow Process Corner
  Data Path Delay:        7.197ns  (logic 3.959ns (55.016%)  route 3.237ns (44.984%))
  Logic Levels:           1  (OBUF=1)
  Clock Uncertainty:      0.235ns  ((TSJ^2 + DJ^2)^1/2) / 2 + PE
    Total System Jitter     (TSJ):    0.050ns
    Discrete Jitter          (DJ):    0.200ns
    Phase Error              (PE):    0.132ns

    Location             Delay type                Incr(ns)  Path(ns)    Netlist Resource(s)
  -------------------------------------------------------------------    -------------------
                         (clock clk_out1_clk_wiz_0 rise edge)
                                                      0.000     0.000 r  
    BUFGCTRL_X0Y1        BUFG                         0.000     0.000 r  clk_100mhz_IBUF_BUFG_inst/O
                         net (fo=101, routed)         1.575     1.575    u_clk_wiz/inst/clk_in1
    MMCME2_ADV_X1Y0      MMCME2_ADV (Prop_mmcme2_adv_CLKIN1_CLKOUT0)
                                                     -3.333    -1.757 r  u_clk_wiz/inst/mmcm_adv_inst/CLKOUT0
                         net (fo=1, routed)           1.661    -0.096    u_clk_wiz/inst/clk_out1_clk_wiz_0
    BUFGCTRL_X0Y2        BUFG (Prop_bufg_I_O)         0.096    -0.000 r  u_clk_wiz/inst/clkout1_buf/O
                         net (fo=83, routed)          1.552     1.552    pixel_clk
    SLICE_X39Y57         FDRE                                         r  b_out_reg[1]/C
  -------------------------------------------------------------------    -------------------
    SLICE_X39Y57         FDRE (Prop_fdre_C_Q)         0.456     2.008 r  b_out_reg[1]/Q
                         net (fo=1, routed)           3.237     5.245    vga_b_OBUF[1]
    L18                  OBUF (Prop_obuf_I_O)         3.503     8.749 r  vga_b_OBUF[1]_inst/O
                         net (fo=0)                   0.000     8.749    vga_b[1]
    L18                                                               r  vga_b[1] (OUT)
  -------------------------------------------------------------------    -------------------

Slack:                    inf
  Source:                 g_out_reg[1]/C
                            (rising edge-triggered cell FDRE clocked by clk_out1_clk_wiz_0  {rise@0.000ns fall@20.000ns period=40.000ns})
  Destination:            vga_g[1]
                            (output port)
  Path Group:             (none)
  Path Type:              Max at Slow Process Corner
  Data Path Delay:        7.186ns  (logic 4.096ns (57.003%)  route 3.090ns (42.997%))
  Logic Levels:           1  (OBUF=1)
  Clock Uncertainty:      0.235ns  ((TSJ^2 + DJ^2)^1/2) / 2 + PE
    Total System Jitter     (TSJ):    0.050ns
    Discrete Jitter          (DJ):    0.200ns
    Phase Error              (PE):    0.132ns

    Location             Delay type                Incr(ns)  Path(ns)    Netlist Resource(s)
  -------------------------------------------------------------------    -------------------
                         (clock clk_out1_clk_wiz_0 rise edge)
                                                      0.000     0.000 r  
    BUFGCTRL_X0Y1        BUFG                         0.000     0.000 r  clk_100mhz_IBUF_BUFG_inst/O
                         net (fo=101, routed)         1.575     1.575    u_clk_wiz/inst/clk_in1
    MMCME2_ADV_X1Y0      MMCME2_ADV (Prop_mmcme2_adv_CLKIN1_CLKOUT0)
                                                     -3.333    -1.757 r  u_clk_wiz/inst/mmcm_adv_inst/CLKOUT0
                         net (fo=1, routed)           1.661    -0.096    u_clk_wiz/inst/clk_out1_clk_wiz_0
    BUFGCTRL_X0Y2        BUFG (Prop_bufg_I_O)         0.096    -0.000 r  u_clk_wiz/inst/clkout1_buf/O
                         net (fo=83, routed)          1.552     1.552    pixel_clk
    SLICE_X39Y57         FDRE                                         r  g_out_reg[1]/C
  -------------------------------------------------------------------    -------------------
    SLICE_X39Y57         FDRE (Prop_fdre_C_Q)         0.419     1.971 r  g_out_reg[1]/Q
                         net (fo=1, routed)           3.090     5.061    vga_g_OBUF[1]
    H17                  OBUF (Prop_obuf_I_O)         3.677     8.738 r  vga_g_OBUF[1]_inst/O
                         net (fo=0)                   0.000     8.738    vga_g[1]
    H17                                                               r  vga_g[1] (OUT)
  -------------------------------------------------------------------    -------------------

Slack:                    inf
  Source:                 b_out_reg[2]/C
                            (rising edge-triggered cell FDRE clocked by clk_out1_clk_wiz_0  {rise@0.000ns fall@20.000ns period=40.000ns})
  Destination:            vga_b[2]
                            (output port)
  Path Group:             (none)
  Path Type:              Max at Slow Process Corner
  Data Path Delay:        7.092ns  (logic 3.975ns (56.048%)  route 3.117ns (43.952%))
  Logic Levels:           1  (OBUF=1)
  Clock Uncertainty:      0.235ns  ((TSJ^2 + DJ^2)^1/2) / 2 + PE
    Total System Jitter     (TSJ):    0.050ns
    Discrete Jitter          (DJ):    0.200ns
    Phase Error              (PE):    0.132ns

    Location             Delay type                Incr(ns)  Path(ns)    Netlist Resource(s)
  -------------------------------------------------------------------    -------------------
                         (clock clk_out1_clk_wiz_0 rise edge)
                                                      0.000     0.000 r  
    BUFGCTRL_X0Y1        BUFG                         0.000     0.000 r  clk_100mhz_IBUF_BUFG_inst/O
                         net (fo=101, routed)         1.575     1.575    u_clk_wiz/inst/clk_in1
    MMCME2_ADV_X1Y0      MMCME2_ADV (Prop_mmcme2_adv_CLKIN1_CLKOUT0)
                                                     -3.333    -1.757 r  u_clk_wiz/inst/mmcm_adv_inst/CLKOUT0
                         net (fo=1, routed)           1.661    -0.096    u_clk_wiz/inst/clk_out1_clk_wiz_0
    BUFGCTRL_X0Y2        BUFG (Prop_bufg_I_O)         0.096    -0.000 r  u_clk_wiz/inst/clkout1_buf/O
                         net (fo=83, routed)          1.554     1.554    pixel_clk
    SLICE_X40Y56         FDRE                                         r  b_out_reg[2]/C
  -------------------------------------------------------------------    -------------------
    SLICE_X40Y56         FDRE (Prop_fdre_C_Q)         0.456     2.010 r  b_out_reg[2]/Q
                         net (fo=1, routed)           3.117     5.127    vga_b_OBUF[2]
    K18                  OBUF (Prop_obuf_I_O)         3.519     8.646 r  vga_b_OBUF[2]_inst/O
                         net (fo=0)                   0.000     8.646    vga_b[2]
    K18                                                               r  vga_b[2] (OUT)
  -------------------------------------------------------------------    -------------------





Min Delay Paths
--------------------------------------------------------------------------------------
Slack:                    inf
  Source:                 g_out_reg[3]/C
                            (rising edge-triggered cell FDRE clocked by clk_out1_clk_wiz_0  {rise@0.000ns fall@20.000ns period=40.000ns})
  Destination:            vga_g[3]
                            (output port)
  Path Group:             (none)
  Path Type:              Min at Fast Process Corner
  Data Path Delay:        2.116ns  (logic 1.372ns (64.856%)  route 0.744ns (35.144%))
  Logic Levels:           1  (OBUF=1)
  Clock Uncertainty:      0.235ns  ((TSJ^2 + DJ^2)^1/2) / 2 + PE
    Total System Jitter     (TSJ):    0.050ns
    Discrete Jitter          (DJ):    0.200ns
    Phase Error              (PE):    0.132ns

    Location             Delay type                Incr(ns)  Path(ns)    Netlist Resource(s)
  -------------------------------------------------------------------    -------------------
                         (clock clk_out1_clk_wiz_0 rise edge)
                                                      0.000     0.000 r  
    BUFGCTRL_X0Y1        BUFG                         0.000     0.000 r  clk_100mhz_IBUF_BUFG_inst/O
                         net (fo=101, routed)         0.549     0.549    u_clk_wiz/inst/clk_in1
    MMCME2_ADV_X1Y0      MMCME2_ADV (Prop_mmcme2_adv_CLKIN1_CLKOUT0)
                                                     -1.061    -0.512 r  u_clk_wiz/inst/mmcm_adv_inst/CLKOUT0
                         net (fo=1, routed)           0.486    -0.026    u_clk_wiz/inst/clk_out1_clk_wiz_0
    BUFGCTRL_X0Y2        BUFG (Prop_bufg_I_O)         0.026     0.000 r  u_clk_wiz/inst/clkout1_buf/O
                         net (fo=83, routed)          0.560     0.560    pixel_clk
    SLICE_X39Y57         FDRE                                         r  g_out_reg[3]/C
  -------------------------------------------------------------------    -------------------
    SLICE_X39Y57         FDRE (Prop_fdre_C_Q)         0.141     0.701 r  g_out_reg[3]/Q
                         net (fo=1, routed)           0.744     1.444    vga_g_OBUF[3]
    D17                  OBUF (Prop_obuf_I_O)         1.231     2.676 r  vga_g_OBUF[3]_inst/O
                         net (fo=0)                   0.000     2.676    vga_g[3]
    D17                                                               r  vga_g[3] (OUT)
  -------------------------------------------------------------------    -------------------

Slack:                    inf
  Source:                 r_out_reg[1]/C
                            (rising edge-triggered cell FDRE clocked by clk_out1_clk_wiz_0  {rise@0.000ns fall@20.000ns period=40.000ns})
  Destination:            vga_r[1]
                            (output port)
  Path Group:             (none)
  Path Type:              Min at Fast Process Corner
  Data Path Delay:        2.197ns  (logic 1.361ns (61.973%)  route 0.835ns (38.027%))
  Logic Levels:           1  (OBUF=1)
  Clock Uncertainty:      0.235ns  ((TSJ^2 + DJ^2)^1/2) / 2 + PE
    Total System Jitter     (TSJ):    0.050ns
    Discrete Jitter          (DJ):    0.200ns
    Phase Error              (PE):    0.132ns

    Location             Delay type                Incr(ns)  Path(ns)    Netlist Resource(s)
  -------------------------------------------------------------------    -------------------
                         (clock clk_out1_clk_wiz_0 rise edge)
                                                      0.000     0.000 r  
    BUFGCTRL_X0Y1        BUFG                         0.000     0.000 r  clk_100mhz_IBUF_BUFG_inst/O
                         net (fo=101, routed)         0.549     0.549    u_clk_wiz/inst/clk_in1
    MMCME2_ADV_X1Y0      MMCME2_ADV (Prop_mmcme2_adv_CLKIN1_CLKOUT0)
                                                     -1.061    -0.512 r  u_clk_wiz/inst/mmcm_adv_inst/CLKOUT0
                         net (fo=1, routed)           0.486    -0.026    u_clk_wiz/inst/clk_out1_clk_wiz_0
    BUFGCTRL_X0Y2        BUFG (Prop_bufg_I_O)         0.026     0.000 r  u_clk_wiz/inst/clkout1_buf/O
                         net (fo=83, routed)          0.561     0.561    pixel_clk
    SLICE_X40Y56         FDRE                                         r  r_out_reg[1]/C
  -------------------------------------------------------------------    -------------------
    SLICE_X40Y56         FDRE (Prop_fdre_C_Q)         0.141     0.702 r  r_out_reg[1]/Q
                         net (fo=1, routed)           0.835     1.537    vga_r_OBUF[1]
    H19                  OBUF (Prop_obuf_I_O)         1.220     2.757 r  vga_r_OBUF[1]_inst/O
                         net (fo=0)                   0.000     2.757    vga_r[1]
    H19                                                               r  vga_r[1] (OUT)
  -------------------------------------------------------------------    -------------------

Slack:                    inf
  Source:                 g_out_reg[2]/C
                            (rising edge-triggered cell FDRE clocked by clk_out1_clk_wiz_0  {rise@0.000ns fall@20.000ns period=40.000ns})
  Destination:            vga_g[2]
                            (output port)
  Path Group:             (none)
  Path Type:              Min at Fast Process Corner
  Data Path Delay:        2.221ns  (logic 1.371ns (61.742%)  route 0.850ns (38.258%))
  Logic Levels:           1  (OBUF=1)
  Clock Uncertainty:      0.235ns  ((TSJ^2 + DJ^2)^1/2) / 2 + PE
    Total System Jitter     (TSJ):    0.050ns
    Discrete Jitter          (DJ):    0.200ns
    Phase Error              (PE):    0.132ns

    Location             Delay type                Incr(ns)  Path(ns)    Netlist Resource(s)
  -------------------------------------------------------------------    -------------------
                         (clock clk_out1_clk_wiz_0 rise edge)
                                                      0.000     0.000 r  
    BUFGCTRL_X0Y1        BUFG                         0.000     0.000 r  clk_100mhz_IBUF_BUFG_inst/O
                         net (fo=101, routed)         0.549     0.549    u_clk_wiz/inst/clk_in1
    MMCME2_ADV_X1Y0      MMCME2_ADV (Prop_mmcme2_adv_CLKIN1_CLKOUT0)
                                                     -1.061    -0.512 r  u_clk_wiz/inst/mmcm_adv_inst/CLKOUT0
                         net (fo=1, routed)           0.486    -0.026    u_clk_wiz/inst/clk_out1_clk_wiz_0
    BUFGCTRL_X0Y2        BUFG (Prop_bufg_I_O)         0.026     0.000 r  u_clk_wiz/inst/clkout1_buf/O
                         net (fo=83, routed)          0.561     0.561    pixel_clk
    SLICE_X40Y56         FDRE                                         r  g_out_reg[2]/C
  -------------------------------------------------------------------    -------------------
    SLICE_X40Y56         FDRE (Prop_fdre_C_Q)         0.141     0.702 r  g_out_reg[2]/Q
                         net (fo=1, routed)           0.850     1.551    vga_g_OBUF[2]
    G17                  OBUF (Prop_obuf_I_O)         1.230     2.781 r  vga_g_OBUF[2]_inst/O
                         net (fo=0)                   0.000     2.781    vga_g[2]
    G17                                                               r  vga_g[2] (OUT)
  -------------------------------------------------------------------    -------------------

Slack:                    inf
  Source:                 b_out_reg[2]/C
                            (rising edge-triggered cell FDRE clocked by clk_out1_clk_wiz_0  {rise@0.000ns fall@20.000ns period=40.000ns})
  Destination:            vga_b[2]
                            (output port)
  Path Group:             (none)
  Path Type:              Min at Fast Process Corner
  Data Path Delay:        2.345ns  (logic 1.361ns (58.034%)  route 0.984ns (41.966%))
  Logic Levels:           1  (OBUF=1)
  Clock Uncertainty:      0.235ns  ((TSJ^2 + DJ^2)^1/2) / 2 + PE
    Total System Jitter     (TSJ):    0.050ns
    Discrete Jitter          (DJ):    0.200ns
    Phase Error              (PE):    0.132ns

    Location             Delay type                Incr(ns)  Path(ns)    Netlist Resource(s)
  -------------------------------------------------------------------    -------------------
                         (clock clk_out1_clk_wiz_0 rise edge)
                                                      0.000     0.000 r  
    BUFGCTRL_X0Y1        BUFG                         0.000     0.000 r  clk_100mhz_IBUF_BUFG_inst/O
                         net (fo=101, routed)         0.549     0.549    u_clk_wiz/inst/clk_in1
    MMCME2_ADV_X1Y0      MMCME2_ADV (Prop_mmcme2_adv_CLKIN1_CLKOUT0)
                                                     -1.061    -0.512 r  u_clk_wiz/inst/mmcm_adv_inst/CLKOUT0
                         net (fo=1, routed)           0.486    -0.026    u_clk_wiz/inst/clk_out1_clk_wiz_0
    BUFGCTRL_X0Y2        BUFG (Prop_bufg_I_O)         0.026     0.000 r  u_clk_wiz/inst/clkout1_buf/O
                         net (fo=83, routed)          0.561     0.561    pixel_clk
    SLICE_X40Y56         FDRE                                         r  b_out_reg[2]/C
  -------------------------------------------------------------------    -------------------
    SLICE_X40Y56         FDRE (Prop_fdre_C_Q)         0.141     0.702 r  b_out_reg[2]/Q
                         net (fo=1, routed)           0.984     1.686    vga_b_OBUF[2]
    K18                  OBUF (Prop_obuf_I_O)         1.220     2.906 r  vga_b_OBUF[2]_inst/O
                         net (fo=0)                   0.000     2.906    vga_b[2]
    K18                                                               r  vga_b[2] (OUT)
  -------------------------------------------------------------------    -------------------

Slack:                    inf
  Source:                 r_out_reg[0]/C
                            (rising edge-triggered cell FDRE clocked by clk_out1_clk_wiz_0  {rise@0.000ns fall@20.000ns period=40.000ns})
  Destination:            vga_r[0]
                            (output port)
  Path Group:             (none)
  Path Type:              Min at Fast Process Corner
  Data Path Delay:        2.349ns  (logic 1.406ns (59.840%)  route 0.943ns (40.159%))
  Logic Levels:           1  (OBUF=1)
  Clock Uncertainty:      0.235ns  ((TSJ^2 + DJ^2)^1/2) / 2 + PE
    Total System Jitter     (TSJ):    0.050ns
    Discrete Jitter          (DJ):    0.200ns
    Phase Error              (PE):    0.132ns

    Location             Delay type                Incr(ns)  Path(ns)    Netlist Resource(s)
  -------------------------------------------------------------------    -------------------
                         (clock clk_out1_clk_wiz_0 rise edge)
                                                      0.000     0.000 r  
    BUFGCTRL_X0Y1        BUFG                         0.000     0.000 r  clk_100mhz_IBUF_BUFG_inst/O
                         net (fo=101, routed)         0.549     0.549    u_clk_wiz/inst/clk_in1
    MMCME2_ADV_X1Y0      MMCME2_ADV (Prop_mmcme2_adv_CLKIN1_CLKOUT0)
                                                     -1.061    -0.512 r  u_clk_wiz/inst/mmcm_adv_inst/CLKOUT0
                         net (fo=1, routed)           0.486    -0.026    u_clk_wiz/inst/clk_out1_clk_wiz_0
    BUFGCTRL_X0Y2        BUFG (Prop_bufg_I_O)         0.026     0.000 r  u_clk_wiz/inst/clkout1_buf/O
                         net (fo=83, routed)          0.561     0.561    pixel_clk
    SLICE_X40Y56         FDRE                                         r  r_out_reg[0]/C
  -------------------------------------------------------------------    -------------------
    SLICE_X40Y56         FDRE (Prop_fdre_C_Q)         0.128     0.689 r  r_out_reg[0]/Q
                         net (fo=1, routed)           0.943     1.632    vga_r_OBUF[0]
    G19                  OBUF (Prop_obuf_I_O)         1.278     2.910 r  vga_r_OBUF[0]_inst/O
                         net (fo=0)                   0.000     2.910    vga_r[0]
    G19                                                               r  vga_r[0] (OUT)
  -------------------------------------------------------------------    -------------------

Slack:                    inf
  Source:                 g_out_reg[1]/C
                            (rising edge-triggered cell FDRE clocked by clk_out1_clk_wiz_0  {rise@0.000ns fall@20.000ns period=40.000ns})
  Destination:            vga_g[1]
                            (output port)
  Path Group:             (none)
  Path Type:              Min at Fast Process Corner
  Data Path Delay:        2.362ns  (logic 1.388ns (58.735%)  route 0.975ns (41.265%))
  Logic Levels:           1  (OBUF=1)
  Clock Uncertainty:      0.235ns  ((TSJ^2 + DJ^2)^1/2) / 2 + PE
    Total System Jitter     (TSJ):    0.050ns
    Discrete Jitter          (DJ):    0.200ns
    Phase Error              (PE):    0.132ns

    Location             Delay type                Incr(ns)  Path(ns)    Netlist Resource(s)
  -------------------------------------------------------------------    -------------------
                         (clock clk_out1_clk_wiz_0 rise edge)
                                                      0.000     0.000 r  
    BUFGCTRL_X0Y1        BUFG                         0.000     0.000 r  clk_100mhz_IBUF_BUFG_inst/O
                         net (fo=101, routed)         0.549     0.549    u_clk_wiz/inst/clk_in1
    MMCME2_ADV_X1Y0      MMCME2_ADV (Prop_mmcme2_adv_CLKIN1_CLKOUT0)
                                                     -1.061    -0.512 r  u_clk_wiz/inst/mmcm_adv_inst/CLKOUT0
                         net (fo=1, routed)           0.486    -0.026    u_clk_wiz/inst/clk_out1_clk_wiz_0
    BUFGCTRL_X0Y2        BUFG (Prop_bufg_I_O)         0.026     0.000 r  u_clk_wiz/inst/clkout1_buf/O
                         net (fo=83, routed)          0.560     0.560    pixel_clk
    SLICE_X39Y57         FDRE                                         r  g_out_reg[1]/C
  -------------------------------------------------------------------    -------------------
    SLICE_X39Y57         FDRE (Prop_fdre_C_Q)         0.128     0.688 r  g_out_reg[1]/Q
                         net (fo=1, routed)           0.975     1.663    vga_g_OBUF[1]
    H17                  OBUF (Prop_obuf_I_O)         1.260     2.922 r  vga_g_OBUF[1]_inst/O
                         net (fo=0)                   0.000     2.922    vga_g[1]
    H17                                                               r  vga_g[1] (OUT)
  -------------------------------------------------------------------    -------------------

Slack:                    inf
  Source:                 b_out_reg[0]/C
                            (rising edge-triggered cell FDRE clocked by clk_out1_clk_wiz_0  {rise@0.000ns fall@20.000ns period=40.000ns})
  Destination:            vga_b[0]
                            (output port)
  Path Group:             (none)
  Path Type:              Min at Fast Process Corner
  Data Path Delay:        2.448ns  (logic 1.338ns (54.647%)  route 1.110ns (45.353%))
  Logic Levels:           1  (OBUF=1)
  Clock Uncertainty:      0.235ns  ((TSJ^2 + DJ^2)^1/2) / 2 + PE
    Total System Jitter     (TSJ):    0.050ns
    Discrete Jitter          (DJ):    0.200ns
    Phase Error              (PE):    0.132ns

    Location             Delay type                Incr(ns)  Path(ns)    Netlist Resource(s)
  -------------------------------------------------------------------    -------------------
                         (clock clk_out1_clk_wiz_0 rise edge)
                                                      0.000     0.000 r  
    BUFGCTRL_X0Y1        BUFG                         0.000     0.000 r  clk_100mhz_IBUF_BUFG_inst/O
                         net (fo=101, routed)         0.549     0.549    u_clk_wiz/inst/clk_in1
    MMCME2_ADV_X1Y0      MMCME2_ADV (Prop_mmcme2_adv_CLKIN1_CLKOUT0)
                                                     -1.061    -0.512 r  u_clk_wiz/inst/mmcm_adv_inst/CLKOUT0
                         net (fo=1, routed)           0.486    -0.026    u_clk_wiz/inst/clk_out1_clk_wiz_0
    BUFGCTRL_X0Y2        BUFG (Prop_bufg_I_O)         0.026     0.000 r  u_clk_wiz/inst/clkout1_buf/O
                         net (fo=83, routed)          0.560     0.560    pixel_clk
    SLICE_X39Y57         FDRE                                         r  b_out_reg[0]/C
  -------------------------------------------------------------------    -------------------
    SLICE_X39Y57         FDRE (Prop_fdre_C_Q)         0.141     0.701 r  b_out_reg[0]/Q
                         net (fo=1, routed)           1.110     1.811    vga_b_OBUF[0]
    N18                  OBUF (Prop_obuf_I_O)         1.197     3.007 r  vga_b_OBUF[0]_inst/O
                         net (fo=0)                   0.000     3.007    vga_b[0]
    N18                                                               r  vga_b[0] (OUT)
  -------------------------------------------------------------------    -------------------

Slack:                    inf
  Source:                 b_out_reg[1]/C
                            (rising edge-triggered cell FDRE clocked by clk_out1_clk_wiz_0  {rise@0.000ns fall@20.000ns period=40.000ns})
  Destination:            vga_b[1]
                            (output port)
  Path Group:             (none)
  Path Type:              Min at Fast Process Corner
  Data Path Delay:        2.450ns  (logic 1.346ns (54.921%)  route 1.104ns (45.079%))
  Logic Levels:           1  (OBUF=1)
  Clock Uncertainty:      0.235ns  ((TSJ^2 + DJ^2)^1/2) / 2 + PE
    Total System Jitter     (TSJ):    0.050ns
    Discrete Jitter          (DJ):    0.200ns
    Phase Error              (PE):    0.132ns

    Location             Delay type                Incr(ns)  Path(ns)    Netlist Resource(s)
  -------------------------------------------------------------------    -------------------
                         (clock clk_out1_clk_wiz_0 rise edge)
                                                      0.000     0.000 r  
    BUFGCTRL_X0Y1        BUFG                         0.000     0.000 r  clk_100mhz_IBUF_BUFG_inst/O
                         net (fo=101, routed)         0.549     0.549    u_clk_wiz/inst/clk_in1
    MMCME2_ADV_X1Y0      MMCME2_ADV (Prop_mmcme2_adv_CLKIN1_CLKOUT0)
                                                     -1.061    -0.512 r  u_clk_wiz/inst/mmcm_adv_inst/CLKOUT0
                         net (fo=1, routed)           0.486    -0.026    u_clk_wiz/inst/clk_out1_clk_wiz_0
    BUFGCTRL_X0Y2        BUFG (Prop_bufg_I_O)         0.026     0.000 r  u_clk_wiz/inst/clkout1_buf/O
                         net (fo=83, routed)          0.560     0.560    pixel_clk
    SLICE_X39Y57         FDRE                                         r  b_out_reg[1]/C
  -------------------------------------------------------------------    -------------------
    SLICE_X39Y57         FDRE (Prop_fdre_C_Q)         0.141     0.701 r  b_out_reg[1]/Q
                         net (fo=1, routed)           1.104     1.805    vga_b_OBUF[1]
    L18                  OBUF (Prop_obuf_I_O)         1.205     3.010 r  vga_b_OBUF[1]_inst/O
                         net (fo=0)                   0.000     3.010    vga_b[1]
    L18                                                               r  vga_b[1] (OUT)
  -------------------------------------------------------------------    -------------------

Slack:                    inf
  Source:                 b_out_reg[3]/C
                            (rising edge-triggered cell FDRE clocked by clk_out1_clk_wiz_0  {rise@0.000ns fall@20.000ns period=40.000ns})
  Destination:            vga_b[3]
                            (output port)
  Path Group:             (none)
  Path Type:              Min at Fast Process Corner
  Data Path Delay:        2.474ns  (logic 1.367ns (55.242%)  route 1.107ns (44.758%))
  Logic Levels:           1  (OBUF=1)
  Clock Uncertainty:      0.235ns  ((TSJ^2 + DJ^2)^1/2) / 2 + PE
    Total System Jitter     (TSJ):    0.050ns
    Discrete Jitter          (DJ):    0.200ns
    Phase Error              (PE):    0.132ns

    Location             Delay type                Incr(ns)  Path(ns)    Netlist Resource(s)
  -------------------------------------------------------------------    -------------------
                         (clock clk_out1_clk_wiz_0 rise edge)
                                                      0.000     0.000 r  
    BUFGCTRL_X0Y1        BUFG                         0.000     0.000 r  clk_100mhz_IBUF_BUFG_inst/O
                         net (fo=101, routed)         0.549     0.549    u_clk_wiz/inst/clk_in1
    MMCME2_ADV_X1Y0      MMCME2_ADV (Prop_mmcme2_adv_CLKIN1_CLKOUT0)
                                                     -1.061    -0.512 r  u_clk_wiz/inst/mmcm_adv_inst/CLKOUT0
                         net (fo=1, routed)           0.486    -0.026    u_clk_wiz/inst/clk_out1_clk_wiz_0
    BUFGCTRL_X0Y2        BUFG (Prop_bufg_I_O)         0.026     0.000 r  u_clk_wiz/inst/clkout1_buf/O
                         net (fo=83, routed)          0.560     0.560    pixel_clk
    SLICE_X39Y57         FDRE                                         r  b_out_reg[3]/C
  -------------------------------------------------------------------    -------------------
    SLICE_X39Y57         FDRE (Prop_fdre_C_Q)         0.141     0.701 r  b_out_reg[3]/Q
                         net (fo=1, routed)           1.107     1.808    vga_b_OBUF[3]
    J18                  OBUF (Prop_obuf_I_O)         1.226     3.034 r  vga_b_OBUF[3]_inst/O
                         net (fo=0)                   0.000     3.034    vga_b[3]
    J18                                                               r  vga_b[3] (OUT)
  -------------------------------------------------------------------    -------------------

Slack:                    inf
  Source:                 r_out_reg[2]/C
                            (rising edge-triggered cell FDRE clocked by clk_out1_clk_wiz_0  {rise@0.000ns fall@20.000ns period=40.000ns})
  Destination:            vga_r[2]
                            (output port)
  Path Group:             (none)
  Path Type:              Min at Fast Process Corner
  Data Path Delay:        2.482ns  (logic 1.406ns (56.640%)  route 1.076ns (43.360%))
  Logic Levels:           1  (OBUF=1)
  Clock Uncertainty:      0.235ns  ((TSJ^2 + DJ^2)^1/2) / 2 + PE
    Total System Jitter     (TSJ):    0.050ns
    Discrete Jitter          (DJ):    0.200ns
    Phase Error              (PE):    0.132ns

    Location             Delay type                Incr(ns)  Path(ns)    Netlist Resource(s)
  -------------------------------------------------------------------    -------------------
                         (clock clk_out1_clk_wiz_0 rise edge)
                                                      0.000     0.000 r  
    BUFGCTRL_X0Y1        BUFG                         0.000     0.000 r  clk_100mhz_IBUF_BUFG_inst/O
                         net (fo=101, routed)         0.549     0.549    u_clk_wiz/inst/clk_in1
    MMCME2_ADV_X1Y0      MMCME2_ADV (Prop_mmcme2_adv_CLKIN1_CLKOUT0)
                                                     -1.061    -0.512 r  u_clk_wiz/inst/mmcm_adv_inst/CLKOUT0
                         net (fo=1, routed)           0.486    -0.026    u_clk_wiz/inst/clk_out1_clk_wiz_0
    BUFGCTRL_X0Y2        BUFG (Prop_bufg_I_O)         0.026     0.000 r  u_clk_wiz/inst/clkout1_buf/O
                         net (fo=83, routed)          0.561     0.561    pixel_clk
    SLICE_X40Y56         FDRE                                         r  r_out_reg[2]/C
  -------------------------------------------------------------------    -------------------
    SLICE_X40Y56         FDRE (Prop_fdre_C_Q)         0.128     0.689 r  r_out_reg[2]/Q
                         net (fo=1, routed)           1.076     1.765    vga_r_OBUF[2]
    J19                  OBUF (Prop_obuf_I_O)         1.278     3.043 r  vga_r_OBUF[2]_inst/O
                         net (fo=0)                   0.000     3.043    vga_r[2]
    J19                                                               r  vga_r[2] (OUT)
  -------------------------------------------------------------------    -------------------





--------------------------------------------------------------------------------------
Path Group:  (none)
From Clock:  clk_out2_clk_wiz_0
  To Clock:  

Max Delay             1 Endpoint
Min Delay             1 Endpoint
--------------------------------------------------------------------------------------


Max Delay Paths
--------------------------------------------------------------------------------------
Slack:                    inf
  Source:                 u_oddr_xclk/C
                            (falling edge-triggered cell ODDR clocked by clk_out2_clk_wiz_0  {rise@0.000ns fall@20.833ns period=41.667ns})
  Destination:            cam_xclk
                            (output port)
  Path Group:             (none)
  Path Type:              Max at Slow Process Corner
  Data Path Delay:        3.978ns  (logic 3.977ns (99.975%)  route 0.001ns (0.025%))
  Logic Levels:           1  (OBUF=1)
  Clock Uncertainty:      0.236ns  ((TSJ^2 + DJ^2)^1/2) / 2 + PE
    Total System Jitter     (TSJ):    0.050ns
    Discrete Jitter          (DJ):    0.202ns
    Phase Error              (PE):    0.132ns

    Location             Delay type                Incr(ns)  Path(ns)    Netlist Resource(s)
  -------------------------------------------------------------------    -------------------
                         (clock clk_out2_clk_wiz_0 fall edge)
                                                     20.833    20.833 f  
    BUFGCTRL_X0Y1        BUFG                         0.000    20.833 f  clk_100mhz_IBUF_BUFG_inst/O
                         net (fo=101, routed)         1.575    22.409    u_clk_wiz/inst/clk_in1
    MMCME2_ADV_X1Y0      MMCME2_ADV (Prop_mmcme2_adv_CLKIN1_CLKOUT1)
                                                     -3.333    19.076 f  u_clk_wiz/inst/mmcm_adv_inst/CLKOUT1
                         net (fo=1, routed)           1.661    20.737    u_clk_wiz/inst/clk_out2_clk_wiz_0
    BUFGCTRL_X0Y0        BUFG (Prop_bufg_I_O)         0.096    20.833 f  u_clk_wiz/inst/clkout2_buf/O
                         net (fo=1, routed)           1.837    22.670    cam_xclk_int
    OLOGIC_X0Y128        ODDR                                         f  u_oddr_xclk/C
  -------------------------------------------------------------------    -------------------
    OLOGIC_X0Y128        ODDR (Prop_oddr_C_Q)         0.472    23.142 r  u_oddr_xclk/Q
                         net (fo=1, routed)           0.001    23.143    cam_xclk_OBUF
    C15                  OBUF (Prop_obuf_I_O)         3.505    26.648 r  cam_xclk_OBUF_inst/O
                         net (fo=0)                   0.000    26.648    cam_xclk
    C15                                                               r  cam_xclk (OUT)
  -------------------------------------------------------------------    -------------------





Min Delay Paths
--------------------------------------------------------------------------------------
Slack:                    inf
  Source:                 u_oddr_xclk/C
                            (rising edge-triggered cell ODDR clocked by clk_out2_clk_wiz_0  {rise@0.000ns fall@20.833ns period=41.667ns})
  Destination:            cam_xclk
                            (output port)
  Path Group:             (none)
  Path Type:              Min at Fast Process Corner
  Data Path Delay:        1.384ns  (logic 1.383ns (99.928%)  route 0.001ns (0.072%))
  Logic Levels:           1  (OBUF=1)
  Clock Uncertainty:      0.236ns  ((TSJ^2 + DJ^2)^1/2) / 2 + PE
    Total System Jitter     (TSJ):    0.050ns
    Discrete Jitter          (DJ):    0.202ns
    Phase Error              (PE):    0.132ns

    Location             Delay type                Incr(ns)  Path(ns)    Netlist Resource(s)
  -------------------------------------------------------------------    -------------------
                         (clock clk_out2_clk_wiz_0 rise edge)
                                                      0.000     0.000 r  
    BUFGCTRL_X0Y1        BUFG                         0.000     0.000 r  clk_100mhz_IBUF_BUFG_inst/O
                         net (fo=101, routed)         0.549     0.549    u_clk_wiz/inst/clk_in1
    MMCME2_ADV_X1Y0      MMCME2_ADV (Prop_mmcme2_adv_CLKIN1_CLKOUT1)
                                                     -1.061    -0.512 r  u_clk_wiz/inst/mmcm_adv_inst/CLKOUT1
                         net (fo=1, routed)           0.486    -0.026    u_clk_wiz/inst/clk_out2_clk_wiz_0
    BUFGCTRL_X0Y0        BUFG (Prop_bufg_I_O)         0.026     0.000 r  u_clk_wiz/inst/clkout2_buf/O
                         net (fo=1, routed)           0.661     0.661    cam_xclk_int
    OLOGIC_X0Y128        ODDR                                         r  u_oddr_xclk/C
  -------------------------------------------------------------------    -------------------
    OLOGIC_X0Y128        ODDR (Prop_oddr_C_Q)         0.177     0.838 r  u_oddr_xclk/Q
                         net (fo=1, routed)           0.001     0.839    cam_xclk_OBUF
    C15                  OBUF (Prop_obuf_I_O)         1.206     2.045 r  cam_xclk_OBUF_inst/O
                         net (fo=0)                   0.000     2.045    cam_xclk
    C15                                                               r  cam_xclk (OUT)
  -------------------------------------------------------------------    -------------------





--------------------------------------------------------------------------------------
Path Group:  (none)
From Clock:  sys_clk_100mhz
  To Clock:  

Max Delay             2 Endpoints
Min Delay             2 Endpoints
--------------------------------------------------------------------------------------


Max Delay Paths
--------------------------------------------------------------------------------------
Slack:                    inf
  Source:                 u_sccb/scl_reg/C
                            (rising edge-triggered cell FDSE clocked by sys_clk_100mhz  {rise@0.000ns fall@5.000ns period=10.000ns})
  Destination:            cam_scl
                            (output port)
  Path Group:             (none)
  Path Type:              Max at Slow Process Corner
  Data Path Delay:        5.960ns  (logic 4.038ns (67.746%)  route 1.922ns (32.254%))
  Logic Levels:           1  (OBUF=1)
  Clock Uncertainty:      0.025ns  ((TSJ^2 + TIJ^2)^1/2 + DJ) / 2 + PE
    Total System Jitter     (TSJ):    0.050ns
    Total Input Jitter      (TIJ):    0.000ns
    Discrete Jitter          (DJ):    0.000ns
    Phase Error              (PE):    0.000ns

    Location             Delay type                Incr(ns)  Path(ns)    Netlist Resource(s)
  -------------------------------------------------------------------    -------------------
                         (clock sys_clk_100mhz rise edge)
                                                      0.000     0.000 r  
    W5                                                0.000     0.000 r  clk_100mhz (IN)
                         net (fo=0)                   0.000     0.000    clk_100mhz
    W5                   IBUF (Prop_ibuf_I_O)         1.458     1.458 r  clk_100mhz_IBUF_inst/O
                         net (fo=1, routed)           1.967     3.425    clk_100mhz_IBUF
    BUFGCTRL_X0Y1        BUFG (Prop_bufg_I_O)         0.096     3.521 r  clk_100mhz_IBUF_BUFG_inst/O
                         net (fo=101, routed)         1.737     5.258    u_sccb/clk_100mhz
    SLICE_X8Y138         FDSE                                         r  u_sccb/scl_reg/C
  -------------------------------------------------------------------    -------------------
    SLICE_X8Y138         FDSE (Prop_fdse_C_Q)         0.518     5.776 r  u_sccb/scl_reg/Q
                         net (fo=1, routed)           1.922     7.699    cam_scl_OBUF
    A14                  OBUF (Prop_obuf_I_O)         3.520    11.219 r  cam_scl_OBUF_inst/O
                         net (fo=0)                   0.000    11.219    cam_scl
    A14                                                               r  cam_scl (OUT)
  -------------------------------------------------------------------    -------------------

Slack:                    inf
  Source:                 u_sccb/sda_reg/C
                            (rising edge-triggered cell FDSE clocked by sys_clk_100mhz  {rise@0.000ns fall@5.000ns period=10.000ns})
  Destination:            cam_sda
                            (output port)
  Path Group:             (none)
  Path Type:              Max at Slow Process Corner
  Data Path Delay:        5.848ns  (logic 3.974ns (67.959%)  route 1.874ns (32.041%))
  Logic Levels:           1  (OBUFT=1)
  Clock Uncertainty:      0.025ns  ((TSJ^2 + TIJ^2)^1/2 + DJ) / 2 + PE
    Total System Jitter     (TSJ):    0.050ns
    Total Input Jitter      (TIJ):    0.000ns
    Discrete Jitter          (DJ):    0.000ns
    Phase Error              (PE):    0.000ns

    Location             Delay type                Incr(ns)  Path(ns)    Netlist Resource(s)
  -------------------------------------------------------------------    -------------------
                         (clock sys_clk_100mhz rise edge)
                                                      0.000     0.000 r  
    W5                                                0.000     0.000 r  clk_100mhz (IN)
                         net (fo=0)                   0.000     0.000    clk_100mhz
    W5                   IBUF (Prop_ibuf_I_O)         1.458     1.458 r  clk_100mhz_IBUF_inst/O
                         net (fo=1, routed)           1.967     3.425    clk_100mhz_IBUF
    BUFGCTRL_X0Y1        BUFG (Prop_bufg_I_O)         0.096     3.521 r  clk_100mhz_IBUF_BUFG_inst/O
                         net (fo=101, routed)         1.737     5.258    u_sccb/clk_100mhz
    SLICE_X9Y138         FDSE                                         r  u_sccb/sda_reg/C
  -------------------------------------------------------------------    -------------------
    SLICE_X9Y138         FDSE (Prop_fdse_C_Q)         0.456     5.714 f  u_sccb/sda_reg/Q
                         net (fo=2, routed)           1.874     7.588    cam_sda_TRI
    A15                  OBUFT (TriStatE_obuft_T_O)
                                                      3.518    11.106 r  cam_sda_OBUFT_inst/O
                         net (fo=0)                   0.000    11.106    cam_sda
    A15                                                               r  cam_sda (INOUT)
  -------------------------------------------------------------------    -------------------





Min Delay Paths
--------------------------------------------------------------------------------------
Slack:                    inf
  Source:                 u_sccb/sda_reg/C
                            (rising edge-triggered cell FDSE clocked by sys_clk_100mhz  {rise@0.000ns fall@5.000ns period=10.000ns})
  Destination:            cam_sda
                            (output port)
  Path Group:             (none)
  Path Type:              Min at Fast Process Corner
  Data Path Delay:        1.697ns  (logic 0.965ns (56.872%)  route 0.732ns (43.128%))
  Logic Levels:           1  (OBUFT=1)
  Clock Uncertainty:      0.025ns  ((TSJ^2 + TIJ^2)^1/2 + DJ) / 2 + PE
    Total System Jitter     (TSJ):    0.050ns
    Total Input Jitter      (TIJ):    0.000ns
    Discrete Jitter          (DJ):    0.000ns
    Phase Error              (PE):    0.000ns

    Location             Delay type                Incr(ns)  Path(ns)    Netlist Resource(s)
  -------------------------------------------------------------------    -------------------
                         (clock sys_clk_100mhz rise edge)
                                                      0.000     0.000 r  
    W5                                                0.000     0.000 r  clk_100mhz (IN)
                         net (fo=0)                   0.000     0.000    clk_100mhz
    W5                   IBUF (Prop_ibuf_I_O)         0.226     0.226 r  clk_100mhz_IBUF_inst/O
                         net (fo=1, routed)           0.631     0.858    clk_100mhz_IBUF
    BUFGCTRL_X0Y1        BUFG (Prop_bufg_I_O)         0.026     0.884 r  clk_100mhz_IBUF_BUFG_inst/O
                         net (fo=101, routed)         0.644     1.528    u_sccb/clk_100mhz
    SLICE_X9Y138         FDSE                                         r  u_sccb/sda_reg/C
  -------------------------------------------------------------------    -------------------
    SLICE_X9Y138         FDSE (Prop_fdse_C_Q)         0.141     1.669 r  u_sccb/sda_reg/Q
                         net (fo=2, routed)           0.732     2.400    cam_sda_TRI
    A15                  OBUFT (TriStatD_obuft_T_O)
                                                      0.824     3.224 r  cam_sda_OBUFT_inst/O
                         net (fo=0)                   0.000     3.224    cam_sda
    A15                                                               r  cam_sda (INOUT)
  -------------------------------------------------------------------    -------------------

Slack:                    inf
  Source:                 u_sccb/scl_reg/C
                            (rising edge-triggered cell FDSE clocked by sys_clk_100mhz  {rise@0.000ns fall@5.000ns period=10.000ns})
  Destination:            cam_scl
                            (output port)
  Path Group:             (none)
  Path Type:              Min at Fast Process Corner
  Data Path Delay:        1.863ns  (logic 1.385ns (74.324%)  route 0.478ns (25.676%))
  Logic Levels:           1  (OBUF=1)
  Clock Uncertainty:      0.025ns  ((TSJ^2 + TIJ^2)^1/2 + DJ) / 2 + PE
    Total System Jitter     (TSJ):    0.050ns
    Total Input Jitter      (TIJ):    0.000ns
    Discrete Jitter          (DJ):    0.000ns
    Phase Error              (PE):    0.000ns

    Location             Delay type                Incr(ns)  Path(ns)    Netlist Resource(s)
  -------------------------------------------------------------------    -------------------
                         (clock sys_clk_100mhz rise edge)
                                                      0.000     0.000 r  
    W5                                                0.000     0.000 r  clk_100mhz (IN)
                         net (fo=0)                   0.000     0.000    clk_100mhz
    W5                   IBUF (Prop_ibuf_I_O)         0.226     0.226 r  clk_100mhz_IBUF_inst/O
                         net (fo=1, routed)           0.631     0.858    clk_100mhz_IBUF
    BUFGCTRL_X0Y1        BUFG (Prop_bufg_I_O)         0.026     0.884 r  clk_100mhz_IBUF_BUFG_inst/O
                         net (fo=101, routed)         0.644     1.528    u_sccb/clk_100mhz
    SLICE_X8Y138         FDSE                                         r  u_sccb/scl_reg/C
  -------------------------------------------------------------------    -------------------
    SLICE_X8Y138         FDSE (Prop_fdse_C_Q)         0.164     1.692 r  u_sccb/scl_reg/Q
                         net (fo=1, routed)           0.478     2.170    cam_scl_OBUF
    A14                  OBUF (Prop_obuf_I_O)         1.221     3.391 r  cam_scl_OBUF_inst/O
                         net (fo=0)                   0.000     3.391    cam_scl
    A14                                                               r  cam_scl (OUT)
  -------------------------------------------------------------------    -------------------





--------------------------------------------------------------------------------------
Path Group:  (none)
From Clock:  
  To Clock:  cam_pclk

Max Delay            97 Endpoints
Min Delay            97 Endpoints
--------------------------------------------------------------------------------------


Max Delay Paths
--------------------------------------------------------------------------------------
Slack:                    inf
  Source:                 cam_href
                            (input port)
  Destination:            u_capture/wr_data_reg[4]/CE
                            (falling edge-triggered cell FDRE clocked by cam_pclk  {rise@0.000ns fall@20.000ns period=40.000ns})
  Path Group:             (none)
  Path Type:              Setup (Max at Slow Process Corner)
  Data Path Delay:        9.090ns  (logic 1.729ns (19.023%)  route 7.361ns (80.977%))
  Logic Levels:           3  (IBUF=1 LUT3=1 LUT6=1)
  Clock Path Skew:        5.068ns (DCD - SCD + CPR)
    Destination Clock Delay (DCD):    5.068ns = ( 25.068 - 20.000 ) 
    Source Clock Delay      (SCD):    0.000ns
    Clock Pessimism Removal (CPR):    0.000ns
  Clock Uncertainty:      0.025ns  ((TSJ^2 + TIJ^2)^1/2 + DJ) / 2 + PE
    Total System Jitter     (TSJ):    0.050ns
    Total Input Jitter      (TIJ):    0.000ns
    Discrete Jitter          (DJ):    0.000ns
    Phase Error              (PE):    0.000ns

    Location             Delay type                Incr(ns)  Path(ns)    Netlist Resource(s)
  -------------------------------------------------------------------    -------------------
    A17                                               0.000     0.000 r  cam_href (IN)
                         net (fo=0)                   0.000     0.000    cam_href
    A17                  IBUF (Prop_ibuf_I_O)         1.453     1.453 r  cam_href_IBUF_inst/O
                         net (fo=5, routed)           3.708     5.161    u_capture/cam_href_IBUF
    SLICE_X33Y79         LUT6 (Prop_lut6_I1_O)        0.124     5.285 r  u_capture/wr_addr[16]_i_2/O
                         net (fo=18, routed)          0.984     6.268    u_capture/wr_addr[16]_i_2_n_0
    SLICE_X31Y80         LUT3 (Prop_lut3_I0_O)        0.152     6.420 r  u_capture/wr_data[11]_i_1/O
                         net (fo=13, routed)          2.669     9.090    u_capture/wr_data[11]_i_1_n_0
    SLICE_X8Y58          FDRE                                         r  u_capture/wr_data_reg[4]/CE
  -------------------------------------------------------------------    -------------------

                         (clock cam_pclk fall edge)
                                                     20.000    20.000 f  
    A16                                               0.000    20.000 f  cam_pclk (IN)
                         net (fo=0)                   0.000    20.000    cam_pclk
    A16                  IBUF (Prop_ibuf_I_O)         1.387    21.387 f  cam_pclk_IBUF_inst/O
                         net (fo=1, routed)           2.155    23.542    cam_pclk_IBUF
    BUFGCTRL_X0Y16       BUFG (Prop_bufg_I_O)         0.091    23.633 f  cam_pclk_IBUF_BUFG_inst/O
                         net (fo=88, routed)          1.436    25.068    u_capture/CLK
    SLICE_X8Y58          FDRE                                         r  u_capture/wr_data_reg[4]/C  (IS_INVERTED)

Slack:                    inf
  Source:                 cam_href
                            (input port)
  Destination:            u_capture/wr_data_reg[5]/CE
                            (falling edge-triggered cell FDRE clocked by cam_pclk  {rise@0.000ns fall@20.000ns period=40.000ns})
  Path Group:             (none)
  Path Type:              Setup (Max at Slow Process Corner)
  Data Path Delay:        9.090ns  (logic 1.729ns (19.023%)  route 7.361ns (80.977%))
  Logic Levels:           3  (IBUF=1 LUT3=1 LUT6=1)
  Clock Path Skew:        5.068ns (DCD - SCD + CPR)
    Destination Clock Delay (DCD):    5.068ns = ( 25.068 - 20.000 ) 
    Source Clock Delay      (SCD):    0.000ns
    Clock Pessimism Removal (CPR):    0.000ns
  Clock Uncertainty:      0.025ns  ((TSJ^2 + TIJ^2)^1/2 + DJ) / 2 + PE
    Total System Jitter     (TSJ):    0.050ns
    Total Input Jitter      (TIJ):    0.000ns
    Discrete Jitter          (DJ):    0.000ns
    Phase Error              (PE):    0.000ns

    Location             Delay type                Incr(ns)  Path(ns)    Netlist Resource(s)
  -------------------------------------------------------------------    -------------------
    A17                                               0.000     0.000 r  cam_href (IN)
                         net (fo=0)                   0.000     0.000    cam_href
    A17                  IBUF (Prop_ibuf_I_O)         1.453     1.453 r  cam_href_IBUF_inst/O
                         net (fo=5, routed)           3.708     5.161    u_capture/cam_href_IBUF
    SLICE_X33Y79         LUT6 (Prop_lut6_I1_O)        0.124     5.285 r  u_capture/wr_addr[16]_i_2/O
                         net (fo=18, routed)          0.984     6.268    u_capture/wr_addr[16]_i_2_n_0
    SLICE_X31Y80         LUT3 (Prop_lut3_I0_O)        0.152     6.420 r  u_capture/wr_data[11]_i_1/O
                         net (fo=13, routed)          2.669     9.090    u_capture/wr_data[11]_i_1_n_0
    SLICE_X8Y58          FDRE                                         r  u_capture/wr_data_reg[5]/CE
  -------------------------------------------------------------------    -------------------

                         (clock cam_pclk fall edge)
                                                     20.000    20.000 f  
    A16                                               0.000    20.000 f  cam_pclk (IN)
                         net (fo=0)                   0.000    20.000    cam_pclk
    A16                  IBUF (Prop_ibuf_I_O)         1.387    21.387 f  cam_pclk_IBUF_inst/O
                         net (fo=1, routed)           2.155    23.542    cam_pclk_IBUF
    BUFGCTRL_X0Y16       BUFG (Prop_bufg_I_O)         0.091    23.633 f  cam_pclk_IBUF_BUFG_inst/O
                         net (fo=88, routed)          1.436    25.068    u_capture/CLK
    SLICE_X8Y58          FDRE                                         r  u_capture/wr_data_reg[5]/C  (IS_INVERTED)

Slack:                    inf
  Source:                 cam_href
                            (input port)
  Destination:            u_capture/wr_data_reg[1]/CE
                            (falling edge-triggered cell FDRE clocked by cam_pclk  {rise@0.000ns fall@20.000ns period=40.000ns})
  Path Group:             (none)
  Path Type:              Setup (Max at Slow Process Corner)
  Data Path Delay:        8.165ns  (logic 1.729ns (21.178%)  route 6.436ns (78.822%))
  Logic Levels:           3  (IBUF=1 LUT3=1 LUT6=1)
  Clock Path Skew:        5.058ns (DCD - SCD + CPR)
    Destination Clock Delay (DCD):    5.058ns = ( 25.058 - 20.000 ) 
    Source Clock Delay      (SCD):    0.000ns
    Clock Pessimism Removal (CPR):    0.000ns
  Clock Uncertainty:      0.025ns  ((TSJ^2 + TIJ^2)^1/2 + DJ) / 2 + PE
    Total System Jitter     (TSJ):    0.050ns
    Total Input Jitter      (TIJ):    0.000ns
    Discrete Jitter          (DJ):    0.000ns
    Phase Error              (PE):    0.000ns

    Location             Delay type                Incr(ns)  Path(ns)    Netlist Resource(s)
  -------------------------------------------------------------------    -------------------
    A17                                               0.000     0.000 r  cam_href (IN)
                         net (fo=0)                   0.000     0.000    cam_href
    A17                  IBUF (Prop_ibuf_I_O)         1.453     1.453 r  cam_href_IBUF_inst/O
                         net (fo=5, routed)           3.708     5.161    u_capture/cam_href_IBUF
    SLICE_X33Y79         LUT6 (Prop_lut6_I1_O)        0.124     5.285 r  u_capture/wr_addr[16]_i_2/O
                         net (fo=18, routed)          0.984     6.268    u_capture/wr_addr[16]_i_2_n_0
    SLICE_X31Y80         LUT3 (Prop_lut3_I0_O)        0.152     6.420 r  u_capture/wr_data[11]_i_1/O
                         net (fo=13, routed)          1.744     8.165    u_capture/wr_data[11]_i_1_n_0
    SLICE_X28Y67         FDRE                                         r  u_capture/wr_data_reg[1]/CE
  -------------------------------------------------------------------    -------------------

                         (clock cam_pclk fall edge)
                                                     20.000    20.000 f  
    A16                                               0.000    20.000 f  cam_pclk (IN)
                         net (fo=0)                   0.000    20.000    cam_pclk
    A16                  IBUF (Prop_ibuf_I_O)         1.387    21.387 f  cam_pclk_IBUF_inst/O
                         net (fo=1, routed)           2.155    23.542    cam_pclk_IBUF
    BUFGCTRL_X0Y16       BUFG (Prop_bufg_I_O)         0.091    23.633 f  cam_pclk_IBUF_BUFG_inst/O
                         net (fo=88, routed)          1.426    25.058    u_capture/CLK
    SLICE_X28Y67         FDRE                                         r  u_capture/wr_data_reg[1]/C  (IS_INVERTED)

Slack:                    inf
  Source:                 cam_href
                            (input port)
  Destination:            u_capture/wr_data_reg[0]/CE
                            (falling edge-triggered cell FDRE clocked by cam_pclk  {rise@0.000ns fall@20.000ns period=40.000ns})
  Path Group:             (none)
  Path Type:              Setup (Max at Slow Process Corner)
  Data Path Delay:        8.011ns  (logic 1.729ns (21.586%)  route 6.281ns (78.414%))
  Logic Levels:           3  (IBUF=1 LUT3=1 LUT6=1)
  Clock Path Skew:        5.055ns (DCD - SCD + CPR)
    Destination Clock Delay (DCD):    5.055ns = ( 25.055 - 20.000 ) 
    Source Clock Delay      (SCD):    0.000ns
    Clock Pessimism Removal (CPR):    0.000ns
  Clock Uncertainty:      0.025ns  ((TSJ^2 + TIJ^2)^1/2 + DJ) / 2 + PE
    Total System Jitter     (TSJ):    0.050ns
    Total Input Jitter      (TIJ):    0.000ns
    Discrete Jitter          (DJ):    0.000ns
    Phase Error              (PE):    0.000ns

    Location             Delay type                Incr(ns)  Path(ns)    Netlist Resource(s)
  -------------------------------------------------------------------    -------------------
    A17                                               0.000     0.000 r  cam_href (IN)
                         net (fo=0)                   0.000     0.000    cam_href
    A17                  IBUF (Prop_ibuf_I_O)         1.453     1.453 r  cam_href_IBUF_inst/O
                         net (fo=5, routed)           3.708     5.161    u_capture/cam_href_IBUF
    SLICE_X33Y79         LUT6 (Prop_lut6_I1_O)        0.124     5.285 r  u_capture/wr_addr[16]_i_2/O
                         net (fo=18, routed)          0.984     6.268    u_capture/wr_addr[16]_i_2_n_0
    SLICE_X31Y80         LUT3 (Prop_lut3_I0_O)        0.152     6.420 r  u_capture/wr_data[11]_i_1/O
                         net (fo=13, routed)          1.590     8.011    u_capture/wr_data[11]_i_1_n_0
    SLICE_X28Y69         FDRE                                         r  u_capture/wr_data_reg[0]/CE
  -------------------------------------------------------------------    -------------------

                         (clock cam_pclk fall edge)
                                                     20.000    20.000 f  
    A16                                               0.000    20.000 f  cam_pclk (IN)
                         net (fo=0)                   0.000    20.000    cam_pclk
    A16                  IBUF (Prop_ibuf_I_O)         1.387    21.387 f  cam_pclk_IBUF_inst/O
                         net (fo=1, routed)           2.155    23.542    cam_pclk_IBUF
    BUFGCTRL_X0Y16       BUFG (Prop_bufg_I_O)         0.091    23.633 f  cam_pclk_IBUF_BUFG_inst/O
                         net (fo=88, routed)          1.423    25.055    u_capture/CLK
    SLICE_X28Y69         FDRE                                         r  u_capture/wr_data_reg[0]/C  (IS_INVERTED)

Slack:                    inf
  Source:                 cam_href
                            (input port)
  Destination:            u_capture/wr_data_reg[3]/CE
                            (falling edge-triggered cell FDRE clocked by cam_pclk  {rise@0.000ns fall@20.000ns period=40.000ns})
  Path Group:             (none)
  Path Type:              Setup (Max at Slow Process Corner)
  Data Path Delay:        8.011ns  (logic 1.729ns (21.586%)  route 6.281ns (78.414%))
  Logic Levels:           3  (IBUF=1 LUT3=1 LUT6=1)
  Clock Path Skew:        5.055ns (DCD - SCD + CPR)
    Destination Clock Delay (DCD):    5.055ns = ( 25.055 - 20.000 ) 
    Source Clock Delay      (SCD):    0.000ns
    Clock Pessimism Removal (CPR):    0.000ns
  Clock Uncertainty:      0.025ns  ((TSJ^2 + TIJ^2)^1/2 + DJ) / 2 + PE
    Total System Jitter     (TSJ):    0.050ns
    Total Input Jitter      (TIJ):    0.000ns
    Discrete Jitter          (DJ):    0.000ns
    Phase Error              (PE):    0.000ns

    Location             Delay type                Incr(ns)  Path(ns)    Netlist Resource(s)
  -------------------------------------------------------------------    -------------------
    A17                                               0.000     0.000 r  cam_href (IN)
                         net (fo=0)                   0.000     0.000    cam_href
    A17                  IBUF (Prop_ibuf_I_O)         1.453     1.453 r  cam_href_IBUF_inst/O
                         net (fo=5, routed)           3.708     5.161    u_capture/cam_href_IBUF
    SLICE_X33Y79         LUT6 (Prop_lut6_I1_O)        0.124     5.285 r  u_capture/wr_addr[16]_i_2/O
                         net (fo=18, routed)          0.984     6.268    u_capture/wr_addr[16]_i_2_n_0
    SLICE_X31Y80         LUT3 (Prop_lut3_I0_O)        0.152     6.420 r  u_capture/wr_data[11]_i_1/O
                         net (fo=13, routed)          1.590     8.011    u_capture/wr_data[11]_i_1_n_0
    SLICE_X28Y69         FDRE                                         r  u_capture/wr_data_reg[3]/CE
  -------------------------------------------------------------------    -------------------

                         (clock cam_pclk fall edge)
                                                     20.000    20.000 f  
    A16                                               0.000    20.000 f  cam_pclk (IN)
                         net (fo=0)                   0.000    20.000    cam_pclk
    A16                  IBUF (Prop_ibuf_I_O)         1.387    21.387 f  cam_pclk_IBUF_inst/O
                         net (fo=1, routed)           2.155    23.542    cam_pclk_IBUF
    BUFGCTRL_X0Y16       BUFG (Prop_bufg_I_O)         0.091    23.633 f  cam_pclk_IBUF_BUFG_inst/O
                         net (fo=88, routed)          1.423    25.055    u_capture/CLK
    SLICE_X28Y69         FDRE                                         r  u_capture/wr_data_reg[3]/C  (IS_INVERTED)

Slack:                    inf
  Source:                 cam_href
                            (input port)
  Destination:            u_capture/wr_data_reg[11]/CE
                            (falling edge-triggered cell FDRE clocked by cam_pclk  {rise@0.000ns fall@20.000ns period=40.000ns})
  Path Group:             (none)
  Path Type:              Setup (Max at Slow Process Corner)
  Data Path Delay:        7.857ns  (logic 1.729ns (22.007%)  route 6.128ns (77.993%))
  Logic Levels:           3  (IBUF=1 LUT3=1 LUT6=1)
  Clock Path Skew:        5.054ns (DCD - SCD + CPR)
    Destination Clock Delay (DCD):    5.054ns = ( 25.054 - 20.000 ) 
    Source Clock Delay      (SCD):    0.000ns
    Clock Pessimism Removal (CPR):    0.000ns
  Clock Uncertainty:      0.025ns  ((TSJ^2 + TIJ^2)^1/2 + DJ) / 2 + PE
    Total System Jitter     (TSJ):    0.050ns
    Total Input Jitter      (TIJ):    0.000ns
    Discrete Jitter          (DJ):    0.000ns
    Phase Error              (PE):    0.000ns

    Location             Delay type                Incr(ns)  Path(ns)    Netlist Resource(s)
  -------------------------------------------------------------------    -------------------
    A17                                               0.000     0.000 r  cam_href (IN)
                         net (fo=0)                   0.000     0.000    cam_href
    A17                  IBUF (Prop_ibuf_I_O)         1.453     1.453 r  cam_href_IBUF_inst/O
                         net (fo=5, routed)           3.708     5.161    u_capture/cam_href_IBUF
    SLICE_X33Y79         LUT6 (Prop_lut6_I1_O)        0.124     5.285 r  u_capture/wr_addr[16]_i_2/O
                         net (fo=18, routed)          0.984     6.268    u_capture/wr_addr[16]_i_2_n_0
    SLICE_X31Y80         LUT3 (Prop_lut3_I0_O)        0.152     6.420 r  u_capture/wr_data[11]_i_1/O
                         net (fo=13, routed)          1.437     7.857    u_capture/wr_data[11]_i_1_n_0
    SLICE_X29Y71         FDRE                                         r  u_capture/wr_data_reg[11]/CE
  -------------------------------------------------------------------    -------------------

                         (clock cam_pclk fall edge)
                                                     20.000    20.000 f  
    A16                                               0.000    20.000 f  cam_pclk (IN)
                         net (fo=0)                   0.000    20.000    cam_pclk
    A16                  IBUF (Prop_ibuf_I_O)         1.387    21.387 f  cam_pclk_IBUF_inst/O
                         net (fo=1, routed)           2.155    23.542    cam_pclk_IBUF
    BUFGCTRL_X0Y16       BUFG (Prop_bufg_I_O)         0.091    23.633 f  cam_pclk_IBUF_BUFG_inst/O
                         net (fo=88, routed)          1.422    25.054    u_capture/CLK
    SLICE_X29Y71         FDRE                                         r  u_capture/wr_data_reg[11]/C  (IS_INVERTED)

Slack:                    inf
  Source:                 cam_href
                            (input port)
  Destination:            u_capture/wr_data_reg[8]/CE
                            (falling edge-triggered cell FDRE clocked by cam_pclk  {rise@0.000ns fall@20.000ns period=40.000ns})
  Path Group:             (none)
  Path Type:              Setup (Max at Slow Process Corner)
  Data Path Delay:        7.708ns  (logic 1.729ns (22.435%)  route 5.978ns (77.565%))
  Logic Levels:           3  (IBUF=1 LUT3=1 LUT6=1)
  Clock Path Skew:        5.052ns (DCD - SCD + CPR)
    Destination Clock Delay (DCD):    5.052ns = ( 25.052 - 20.000 ) 
    Source Clock Delay      (SCD):    0.000ns
    Clock Pessimism Removal (CPR):    0.000ns
  Clock Uncertainty:      0.025ns  ((TSJ^2 + TIJ^2)^1/2 + DJ) / 2 + PE
    Total System Jitter     (TSJ):    0.050ns
    Total Input Jitter      (TIJ):    0.000ns
    Discrete Jitter          (DJ):    0.000ns
    Phase Error              (PE):    0.000ns

    Location             Delay type                Incr(ns)  Path(ns)    Netlist Resource(s)
  -------------------------------------------------------------------    -------------------
    A17                                               0.000     0.000 r  cam_href (IN)
                         net (fo=0)                   0.000     0.000    cam_href
    A17                  IBUF (Prop_ibuf_I_O)         1.453     1.453 r  cam_href_IBUF_inst/O
                         net (fo=5, routed)           3.708     5.161    u_capture/cam_href_IBUF
    SLICE_X33Y79         LUT6 (Prop_lut6_I1_O)        0.124     5.285 r  u_capture/wr_addr[16]_i_2/O
                         net (fo=18, routed)          0.984     6.268    u_capture/wr_addr[16]_i_2_n_0
    SLICE_X31Y80         LUT3 (Prop_lut3_I0_O)        0.152     6.420 r  u_capture/wr_data[11]_i_1/O
                         net (fo=13, routed)          1.287     7.708    u_capture/wr_data[11]_i_1_n_0
    SLICE_X29Y72         FDRE                                         r  u_capture/wr_data_reg[8]/CE
  -------------------------------------------------------------------    -------------------

                         (clock cam_pclk fall edge)
                                                     20.000    20.000 f  
    A16                                               0.000    20.000 f  cam_pclk (IN)
                         net (fo=0)                   0.000    20.000    cam_pclk
    A16                  IBUF (Prop_ibuf_I_O)         1.387    21.387 f  cam_pclk_IBUF_inst/O
                         net (fo=1, routed)           2.155    23.542    cam_pclk_IBUF
    BUFGCTRL_X0Y16       BUFG (Prop_bufg_I_O)         0.091    23.633 f  cam_pclk_IBUF_BUFG_inst/O
                         net (fo=88, routed)          1.420    25.052    u_capture/CLK
    SLICE_X29Y72         FDRE                                         r  u_capture/wr_data_reg[8]/C  (IS_INVERTED)

Slack:                    inf
  Source:                 cam_href
                            (input port)
  Destination:            u_capture/wr_data_reg[9]/CE
                            (falling edge-triggered cell FDRE clocked by cam_pclk  {rise@0.000ns fall@20.000ns period=40.000ns})
  Path Group:             (none)
  Path Type:              Setup (Max at Slow Process Corner)
  Data Path Delay:        7.708ns  (logic 1.729ns (22.435%)  route 5.978ns (77.565%))
  Logic Levels:           3  (IBUF=1 LUT3=1 LUT6=1)
  Clock Path Skew:        5.052ns (DCD - SCD + CPR)
    Destination Clock Delay (DCD):    5.052ns = ( 25.052 - 20.000 ) 
    Source Clock Delay      (SCD):    0.000ns
    Clock Pessimism Removal (CPR):    0.000ns
  Clock Uncertainty:      0.025ns  ((TSJ^2 + TIJ^2)^1/2 + DJ) / 2 + PE
    Total System Jitter     (TSJ):    0.050ns
    Total Input Jitter      (TIJ):    0.000ns
    Discrete Jitter          (DJ):    0.000ns
    Phase Error              (PE):    0.000ns

    Location             Delay type                Incr(ns)  Path(ns)    Netlist Resource(s)
  -------------------------------------------------------------------    -------------------
    A17                                               0.000     0.000 r  cam_href (IN)
                         net (fo=0)                   0.000     0.000    cam_href
    A17                  IBUF (Prop_ibuf_I_O)         1.453     1.453 r  cam_href_IBUF_inst/O
                         net (fo=5, routed)           3.708     5.161    u_capture/cam_href_IBUF
    SLICE_X33Y79         LUT6 (Prop_lut6_I1_O)        0.124     5.285 r  u_capture/wr_addr[16]_i_2/O
                         net (fo=18, routed)          0.984     6.268    u_capture/wr_addr[16]_i_2_n_0
    SLICE_X31Y80         LUT3 (Prop_lut3_I0_O)        0.152     6.420 r  u_capture/wr_data[11]_i_1/O
                         net (fo=13, routed)          1.287     7.708    u_capture/wr_data[11]_i_1_n_0
    SLICE_X29Y72         FDRE                                         r  u_capture/wr_data_reg[9]/CE
  -------------------------------------------------------------------    -------------------

                         (clock cam_pclk fall edge)
                                                     20.000    20.000 f  
    A16                                               0.000    20.000 f  cam_pclk (IN)
                         net (fo=0)                   0.000    20.000    cam_pclk
    A16                  IBUF (Prop_ibuf_I_O)         1.387    21.387 f  cam_pclk_IBUF_inst/O
                         net (fo=1, routed)           2.155    23.542    cam_pclk_IBUF
    BUFGCTRL_X0Y16       BUFG (Prop_bufg_I_O)         0.091    23.633 f  cam_pclk_IBUF_BUFG_inst/O
                         net (fo=88, routed)          1.420    25.052    u_capture/CLK
    SLICE_X29Y72         FDRE                                         r  u_capture/wr_data_reg[9]/C  (IS_INVERTED)

Slack:                    inf
  Source:                 cam_href
                            (input port)
  Destination:            u_capture/wr_data_reg[6]/CE
                            (falling edge-triggered cell FDRE clocked by cam_pclk  {rise@0.000ns fall@20.000ns period=40.000ns})
  Path Group:             (none)
  Path Type:              Setup (Max at Slow Process Corner)
  Data Path Delay:        7.472ns  (logic 1.729ns (23.143%)  route 5.742ns (76.857%))
  Logic Levels:           3  (IBUF=1 LUT3=1 LUT6=1)
  Clock Path Skew:        5.064ns (DCD - SCD + CPR)
    Destination Clock Delay (DCD):    5.064ns = ( 25.064 - 20.000 ) 
    Source Clock Delay      (SCD):    0.000ns
    Clock Pessimism Removal (CPR):    0.000ns
  Clock Uncertainty:      0.025ns  ((TSJ^2 + TIJ^2)^1/2 + DJ) / 2 + PE
    Total System Jitter     (TSJ):    0.050ns
    Total Input Jitter      (TIJ):    0.000ns
    Discrete Jitter          (DJ):    0.000ns
    Phase Error              (PE):    0.000ns

    Location             Delay type                Incr(ns)  Path(ns)    Netlist Resource(s)
  -------------------------------------------------------------------    -------------------
    A17                                               0.000     0.000 r  cam_href (IN)
                         net (fo=0)                   0.000     0.000    cam_href
    A17                  IBUF (Prop_ibuf_I_O)         1.453     1.453 r  cam_href_IBUF_inst/O
                         net (fo=5, routed)           3.708     5.161    u_capture/cam_href_IBUF
    SLICE_X33Y79         LUT6 (Prop_lut6_I1_O)        0.124     5.285 r  u_capture/wr_addr[16]_i_2/O
                         net (fo=18, routed)          0.984     6.268    u_capture/wr_addr[16]_i_2_n_0
    SLICE_X31Y80         LUT3 (Prop_lut3_I0_O)        0.152     6.420 r  u_capture/wr_data[11]_i_1/O
                         net (fo=13, routed)          1.051     7.472    u_capture/wr_data[11]_i_1_n_0
    SLICE_X8Y86          FDRE                                         r  u_capture/wr_data_reg[6]/CE
  -------------------------------------------------------------------    -------------------

                         (clock cam_pclk fall edge)
                                                     20.000    20.000 f  
    A16                                               0.000    20.000 f  cam_pclk (IN)
                         net (fo=0)                   0.000    20.000    cam_pclk
    A16                  IBUF (Prop_ibuf_I_O)         1.387    21.387 f  cam_pclk_IBUF_inst/O
                         net (fo=1, routed)           2.155    23.542    cam_pclk_IBUF
    BUFGCTRL_X0Y16       BUFG (Prop_bufg_I_O)         0.091    23.633 f  cam_pclk_IBUF_BUFG_inst/O
                         net (fo=88, routed)          1.432    25.064    u_capture/CLK
    SLICE_X8Y86          FDRE                                         r  u_capture/wr_data_reg[6]/C  (IS_INVERTED)

Slack:                    inf
  Source:                 cam_href
                            (input port)
  Destination:            u_capture/wr_data_reg[7]/CE
                            (falling edge-triggered cell FDRE clocked by cam_pclk  {rise@0.000ns fall@20.000ns period=40.000ns})
  Path Group:             (none)
  Path Type:              Setup (Max at Slow Process Corner)
  Data Path Delay:        7.380ns  (logic 1.729ns (23.430%)  route 5.651ns (76.570%))
  Logic Levels:           3  (IBUF=1 LUT3=1 LUT6=1)
  Clock Path Skew:        5.064ns (DCD - SCD + CPR)
    Destination Clock Delay (DCD):    5.064ns = ( 25.064 - 20.000 ) 
    Source Clock Delay      (SCD):    0.000ns
    Clock Pessimism Removal (CPR):    0.000ns
  Clock Uncertainty:      0.025ns  ((TSJ^2 + TIJ^2)^1/2 + DJ) / 2 + PE
    Total System Jitter     (TSJ):    0.050ns
    Total Input Jitter      (TIJ):    0.000ns
    Discrete Jitter          (DJ):    0.000ns
    Phase Error              (PE):    0.000ns

    Location             Delay type                Incr(ns)  Path(ns)    Netlist Resource(s)
  -------------------------------------------------------------------    -------------------
    A17                                               0.000     0.000 r  cam_href (IN)
                         net (fo=0)                   0.000     0.000    cam_href
    A17                  IBUF (Prop_ibuf_I_O)         1.453     1.453 r  cam_href_IBUF_inst/O
                         net (fo=5, routed)           3.708     5.161    u_capture/cam_href_IBUF
    SLICE_X33Y79         LUT6 (Prop_lut6_I1_O)        0.124     5.285 r  u_capture/wr_addr[16]_i_2/O
                         net (fo=18, routed)          0.984     6.268    u_capture/wr_addr[16]_i_2_n_0
    SLICE_X31Y80         LUT3 (Prop_lut3_I0_O)        0.152     6.420 r  u_capture/wr_data[11]_i_1/O
                         net (fo=13, routed)          0.960     7.380    u_capture/wr_data[11]_i_1_n_0
    SLICE_X8Y85          FDRE                                         r  u_capture/wr_data_reg[7]/CE
  -------------------------------------------------------------------    -------------------

                         (clock cam_pclk fall edge)
                                                     20.000    20.000 f  
    A16                                               0.000    20.000 f  cam_pclk (IN)
                         net (fo=0)                   0.000    20.000    cam_pclk
    A16                  IBUF (Prop_ibuf_I_O)         1.387    21.387 f  cam_pclk_IBUF_inst/O
                         net (fo=1, routed)           2.155    23.542    cam_pclk_IBUF
    BUFGCTRL_X0Y16       BUFG (Prop_bufg_I_O)         0.091    23.633 f  cam_pclk_IBUF_BUFG_inst/O
                         net (fo=88, routed)          1.432    25.064    u_capture/CLK
    SLICE_X8Y85          FDRE                                         r  u_capture/wr_data_reg[7]/C  (IS_INVERTED)





Min Delay Paths
--------------------------------------------------------------------------------------
Slack:                    inf
  Source:                 cam_d[5]
                            (input port)
  Destination:            u_capture/wr_data_reg[5]/D
                            (falling edge-triggered cell FDRE clocked by cam_pclk  {rise@0.000ns fall@20.000ns period=40.000ns})
  Path Group:             (none)
  Path Type:              Hold (Min at Fast Process Corner)
  Data Path Delay:        1.122ns  (logic 0.250ns (22.266%)  route 0.872ns (77.734%))
  Logic Levels:           1  (IBUF=1)
  Clock Path Skew:        2.137ns (DCD - SCD - CPR)
    Destination Clock Delay (DCD):    2.137ns = ( 22.137 - 20.000 ) 
    Source Clock Delay      (SCD):    0.000ns
    Clock Pessimism Removal (CPR):    -0.000ns

    Location             Delay type                Incr(ns)  Path(ns)    Netlist Resource(s)
  -------------------------------------------------------------------    -------------------
    K17                                               0.000     0.000 r  cam_d[5] (IN)
                         net (fo=0)                   0.000     0.000    cam_d[5]
    K17                  IBUF (Prop_ibuf_I_O)         0.250     0.250 r  cam_d_IBUF[5]_inst/O
                         net (fo=1, routed)           0.872     1.122    u_capture/wr_data_reg[7]_0[5]
    SLICE_X8Y58          FDRE                                         r  u_capture/wr_data_reg[5]/D
  -------------------------------------------------------------------    -------------------

                         (clock cam_pclk fall edge)
                                                     20.000    20.000 f  
    A16                                               0.000    20.000 f  cam_pclk (IN)
                         net (fo=0)                   0.000    20.000    cam_pclk
    A16                  IBUF (Prop_ibuf_I_O)         0.413    20.413 f  cam_pclk_IBUF_inst/O
                         net (fo=1, routed)           0.865    21.277    cam_pclk_IBUF
    BUFGCTRL_X0Y16       BUFG (Prop_bufg_I_O)         0.029    21.306 f  cam_pclk_IBUF_BUFG_inst/O
                         net (fo=88, routed)          0.831    22.137    u_capture/CLK
    SLICE_X8Y58          FDRE                                         r  u_capture/wr_data_reg[5]/C  (IS_INVERTED)

Slack:                    inf
  Source:                 cam_d[4]
                            (input port)
  Destination:            u_capture/wr_data_reg[4]/D
                            (falling edge-triggered cell FDRE clocked by cam_pclk  {rise@0.000ns fall@20.000ns period=40.000ns})
  Path Group:             (none)
  Path Type:              Hold (Min at Fast Process Corner)
  Data Path Delay:        1.248ns  (logic 0.244ns (19.543%)  route 1.004ns (80.457%))
  Logic Levels:           1  (IBUF=1)
  Clock Path Skew:        2.137ns (DCD - SCD - CPR)
    Destination Clock Delay (DCD):    2.137ns = ( 22.137 - 20.000 ) 
    Source Clock Delay      (SCD):    0.000ns
    Clock Pessimism Removal (CPR):    -0.000ns

    Location             Delay type                Incr(ns)  Path(ns)    Netlist Resource(s)
  -------------------------------------------------------------------    -------------------
    L17                                               0.000     0.000 r  cam_d[4] (IN)
                         net (fo=0)                   0.000     0.000    cam_d[4]
    L17                  IBUF (Prop_ibuf_I_O)         0.244     0.244 r  cam_d_IBUF[4]_inst/O
                         net (fo=1, routed)           1.004     1.248    u_capture/wr_data_reg[7]_0[4]
    SLICE_X8Y58          FDRE                                         r  u_capture/wr_data_reg[4]/D
  -------------------------------------------------------------------    -------------------

                         (clock cam_pclk fall edge)
                                                     20.000    20.000 f  
    A16                                               0.000    20.000 f  cam_pclk (IN)
                         net (fo=0)                   0.000    20.000    cam_pclk
    A16                  IBUF (Prop_ibuf_I_O)         0.413    20.413 f  cam_pclk_IBUF_inst/O
                         net (fo=1, routed)           0.865    21.277    cam_pclk_IBUF
    BUFGCTRL_X0Y16       BUFG (Prop_bufg_I_O)         0.029    21.306 f  cam_pclk_IBUF_BUFG_inst/O
                         net (fo=88, routed)          0.831    22.137    u_capture/CLK
    SLICE_X8Y58          FDRE                                         r  u_capture/wr_data_reg[4]/C  (IS_INVERTED)

Slack:                    inf
  Source:                 cam_d[6]
                            (input port)
  Destination:            u_capture/wr_data_reg[6]/D
                            (falling edge-triggered cell FDRE clocked by cam_pclk  {rise@0.000ns fall@20.000ns period=40.000ns})
  Path Group:             (none)
  Path Type:              Hold (Min at Fast Process Corner)
  Data Path Delay:        1.296ns  (logic 0.206ns (15.869%)  route 1.090ns (84.131%))
  Logic Levels:           1  (IBUF=1)
  Clock Path Skew:        2.133ns (DCD - SCD - CPR)
    Destination Clock Delay (DCD):    2.133ns = ( 22.133 - 20.000 ) 
    Source Clock Delay      (SCD):    0.000ns
    Clock Pessimism Removal (CPR):    -0.000ns

    Location             Delay type                Incr(ns)  Path(ns)    Netlist Resource(s)
  -------------------------------------------------------------------    -------------------
    C16                                               0.000     0.000 r  cam_d[6] (IN)
                         net (fo=0)                   0.000     0.000    cam_d[6]
    C16                  IBUF (Prop_ibuf_I_O)         0.206     0.206 r  cam_d_IBUF[6]_inst/O
                         net (fo=1, routed)           1.090     1.296    u_capture/wr_data_reg[7]_0[6]
    SLICE_X8Y86          FDRE                                         r  u_capture/wr_data_reg[6]/D
  -------------------------------------------------------------------    -------------------

                         (clock cam_pclk fall edge)
                                                     20.000    20.000 f  
    A16                                               0.000    20.000 f  cam_pclk (IN)
                         net (fo=0)                   0.000    20.000    cam_pclk
    A16                  IBUF (Prop_ibuf_I_O)         0.413    20.413 f  cam_pclk_IBUF_inst/O
                         net (fo=1, routed)           0.865    21.277    cam_pclk_IBUF
    BUFGCTRL_X0Y16       BUFG (Prop_bufg_I_O)         0.029    21.306 f  cam_pclk_IBUF_BUFG_inst/O
                         net (fo=88, routed)          0.826    22.133    u_capture/CLK
    SLICE_X8Y86          FDRE                                         r  u_capture/wr_data_reg[6]/C  (IS_INVERTED)

Slack:                    inf
  Source:                 cam_d[7]
                            (input port)
  Destination:            u_capture/wr_data_reg[7]/D
                            (falling edge-triggered cell FDRE clocked by cam_pclk  {rise@0.000ns fall@20.000ns period=40.000ns})
  Path Group:             (none)
  Path Type:              Hold (Min at Fast Process Corner)
  Data Path Delay:        1.307ns  (logic 0.217ns (16.567%)  route 1.090ns (83.433%))
  Logic Levels:           1  (IBUF=1)
  Clock Path Skew:        2.133ns (DCD - SCD - CPR)
    Destination Clock Delay (DCD):    2.133ns = ( 22.133 - 20.000 ) 
    Source Clock Delay      (SCD):    0.000ns
    Clock Pessimism Removal (CPR):    -0.000ns

    Location             Delay type                Incr(ns)  Path(ns)    Netlist Resource(s)
  -------------------------------------------------------------------    -------------------
    B16                                               0.000     0.000 r  cam_d[7] (IN)
                         net (fo=0)                   0.000     0.000    cam_d[7]
    B16                  IBUF (Prop_ibuf_I_O)         0.217     0.217 r  cam_d_IBUF[7]_inst/O
                         net (fo=1, routed)           1.090     1.307    u_capture/wr_data_reg[7]_0[7]
    SLICE_X8Y85          FDRE                                         r  u_capture/wr_data_reg[7]/D
  -------------------------------------------------------------------    -------------------

                         (clock cam_pclk fall edge)
                                                     20.000    20.000 f  
    A16                                               0.000    20.000 f  cam_pclk (IN)
                         net (fo=0)                   0.000    20.000    cam_pclk
    A16                  IBUF (Prop_ibuf_I_O)         0.413    20.413 f  cam_pclk_IBUF_inst/O
                         net (fo=1, routed)           0.865    21.277    cam_pclk_IBUF
    BUFGCTRL_X0Y16       BUFG (Prop_bufg_I_O)         0.029    21.306 f  cam_pclk_IBUF_BUFG_inst/O
                         net (fo=88, routed)          0.826    22.133    u_capture/CLK
    SLICE_X8Y85          FDRE                                         r  u_capture/wr_data_reg[7]/C  (IS_INVERTED)

Slack:                    inf
  Source:                 cam_d[0]
                            (input port)
  Destination:            u_capture/wr_data_reg[0]/D
                            (falling edge-triggered cell FDRE clocked by cam_pclk  {rise@0.000ns fall@20.000ns period=40.000ns})
  Path Group:             (none)
  Path Type:              Hold (Min at Fast Process Corner)
  Data Path Delay:        1.529ns  (logic 0.210ns (13.738%)  route 1.319ns (86.262%))
  Logic Levels:           1  (IBUF=1)
  Clock Path Skew:        2.125ns (DCD - SCD - CPR)
    Destination Clock Delay (DCD):    2.125ns = ( 22.125 - 20.000 ) 
    Source Clock Delay      (SCD):    0.000ns
    Clock Pessimism Removal (CPR):    -0.000ns

    Location             Delay type                Incr(ns)  Path(ns)    Netlist Resource(s)
  -------------------------------------------------------------------    -------------------
    P17                                               0.000     0.000 r  cam_d[0] (IN)
                         net (fo=0)                   0.000     0.000    cam_d[0]
    P17                  IBUF (Prop_ibuf_I_O)         0.210     0.210 r  cam_d_IBUF[0]_inst/O
                         net (fo=2, routed)           1.319     1.529    u_capture/wr_data_reg[7]_0[0]
    SLICE_X28Y69         FDRE                                         r  u_capture/wr_data_reg[0]/D
  -------------------------------------------------------------------    -------------------

                         (clock cam_pclk fall edge)
                                                     20.000    20.000 f  
    A16                                               0.000    20.000 f  cam_pclk (IN)
                         net (fo=0)                   0.000    20.000    cam_pclk
    A16                  IBUF (Prop_ibuf_I_O)         0.413    20.413 f  cam_pclk_IBUF_inst/O
                         net (fo=1, routed)           0.865    21.277    cam_pclk_IBUF
    BUFGCTRL_X0Y16       BUFG (Prop_bufg_I_O)         0.029    21.306 f  cam_pclk_IBUF_BUFG_inst/O
                         net (fo=88, routed)          0.819    22.125    u_capture/CLK
    SLICE_X28Y69         FDRE                                         r  u_capture/wr_data_reg[0]/C  (IS_INVERTED)

Slack:                    inf
  Source:                 cam_d[1]
                            (input port)
  Destination:            u_capture/wr_data_reg[1]/D
                            (falling edge-triggered cell FDRE clocked by cam_pclk  {rise@0.000ns fall@20.000ns period=40.000ns})
  Path Group:             (none)
  Path Type:              Hold (Min at Fast Process Corner)
  Data Path Delay:        1.571ns  (logic 0.206ns (13.105%)  route 1.365ns (86.895%))
  Logic Levels:           1  (IBUF=1)
  Clock Path Skew:        2.127ns (DCD - SCD - CPR)
    Destination Clock Delay (DCD):    2.127ns = ( 22.127 - 20.000 ) 
    Source Clock Delay      (SCD):    0.000ns
    Clock Pessimism Removal (CPR):    -0.000ns

    Location             Delay type                Incr(ns)  Path(ns)    Netlist Resource(s)
  -------------------------------------------------------------------    -------------------
    N17                                               0.000     0.000 r  cam_d[1] (IN)
                         net (fo=0)                   0.000     0.000    cam_d[1]
    N17                  IBUF (Prop_ibuf_I_O)         0.206     0.206 r  cam_d_IBUF[1]_inst/O
                         net (fo=2, routed)           1.365     1.571    u_capture/wr_data_reg[7]_0[1]
    SLICE_X28Y67         FDRE                                         r  u_capture/wr_data_reg[1]/D
  -------------------------------------------------------------------    -------------------

                         (clock cam_pclk fall edge)
                                                     20.000    20.000 f  
    A16                                               0.000    20.000 f  cam_pclk (IN)
                         net (fo=0)                   0.000    20.000    cam_pclk
    A16                  IBUF (Prop_ibuf_I_O)         0.413    20.413 f  cam_pclk_IBUF_inst/O
                         net (fo=1, routed)           0.865    21.277    cam_pclk_IBUF
    BUFGCTRL_X0Y16       BUFG (Prop_bufg_I_O)         0.029    21.306 f  cam_pclk_IBUF_BUFG_inst/O
                         net (fo=88, routed)          0.821    22.127    u_capture/CLK
    SLICE_X28Y67         FDRE                                         r  u_capture/wr_data_reg[1]/C  (IS_INVERTED)

Slack:                    inf
  Source:                 cam_d[3]
                            (input port)
  Destination:            u_capture/wr_data_reg[3]/D
                            (falling edge-triggered cell FDRE clocked by cam_pclk  {rise@0.000ns fall@20.000ns period=40.000ns})
  Path Group:             (none)
  Path Type:              Hold (Min at Fast Process Corner)
  Data Path Delay:        1.574ns  (logic 0.221ns (14.053%)  route 1.352ns (85.947%))
  Logic Levels:           1  (IBUF=1)
  Clock Path Skew:        2.125ns (DCD - SCD - CPR)
    Destination Clock Delay (DCD):    2.125ns = ( 22.125 - 20.000 ) 
    Source Clock Delay      (SCD):    0.000ns
    Clock Pessimism Removal (CPR):    -0.000ns

    Location             Delay type                Incr(ns)  Path(ns)    Netlist Resource(s)
  -------------------------------------------------------------------    -------------------
    M18                                               0.000     0.000 r  cam_d[3] (IN)
                         net (fo=0)                   0.000     0.000    cam_d[3]
    M18                  IBUF (Prop_ibuf_I_O)         0.221     0.221 r  cam_d_IBUF[3]_inst/O
                         net (fo=2, routed)           1.352     1.574    u_capture/wr_data_reg[7]_0[3]
    SLICE_X28Y69         FDRE                                         r  u_capture/wr_data_reg[3]/D
  -------------------------------------------------------------------    -------------------

                         (clock cam_pclk fall edge)
                                                     20.000    20.000 f  
    A16                                               0.000    20.000 f  cam_pclk (IN)
                         net (fo=0)                   0.000    20.000    cam_pclk
    A16                  IBUF (Prop_ibuf_I_O)         0.413    20.413 f  cam_pclk_IBUF_inst/O
                         net (fo=1, routed)           0.865    21.277    cam_pclk_IBUF
    BUFGCTRL_X0Y16       BUFG (Prop_bufg_I_O)         0.029    21.306 f  cam_pclk_IBUF_BUFG_inst/O
                         net (fo=88, routed)          0.819    22.125    u_capture/CLK
    SLICE_X28Y69         FDRE                                         r  u_capture/wr_data_reg[3]/C  (IS_INVERTED)

Slack:                    inf
  Source:                 cam_d[0]
                            (input port)
  Destination:            u_capture/first_byte_reg[0]/D
                            (falling edge-triggered cell FDRE clocked by cam_pclk  {rise@0.000ns fall@20.000ns period=40.000ns})
  Path Group:             (none)
  Path Type:              Hold (Min at Fast Process Corner)
  Data Path Delay:        1.585ns  (logic 0.210ns (13.252%)  route 1.375ns (86.748%))
  Logic Levels:           1  (IBUF=1)
  Clock Path Skew:        2.122ns (DCD - SCD - CPR)
    Destination Clock Delay (DCD):    2.122ns = ( 22.122 - 20.000 ) 
    Source Clock Delay      (SCD):    0.000ns
    Clock Pessimism Removal (CPR):    -0.000ns

    Location             Delay type                Incr(ns)  Path(ns)    Netlist Resource(s)
  -------------------------------------------------------------------    -------------------
    P17                                               0.000     0.000 r  cam_d[0] (IN)
                         net (fo=0)                   0.000     0.000    cam_d[0]
    P17                  IBUF (Prop_ibuf_I_O)         0.210     0.210 r  cam_d_IBUF[0]_inst/O
                         net (fo=2, routed)           1.375     1.585    u_capture/wr_data_reg[7]_0[0]
    SLICE_X28Y72         FDRE                                         r  u_capture/first_byte_reg[0]/D
  -------------------------------------------------------------------    -------------------

                         (clock cam_pclk fall edge)
                                                     20.000    20.000 f  
    A16                                               0.000    20.000 f  cam_pclk (IN)
                         net (fo=0)                   0.000    20.000    cam_pclk
    A16                  IBUF (Prop_ibuf_I_O)         0.413    20.413 f  cam_pclk_IBUF_inst/O
                         net (fo=1, routed)           0.865    21.277    cam_pclk_IBUF
    BUFGCTRL_X0Y16       BUFG (Prop_bufg_I_O)         0.029    21.306 f  cam_pclk_IBUF_BUFG_inst/O
                         net (fo=88, routed)          0.816    22.122    u_capture/CLK
    SLICE_X28Y72         FDRE                                         r  u_capture/first_byte_reg[0]/C  (IS_INVERTED)

Slack:                    inf
  Source:                 cam_d[2]
                            (input port)
  Destination:            u_capture/first_byte_reg[2]/D
                            (falling edge-triggered cell FDRE clocked by cam_pclk  {rise@0.000ns fall@20.000ns period=40.000ns})
  Path Group:             (none)
  Path Type:              Hold (Min at Fast Process Corner)
  Data Path Delay:        1.609ns  (logic 0.232ns (14.427%)  route 1.377ns (85.573%))
  Logic Levels:           1  (IBUF=1)
  Clock Path Skew:        2.123ns (DCD - SCD - CPR)
    Destination Clock Delay (DCD):    2.123ns = ( 22.123 - 20.000 ) 
    Source Clock Delay      (SCD):    0.000ns
    Clock Pessimism Removal (CPR):    -0.000ns

    Location             Delay type                Incr(ns)  Path(ns)    Netlist Resource(s)
  -------------------------------------------------------------------    -------------------
    M19                                               0.000     0.000 r  cam_d[2] (IN)
                         net (fo=0)                   0.000     0.000    cam_d[2]
    M19                  IBUF (Prop_ibuf_I_O)         0.232     0.232 r  cam_d_IBUF[2]_inst/O
                         net (fo=2, routed)           1.377     1.609    u_capture/wr_data_reg[7]_0[2]
    SLICE_X28Y78         FDRE                                         r  u_capture/first_byte_reg[2]/D
  -------------------------------------------------------------------    -------------------

                         (clock cam_pclk fall edge)
                                                     20.000    20.000 f  
    A16                                               0.000    20.000 f  cam_pclk (IN)
                         net (fo=0)                   0.000    20.000    cam_pclk
    A16                  IBUF (Prop_ibuf_I_O)         0.413    20.413 f  cam_pclk_IBUF_inst/O
                         net (fo=1, routed)           0.865    21.277    cam_pclk_IBUF
    BUFGCTRL_X0Y16       BUFG (Prop_bufg_I_O)         0.029    21.306 f  cam_pclk_IBUF_BUFG_inst/O
                         net (fo=88, routed)          0.817    22.123    u_capture/CLK
    SLICE_X28Y78         FDRE                                         r  u_capture/first_byte_reg[2]/C  (IS_INVERTED)

Slack:                    inf
  Source:                 cam_vsync
                            (input port)
  Destination:            u_capture/byte_cnt_reg/D
                            (falling edge-triggered cell FDRE clocked by cam_pclk  {rise@0.000ns fall@20.000ns period=40.000ns})
  Path Group:             (none)
  Path Type:              Hold (Min at Fast Process Corner)
  Data Path Delay:        1.614ns  (logic 0.283ns (17.529%)  route 1.331ns (82.471%))
  Logic Levels:           2  (IBUF=1 LUT4=1)
  Clock Path Skew:        2.123ns (DCD - SCD - CPR)
    Destination Clock Delay (DCD):    2.123ns = ( 22.123 - 20.000 ) 
    Source Clock Delay      (SCD):    0.000ns
    Clock Pessimism Removal (CPR):    -0.000ns

    Location             Delay type                Incr(ns)  Path(ns)    Netlist Resource(s)
  -------------------------------------------------------------------    -------------------
    B15                                               0.000     0.000 f  cam_vsync (IN)
                         net (fo=0)                   0.000     0.000    cam_vsync
    B15                  IBUF (Prop_ibuf_I_O)         0.238     0.238 f  cam_vsync_IBUF_inst/O
                         net (fo=6, routed)           1.331     1.569    u_capture/cam_vsync_IBUF
    SLICE_X31Y79         LUT4 (Prop_lut4_I1_O)        0.045     1.614 r  u_capture/first_byte[3]_i_1/O
                         net (fo=5, routed)           0.000     1.614    u_capture/first_byte[3]_i_1_n_0
    SLICE_X31Y79         FDRE                                         r  u_capture/byte_cnt_reg/D
  -------------------------------------------------------------------    -------------------

                         (clock cam_pclk fall edge)
                                                     20.000    20.000 f  
    A16                                               0.000    20.000 f  cam_pclk (IN)
                         net (fo=0)                   0.000    20.000    cam_pclk
    A16                  IBUF (Prop_ibuf_I_O)         0.413    20.413 f  cam_pclk_IBUF_inst/O
                         net (fo=1, routed)           0.865    21.277    cam_pclk_IBUF
    BUFGCTRL_X0Y16       BUFG (Prop_bufg_I_O)         0.029    21.306 f  cam_pclk_IBUF_BUFG_inst/O
                         net (fo=88, routed)          0.817    22.123    u_capture/CLK
    SLICE_X31Y79         FDRE                                         r  u_capture/byte_cnt_reg/C  (IS_INVERTED)





--------------------------------------------------------------------------------------
Path Group:  (none)
From Clock:  
  To Clock:  clk_out1_clk_wiz_0

Max Delay            12 Endpoints
Min Delay            12 Endpoints
--------------------------------------------------------------------------------------


Max Delay Paths
--------------------------------------------------------------------------------------
Slack:                    inf
  Source:                 sw[0]
                            (input port)
  Destination:            r_out_reg[0]/D
                            (rising edge-triggered cell FDRE clocked by clk_out1_clk_wiz_0  {rise@0.000ns fall@20.000ns period=40.000ns})
  Path Group:             (none)
  Path Type:              Setup (Max at Slow Process Corner)
  Data Path Delay:        5.577ns  (logic 1.605ns (28.778%)  route 3.972ns (71.222%))
  Logic Levels:           2  (IBUF=1 LUT4=1)
  Clock Path Skew:        1.437ns (DCD - SCD + CPR)
    Destination Clock Delay (DCD):    1.437ns
    Source Clock Delay      (SCD):    0.000ns
    Clock Pessimism Removal (CPR):    0.000ns
  Clock Uncertainty:      0.235ns  ((TSJ^2 + DJ^2)^1/2) / 2 + PE
    Total System Jitter     (TSJ):    0.050ns
    Discrete Jitter          (DJ):    0.200ns
    Phase Error              (PE):    0.132ns

    Location             Delay type                Incr(ns)  Path(ns)    Netlist Resource(s)
  -------------------------------------------------------------------    -------------------
    V17                                               0.000     0.000 r  sw[0] (IN)
                         net (fo=0)                   0.000     0.000    sw[0]
    V17                  IBUF (Prop_ibuf_I_O)         1.453     1.453 r  sw_IBUF[0]_inst/O
                         net (fo=12, routed)          3.972     5.425    u_filter/sw_IBUF[0]
    SLICE_X40Y56         LUT4 (Prop_lut4_I2_O)        0.152     5.577 r  u_filter/r_out[0]_i_1/O
                         net (fo=1, routed)           0.000     5.577    p_0_in__0[0]
    SLICE_X40Y56         FDRE                                         r  r_out_reg[0]/D
  -------------------------------------------------------------------    -------------------

                         (clock clk_out1_clk_wiz_0 rise edge)
                                                      0.000     0.000 r  
    BUFGCTRL_X0Y1        BUFG                         0.000     0.000 r  clk_100mhz_IBUF_BUFG_inst/O
                         net (fo=101, routed)         1.457     1.457    u_clk_wiz/inst/clk_in1
    MMCME2_ADV_X1Y0      MMCME2_ADV (Prop_mmcme2_adv_CLKIN1_CLKOUT0)
                                                     -3.129    -1.672 r  u_clk_wiz/inst/mmcm_adv_inst/CLKOUT0
                         net (fo=1, routed)           1.581    -0.091    u_clk_wiz/inst/clk_out1_clk_wiz_0
    BUFGCTRL_X0Y2        BUFG (Prop_bufg_I_O)         0.091     0.000 r  u_clk_wiz/inst/clkout1_buf/O
                         net (fo=83, routed)          1.437     1.437    pixel_clk
    SLICE_X40Y56         FDRE                                         r  r_out_reg[0]/C

Slack:                    inf
  Source:                 sw[0]
                            (input port)
  Destination:            g_out_reg[0]/D
                            (rising edge-triggered cell FDRE clocked by clk_out1_clk_wiz_0  {rise@0.000ns fall@20.000ns period=40.000ns})
  Path Group:             (none)
  Path Type:              Setup (Max at Slow Process Corner)
  Data Path Delay:        5.549ns  (logic 1.577ns (28.418%)  route 3.972ns (71.582%))
  Logic Levels:           2  (IBUF=1 LUT4=1)
  Clock Path Skew:        1.437ns (DCD - SCD + CPR)
    Destination Clock Delay (DCD):    1.437ns
    Source Clock Delay      (SCD):    0.000ns
    Clock Pessimism Removal (CPR):    0.000ns
  Clock Uncertainty:      0.235ns  ((TSJ^2 + DJ^2)^1/2) / 2 + PE
    Total System Jitter     (TSJ):    0.050ns
    Discrete Jitter          (DJ):    0.200ns
    Phase Error              (PE):    0.132ns

    Location             Delay type                Incr(ns)  Path(ns)    Netlist Resource(s)
  -------------------------------------------------------------------    -------------------
    V17                                               0.000     0.000 r  sw[0] (IN)
                         net (fo=0)                   0.000     0.000    sw[0]
    V17                  IBUF (Prop_ibuf_I_O)         1.453     1.453 r  sw_IBUF[0]_inst/O
                         net (fo=12, routed)          3.972     5.425    u_filter/sw_IBUF[0]
    SLICE_X40Y56         LUT4 (Prop_lut4_I1_O)        0.124     5.549 r  u_filter/g_out[0]_i_1/O
                         net (fo=1, routed)           0.000     5.549    u_filter_n_25
    SLICE_X40Y56         FDRE                                         r  g_out_reg[0]/D
  -------------------------------------------------------------------    -------------------

                         (clock clk_out1_clk_wiz_0 rise edge)
                                                      0.000     0.000 r  
    BUFGCTRL_X0Y1        BUFG                         0.000     0.000 r  clk_100mhz_IBUF_BUFG_inst/O
                         net (fo=101, routed)         1.457     1.457    u_clk_wiz/inst/clk_in1
    MMCME2_ADV_X1Y0      MMCME2_ADV (Prop_mmcme2_adv_CLKIN1_CLKOUT0)
                                                     -3.129    -1.672 r  u_clk_wiz/inst/mmcm_adv_inst/CLKOUT0
                         net (fo=1, routed)           1.581    -0.091    u_clk_wiz/inst/clk_out1_clk_wiz_0
    BUFGCTRL_X0Y2        BUFG (Prop_bufg_I_O)         0.091     0.000 r  u_clk_wiz/inst/clkout1_buf/O
                         net (fo=83, routed)          1.437     1.437    pixel_clk
    SLICE_X40Y56         FDRE                                         r  g_out_reg[0]/C

Slack:                    inf
  Source:                 sw[1]
                            (input port)
  Destination:            r_out_reg[3]/D
                            (rising edge-triggered cell FDRE clocked by clk_out1_clk_wiz_0  {rise@0.000ns fall@20.000ns period=40.000ns})
  Path Group:             (none)
  Path Type:              Setup (Max at Slow Process Corner)
  Data Path Delay:        5.423ns  (logic 1.611ns (29.710%)  route 3.812ns (70.290%))
  Logic Levels:           2  (IBUF=1 LUT4=1)
  Clock Path Skew:        1.434ns (DCD - SCD + CPR)
    Destination Clock Delay (DCD):    1.434ns
    Source Clock Delay      (SCD):    0.000ns
    Clock Pessimism Removal (CPR):    0.000ns
  Clock Uncertainty:      0.235ns  ((TSJ^2 + DJ^2)^1/2) / 2 + PE
    Total System Jitter     (TSJ):    0.050ns
    Discrete Jitter          (DJ):    0.200ns
    Phase Error              (PE):    0.132ns

    Location             Delay type                Incr(ns)  Path(ns)    Netlist Resource(s)
  -------------------------------------------------------------------    -------------------
    V16                                               0.000     0.000 r  sw[1] (IN)
                         net (fo=0)                   0.000     0.000    sw[1]
    V16                  IBUF (Prop_ibuf_I_O)         1.461     1.461 r  sw_IBUF[1]_inst/O
                         net (fo=12, routed)          3.812     5.273    u_filter/sw_IBUF[1]
    SLICE_X39Y57         LUT4 (Prop_lut4_I0_O)        0.150     5.423 r  u_filter/r_out[3]_i_2/O
                         net (fo=1, routed)           0.000     5.423    p_0_in__0[3]
    SLICE_X39Y57         FDRE                                         r  r_out_reg[3]/D
  -------------------------------------------------------------------    -------------------

                         (clock clk_out1_clk_wiz_0 rise edge)
                                                      0.000     0.000 r  
    BUFGCTRL_X0Y1        BUFG                         0.000     0.000 r  clk_100mhz_IBUF_BUFG_inst/O
                         net (fo=101, routed)         1.457     1.457    u_clk_wiz/inst/clk_in1
    MMCME2_ADV_X1Y0      MMCME2_ADV (Prop_mmcme2_adv_CLKIN1_CLKOUT0)
                                                     -3.129    -1.672 r  u_clk_wiz/inst/mmcm_adv_inst/CLKOUT0
                         net (fo=1, routed)           1.581    -0.091    u_clk_wiz/inst/clk_out1_clk_wiz_0
    BUFGCTRL_X0Y2        BUFG (Prop_bufg_I_O)         0.091     0.000 r  u_clk_wiz/inst/clkout1_buf/O
                         net (fo=83, routed)          1.434     1.434    pixel_clk
    SLICE_X39Y57         FDRE                                         r  r_out_reg[3]/C

Slack:                    inf
  Source:                 sw[1]
                            (input port)
  Destination:            g_out_reg[3]/D
                            (rising edge-triggered cell FDRE clocked by clk_out1_clk_wiz_0  {rise@0.000ns fall@20.000ns period=40.000ns})
  Path Group:             (none)
  Path Type:              Setup (Max at Slow Process Corner)
  Data Path Delay:        5.397ns  (logic 1.585ns (29.372%)  route 3.812ns (70.628%))
  Logic Levels:           2  (IBUF=1 LUT4=1)
  Clock Path Skew:        1.434ns (DCD - SCD + CPR)
    Destination Clock Delay (DCD):    1.434ns
    Source Clock Delay      (SCD):    0.000ns
    Clock Pessimism Removal (CPR):    0.000ns
  Clock Uncertainty:      0.235ns  ((TSJ^2 + DJ^2)^1/2) / 2 + PE
    Total System Jitter     (TSJ):    0.050ns
    Discrete Jitter          (DJ):    0.200ns
    Phase Error              (PE):    0.132ns

    Location             Delay type                Incr(ns)  Path(ns)    Netlist Resource(s)
  -------------------------------------------------------------------    -------------------
    V16                                               0.000     0.000 r  sw[1] (IN)
                         net (fo=0)                   0.000     0.000    sw[1]
    V16                  IBUF (Prop_ibuf_I_O)         1.461     1.461 r  sw_IBUF[1]_inst/O
                         net (fo=12, routed)          3.812     5.273    u_filter/sw_IBUF[1]
    SLICE_X39Y57         LUT4 (Prop_lut4_I3_O)        0.124     5.397 r  u_filter/g_out[3]_i_1/O
                         net (fo=1, routed)           0.000     5.397    u_filter_n_22
    SLICE_X39Y57         FDRE                                         r  g_out_reg[3]/D
  -------------------------------------------------------------------    -------------------

                         (clock clk_out1_clk_wiz_0 rise edge)
                                                      0.000     0.000 r  
    BUFGCTRL_X0Y1        BUFG                         0.000     0.000 r  clk_100mhz_IBUF_BUFG_inst/O
                         net (fo=101, routed)         1.457     1.457    u_clk_wiz/inst/clk_in1
    MMCME2_ADV_X1Y0      MMCME2_ADV (Prop_mmcme2_adv_CLKIN1_CLKOUT0)
                                                     -3.129    -1.672 r  u_clk_wiz/inst/mmcm_adv_inst/CLKOUT0
                         net (fo=1, routed)           1.581    -0.091    u_clk_wiz/inst/clk_out1_clk_wiz_0
    BUFGCTRL_X0Y2        BUFG (Prop_bufg_I_O)         0.091     0.000 r  u_clk_wiz/inst/clkout1_buf/O
                         net (fo=83, routed)          1.434     1.434    pixel_clk
    SLICE_X39Y57         FDRE                                         r  g_out_reg[3]/C

Slack:                    inf
  Source:                 sw[0]
                            (input port)
  Destination:            g_out_reg[1]/D
                            (rising edge-triggered cell FDRE clocked by clk_out1_clk_wiz_0  {rise@0.000ns fall@20.000ns period=40.000ns})
  Path Group:             (none)
  Path Type:              Setup (Max at Slow Process Corner)
  Data Path Delay:        5.388ns  (logic 1.605ns (29.786%)  route 3.783ns (70.214%))
  Logic Levels:           2  (IBUF=1 LUT4=1)
  Clock Path Skew:        1.434ns (DCD - SCD + CPR)
    Destination Clock Delay (DCD):    1.434ns
    Source Clock Delay      (SCD):    0.000ns
    Clock Pessimism Removal (CPR):    0.000ns
  Clock Uncertainty:      0.235ns  ((TSJ^2 + DJ^2)^1/2) / 2 + PE
    Total System Jitter     (TSJ):    0.050ns
    Discrete Jitter          (DJ):    0.200ns
    Phase Error              (PE):    0.132ns

    Location             Delay type                Incr(ns)  Path(ns)    Netlist Resource(s)
  -------------------------------------------------------------------    -------------------
    V17                                               0.000     0.000 r  sw[0] (IN)
                         net (fo=0)                   0.000     0.000    sw[0]
    V17                  IBUF (Prop_ibuf_I_O)         1.453     1.453 r  sw_IBUF[0]_inst/O
                         net (fo=12, routed)          3.783     5.236    u_filter/sw_IBUF[0]
    SLICE_X39Y57         LUT4 (Prop_lut4_I1_O)        0.152     5.388 r  u_filter/g_out[1]_i_1/O
                         net (fo=1, routed)           0.000     5.388    u_filter_n_24
    SLICE_X39Y57         FDRE                                         r  g_out_reg[1]/D
  -------------------------------------------------------------------    -------------------

                         (clock clk_out1_clk_wiz_0 rise edge)
                                                      0.000     0.000 r  
    BUFGCTRL_X0Y1        BUFG                         0.000     0.000 r  clk_100mhz_IBUF_BUFG_inst/O
                         net (fo=101, routed)         1.457     1.457    u_clk_wiz/inst/clk_in1
    MMCME2_ADV_X1Y0      MMCME2_ADV (Prop_mmcme2_adv_CLKIN1_CLKOUT0)
                                                     -3.129    -1.672 r  u_clk_wiz/inst/mmcm_adv_inst/CLKOUT0
                         net (fo=1, routed)           1.581    -0.091    u_clk_wiz/inst/clk_out1_clk_wiz_0
    BUFGCTRL_X0Y2        BUFG (Prop_bufg_I_O)         0.091     0.000 r  u_clk_wiz/inst/clkout1_buf/O
                         net (fo=83, routed)          1.434     1.434    pixel_clk
    SLICE_X39Y57         FDRE                                         r  g_out_reg[1]/C

Slack:                    inf
  Source:                 sw[1]
                            (input port)
  Destination:            b_out_reg[2]/D
                            (rising edge-triggered cell FDRE clocked by clk_out1_clk_wiz_0  {rise@0.000ns fall@20.000ns period=40.000ns})
  Path Group:             (none)
  Path Type:              Setup (Max at Slow Process Corner)
  Data Path Delay:        5.388ns  (logic 1.585ns (29.425%)  route 3.802ns (70.575%))
  Logic Levels:           2  (IBUF=1 LUT4=1)
  Clock Path Skew:        1.437ns (DCD - SCD + CPR)
    Destination Clock Delay (DCD):    1.437ns
    Source Clock Delay      (SCD):    0.000ns
    Clock Pessimism Removal (CPR):    0.000ns
  Clock Uncertainty:      0.235ns  ((TSJ^2 + DJ^2)^1/2) / 2 + PE
    Total System Jitter     (TSJ):    0.050ns
    Discrete Jitter          (DJ):    0.200ns
    Phase Error              (PE):    0.132ns

    Location             Delay type                Incr(ns)  Path(ns)    Netlist Resource(s)
  -------------------------------------------------------------------    -------------------
    V16                                               0.000     0.000 r  sw[1] (IN)
                         net (fo=0)                   0.000     0.000    sw[1]
    V16                  IBUF (Prop_ibuf_I_O)         1.461     1.461 r  sw_IBUF[1]_inst/O
                         net (fo=12, routed)          3.802     5.264    u_filter/sw_IBUF[1]
    SLICE_X40Y56         LUT4 (Prop_lut4_I3_O)        0.124     5.388 r  u_filter/b_out[2]_i_1/O
                         net (fo=1, routed)           0.000     5.388    u_filter_n_27
    SLICE_X40Y56         FDRE                                         r  b_out_reg[2]/D
  -------------------------------------------------------------------    -------------------

                         (clock clk_out1_clk_wiz_0 rise edge)
                                                      0.000     0.000 r  
    BUFGCTRL_X0Y1        BUFG                         0.000     0.000 r  clk_100mhz_IBUF_BUFG_inst/O
                         net (fo=101, routed)         1.457     1.457    u_clk_wiz/inst/clk_in1
    MMCME2_ADV_X1Y0      MMCME2_ADV (Prop_mmcme2_adv_CLKIN1_CLKOUT0)
                                                     -3.129    -1.672 r  u_clk_wiz/inst/mmcm_adv_inst/CLKOUT0
                         net (fo=1, routed)           1.581    -0.091    u_clk_wiz/inst/clk_out1_clk_wiz_0
    BUFGCTRL_X0Y2        BUFG (Prop_bufg_I_O)         0.091     0.000 r  u_clk_wiz/inst/clkout1_buf/O
                         net (fo=83, routed)          1.437     1.437    pixel_clk
    SLICE_X40Y56         FDRE                                         r  b_out_reg[2]/C

Slack:                    inf
  Source:                 sw[0]
                            (input port)
  Destination:            b_out_reg[1]/D
                            (rising edge-triggered cell FDRE clocked by clk_out1_clk_wiz_0  {rise@0.000ns fall@20.000ns period=40.000ns})
  Path Group:             (none)
  Path Type:              Setup (Max at Slow Process Corner)
  Data Path Delay:        5.360ns  (logic 1.577ns (29.419%)  route 3.783ns (70.581%))
  Logic Levels:           2  (IBUF=1 LUT4=1)
  Clock Path Skew:        1.434ns (DCD - SCD + CPR)
    Destination Clock Delay (DCD):    1.434ns
    Source Clock Delay      (SCD):    0.000ns
    Clock Pessimism Removal (CPR):    0.000ns
  Clock Uncertainty:      0.235ns  ((TSJ^2 + DJ^2)^1/2) / 2 + PE
    Total System Jitter     (TSJ):    0.050ns
    Discrete Jitter          (DJ):    0.200ns
    Phase Error              (PE):    0.132ns

    Location             Delay type                Incr(ns)  Path(ns)    Netlist Resource(s)
  -------------------------------------------------------------------    -------------------
    V17                                               0.000     0.000 r  sw[0] (IN)
                         net (fo=0)                   0.000     0.000    sw[0]
    V17                  IBUF (Prop_ibuf_I_O)         1.453     1.453 r  sw_IBUF[0]_inst/O
                         net (fo=12, routed)          3.783     5.236    u_filter/sw_IBUF[0]
    SLICE_X39Y57         LUT4 (Prop_lut4_I1_O)        0.124     5.360 r  u_filter/b_out[1]_i_1/O
                         net (fo=1, routed)           0.000     5.360    u_filter_n_28
    SLICE_X39Y57         FDRE                                         r  b_out_reg[1]/D
  -------------------------------------------------------------------    -------------------

                         (clock clk_out1_clk_wiz_0 rise edge)
                                                      0.000     0.000 r  
    BUFGCTRL_X0Y1        BUFG                         0.000     0.000 r  clk_100mhz_IBUF_BUFG_inst/O
                         net (fo=101, routed)         1.457     1.457    u_clk_wiz/inst/clk_in1
    MMCME2_ADV_X1Y0      MMCME2_ADV (Prop_mmcme2_adv_CLKIN1_CLKOUT0)
                                                     -3.129    -1.672 r  u_clk_wiz/inst/mmcm_adv_inst/CLKOUT0
                         net (fo=1, routed)           1.581    -0.091    u_clk_wiz/inst/clk_out1_clk_wiz_0
    BUFGCTRL_X0Y2        BUFG (Prop_bufg_I_O)         0.091     0.000 r  u_clk_wiz/inst/clkout1_buf/O
                         net (fo=83, routed)          1.434     1.434    pixel_clk
    SLICE_X39Y57         FDRE                                         r  b_out_reg[1]/C

Slack:                    inf
  Source:                 sw[0]
                            (input port)
  Destination:            b_out_reg[0]/D
                            (rising edge-triggered cell FDRE clocked by clk_out1_clk_wiz_0  {rise@0.000ns fall@20.000ns period=40.000ns})
  Path Group:             (none)
  Path Type:              Setup (Max at Slow Process Corner)
  Data Path Delay:        5.358ns  (logic 1.577ns (29.430%)  route 3.781ns (70.570%))
  Logic Levels:           2  (IBUF=1 LUT4=1)
  Clock Path Skew:        1.434ns (DCD - SCD + CPR)
    Destination Clock Delay (DCD):    1.434ns
    Source Clock Delay      (SCD):    0.000ns
    Clock Pessimism Removal (CPR):    0.000ns
  Clock Uncertainty:      0.235ns  ((TSJ^2 + DJ^2)^1/2) / 2 + PE
    Total System Jitter     (TSJ):    0.050ns
    Discrete Jitter          (DJ):    0.200ns
    Phase Error              (PE):    0.132ns

    Location             Delay type                Incr(ns)  Path(ns)    Netlist Resource(s)
  -------------------------------------------------------------------    -------------------
    V17                                               0.000     0.000 r  sw[0] (IN)
                         net (fo=0)                   0.000     0.000    sw[0]
    V17                  IBUF (Prop_ibuf_I_O)         1.453     1.453 r  sw_IBUF[0]_inst/O
                         net (fo=12, routed)          3.781     5.234    u_filter/sw_IBUF[0]
    SLICE_X39Y57         LUT4 (Prop_lut4_I1_O)        0.124     5.358 r  u_filter/b_out[0]_i_1/O
                         net (fo=1, routed)           0.000     5.358    u_filter_n_29
    SLICE_X39Y57         FDRE                                         r  b_out_reg[0]/D
  -------------------------------------------------------------------    -------------------

                         (clock clk_out1_clk_wiz_0 rise edge)
                                                      0.000     0.000 r  
    BUFGCTRL_X0Y1        BUFG                         0.000     0.000 r  clk_100mhz_IBUF_BUFG_inst/O
                         net (fo=101, routed)         1.457     1.457    u_clk_wiz/inst/clk_in1
    MMCME2_ADV_X1Y0      MMCME2_ADV (Prop_mmcme2_adv_CLKIN1_CLKOUT0)
                                                     -3.129    -1.672 r  u_clk_wiz/inst/mmcm_adv_inst/CLKOUT0
                         net (fo=1, routed)           1.581    -0.091    u_clk_wiz/inst/clk_out1_clk_wiz_0
    BUFGCTRL_X0Y2        BUFG (Prop_bufg_I_O)         0.091     0.000 r  u_clk_wiz/inst/clkout1_buf/O
                         net (fo=83, routed)          1.434     1.434    pixel_clk
    SLICE_X39Y57         FDRE                                         r  b_out_reg[0]/C

Slack:                    inf
  Source:                 sw[1]
                            (input port)
  Destination:            r_out_reg[2]/D
                            (rising edge-triggered cell FDRE clocked by clk_out1_clk_wiz_0  {rise@0.000ns fall@20.000ns period=40.000ns})
  Path Group:             (none)
  Path Type:              Setup (Max at Slow Process Corner)
  Data Path Delay:        5.244ns  (logic 1.614ns (30.783%)  route 3.630ns (69.217%))
  Logic Levels:           2  (IBUF=1 LUT4=1)
  Clock Path Skew:        1.437ns (DCD - SCD + CPR)
    Destination Clock Delay (DCD):    1.437ns
    Source Clock Delay      (SCD):    0.000ns
    Clock Pessimism Removal (CPR):    0.000ns
  Clock Uncertainty:      0.235ns  ((TSJ^2 + DJ^2)^1/2) / 2 + PE
    Total System Jitter     (TSJ):    0.050ns
    Discrete Jitter          (DJ):    0.200ns
    Phase Error              (PE):    0.132ns

    Location             Delay type                Incr(ns)  Path(ns)    Netlist Resource(s)
  -------------------------------------------------------------------    -------------------
    V16                                               0.000     0.000 r  sw[1] (IN)
                         net (fo=0)                   0.000     0.000    sw[1]
    V16                  IBUF (Prop_ibuf_I_O)         1.461     1.461 r  sw_IBUF[1]_inst/O
                         net (fo=12, routed)          3.630     5.091    u_filter/sw_IBUF[1]
    SLICE_X40Y56         LUT4 (Prop_lut4_I0_O)        0.153     5.244 r  u_filter/r_out[2]_i_1/O
                         net (fo=1, routed)           0.000     5.244    p_0_in__0[2]
    SLICE_X40Y56         FDRE                                         r  r_out_reg[2]/D
  -------------------------------------------------------------------    -------------------

                         (clock clk_out1_clk_wiz_0 rise edge)
                                                      0.000     0.000 r  
    BUFGCTRL_X0Y1        BUFG                         0.000     0.000 r  clk_100mhz_IBUF_BUFG_inst/O
                         net (fo=101, routed)         1.457     1.457    u_clk_wiz/inst/clk_in1
    MMCME2_ADV_X1Y0      MMCME2_ADV (Prop_mmcme2_adv_CLKIN1_CLKOUT0)
                                                     -3.129    -1.672 r  u_clk_wiz/inst/mmcm_adv_inst/CLKOUT0
                         net (fo=1, routed)           1.581    -0.091    u_clk_wiz/inst/clk_out1_clk_wiz_0
    BUFGCTRL_X0Y2        BUFG (Prop_bufg_I_O)         0.091     0.000 r  u_clk_wiz/inst/clkout1_buf/O
                         net (fo=83, routed)          1.437     1.437    pixel_clk
    SLICE_X40Y56         FDRE                                         r  r_out_reg[2]/C

Slack:                    inf
  Source:                 sw[1]
                            (input port)
  Destination:            g_out_reg[2]/D
                            (rising edge-triggered cell FDRE clocked by clk_out1_clk_wiz_0  {rise@0.000ns fall@20.000ns period=40.000ns})
  Path Group:             (none)
  Path Type:              Setup (Max at Slow Process Corner)
  Data Path Delay:        5.215ns  (logic 1.585ns (30.398%)  route 3.630ns (69.602%))
  Logic Levels:           2  (IBUF=1 LUT4=1)
  Clock Path Skew:        1.437ns (DCD - SCD + CPR)
    Destination Clock Delay (DCD):    1.437ns
    Source Clock Delay      (SCD):    0.000ns
    Clock Pessimism Removal (CPR):    0.000ns
  Clock Uncertainty:      0.235ns  ((TSJ^2 + DJ^2)^1/2) / 2 + PE
    Total System Jitter     (TSJ):    0.050ns
    Discrete Jitter          (DJ):    0.200ns
    Phase Error              (PE):    0.132ns

    Location             Delay type                Incr(ns)  Path(ns)    Netlist Resource(s)
  -------------------------------------------------------------------    -------------------
    V16                                               0.000     0.000 r  sw[1] (IN)
                         net (fo=0)                   0.000     0.000    sw[1]
    V16                  IBUF (Prop_ibuf_I_O)         1.461     1.461 r  sw_IBUF[1]_inst/O
                         net (fo=12, routed)          3.630     5.091    u_filter/sw_IBUF[1]
    SLICE_X40Y56         LUT4 (Prop_lut4_I3_O)        0.124     5.215 r  u_filter/g_out[2]_i_1/O
                         net (fo=1, routed)           0.000     5.215    u_filter_n_23
    SLICE_X40Y56         FDRE                                         r  g_out_reg[2]/D
  -------------------------------------------------------------------    -------------------

                         (clock clk_out1_clk_wiz_0 rise edge)
                                                      0.000     0.000 r  
    BUFGCTRL_X0Y1        BUFG                         0.000     0.000 r  clk_100mhz_IBUF_BUFG_inst/O
                         net (fo=101, routed)         1.457     1.457    u_clk_wiz/inst/clk_in1
    MMCME2_ADV_X1Y0      MMCME2_ADV (Prop_mmcme2_adv_CLKIN1_CLKOUT0)
                                                     -3.129    -1.672 r  u_clk_wiz/inst/mmcm_adv_inst/CLKOUT0
                         net (fo=1, routed)           1.581    -0.091    u_clk_wiz/inst/clk_out1_clk_wiz_0
    BUFGCTRL_X0Y2        BUFG (Prop_bufg_I_O)         0.091     0.000 r  u_clk_wiz/inst/clkout1_buf/O
                         net (fo=83, routed)          1.437     1.437    pixel_clk
    SLICE_X40Y56         FDRE                                         r  g_out_reg[2]/C





Min Delay Paths
--------------------------------------------------------------------------------------
Slack:                    inf
  Source:                 sw[1]
                            (input port)
  Destination:            b_out_reg[3]/D
                            (rising edge-triggered cell FDRE clocked by clk_out1_clk_wiz_0  {rise@0.000ns fall@20.000ns period=40.000ns})
  Path Group:             (none)
  Path Type:              Hold (Min at Fast Process Corner)
  Data Path Delay:        1.783ns  (logic 0.274ns (15.383%)  route 1.509ns (84.617%))
  Logic Levels:           2  (IBUF=1 LUT4=1)
  Clock Path Skew:        0.828ns (DCD - SCD - CPR)
    Destination Clock Delay (DCD):    0.828ns
    Source Clock Delay      (SCD):    0.000ns
    Clock Pessimism Removal (CPR):    -0.000ns

    Location             Delay type                Incr(ns)  Path(ns)    Netlist Resource(s)
  -------------------------------------------------------------------    -------------------
    V16                                               0.000     0.000 r  sw[1] (IN)
                         net (fo=0)                   0.000     0.000    sw[1]
    V16                  IBUF (Prop_ibuf_I_O)         0.229     0.229 r  sw_IBUF[1]_inst/O
                         net (fo=12, routed)          1.509     1.738    u_filter/sw_IBUF[1]
    SLICE_X39Y57         LUT4 (Prop_lut4_I3_O)        0.045     1.783 r  u_filter/b_out[3]_i_1/O
                         net (fo=1, routed)           0.000     1.783    u_filter_n_26
    SLICE_X39Y57         FDRE                                         r  b_out_reg[3]/D
  -------------------------------------------------------------------    -------------------

                         (clock clk_out1_clk_wiz_0 rise edge)
                                                      0.000     0.000 r  
    BUFGCTRL_X0Y1        BUFG                         0.000     0.000 r  clk_100mhz_IBUF_BUFG_inst/O
                         net (fo=101, routed)         0.817     0.817    u_clk_wiz/inst/clk_in1
    MMCME2_ADV_X1Y0      MMCME2_ADV (Prop_mmcme2_adv_CLKIN1_CLKOUT0)
                                                     -1.375    -0.559 r  u_clk_wiz/inst/mmcm_adv_inst/CLKOUT0
                         net (fo=1, routed)           0.530    -0.029    u_clk_wiz/inst/clk_out1_clk_wiz_0
    BUFGCTRL_X0Y2        BUFG (Prop_bufg_I_O)         0.029     0.000 r  u_clk_wiz/inst/clkout1_buf/O
                         net (fo=83, routed)          0.828     0.828    pixel_clk
    SLICE_X39Y57         FDRE                                         r  b_out_reg[3]/C

Slack:                    inf
  Source:                 sw[0]
                            (input port)
  Destination:            b_out_reg[2]/D
                            (rising edge-triggered cell FDRE clocked by clk_out1_clk_wiz_0  {rise@0.000ns fall@20.000ns period=40.000ns})
  Path Group:             (none)
  Path Type:              Hold (Min at Fast Process Corner)
  Data Path Delay:        1.790ns  (logic 0.266ns (14.858%)  route 1.524ns (85.142%))
  Logic Levels:           2  (IBUF=1 LUT4=1)
  Clock Path Skew:        0.830ns (DCD - SCD - CPR)
    Destination Clock Delay (DCD):    0.830ns
    Source Clock Delay      (SCD):    0.000ns
    Clock Pessimism Removal (CPR):    -0.000ns

    Location             Delay type                Incr(ns)  Path(ns)    Netlist Resource(s)
  -------------------------------------------------------------------    -------------------
    V17                                               0.000     0.000 r  sw[0] (IN)
                         net (fo=0)                   0.000     0.000    sw[0]
    V17                  IBUF (Prop_ibuf_I_O)         0.221     0.221 r  sw_IBUF[0]_inst/O
                         net (fo=12, routed)          1.524     1.745    u_filter/sw_IBUF[0]
    SLICE_X40Y56         LUT4 (Prop_lut4_I1_O)        0.045     1.790 r  u_filter/b_out[2]_i_1/O
                         net (fo=1, routed)           0.000     1.790    u_filter_n_27
    SLICE_X40Y56         FDRE                                         r  b_out_reg[2]/D
  -------------------------------------------------------------------    -------------------

                         (clock clk_out1_clk_wiz_0 rise edge)
                                                      0.000     0.000 r  
    BUFGCTRL_X0Y1        BUFG                         0.000     0.000 r  clk_100mhz_IBUF_BUFG_inst/O
                         net (fo=101, routed)         0.817     0.817    u_clk_wiz/inst/clk_in1
    MMCME2_ADV_X1Y0      MMCME2_ADV (Prop_mmcme2_adv_CLKIN1_CLKOUT0)
                                                     -1.375    -0.559 r  u_clk_wiz/inst/mmcm_adv_inst/CLKOUT0
                         net (fo=1, routed)           0.530    -0.029    u_clk_wiz/inst/clk_out1_clk_wiz_0
    BUFGCTRL_X0Y2        BUFG (Prop_bufg_I_O)         0.029     0.000 r  u_clk_wiz/inst/clkout1_buf/O
                         net (fo=83, routed)          0.831     0.831    pixel_clk
    SLICE_X40Y56         FDRE                                         r  b_out_reg[2]/C

Slack:                    inf
  Source:                 sw[1]
                            (input port)
  Destination:            b_out_reg[0]/D
                            (rising edge-triggered cell FDRE clocked by clk_out1_clk_wiz_0  {rise@0.000ns fall@20.000ns period=40.000ns})
  Path Group:             (none)
  Path Type:              Hold (Min at Fast Process Corner)
  Data Path Delay:        1.819ns  (logic 0.274ns (15.087%)  route 1.544ns (84.913%))
  Logic Levels:           2  (IBUF=1 LUT4=1)
  Clock Path Skew:        0.828ns (DCD - SCD - CPR)
    Destination Clock Delay (DCD):    0.828ns
    Source Clock Delay      (SCD):    0.000ns
    Clock Pessimism Removal (CPR):    -0.000ns

    Location             Delay type                Incr(ns)  Path(ns)    Netlist Resource(s)
  -------------------------------------------------------------------    -------------------
    V16                                               0.000     0.000 r  sw[1] (IN)
                         net (fo=0)                   0.000     0.000    sw[1]
    V16                  IBUF (Prop_ibuf_I_O)         0.229     0.229 r  sw_IBUF[1]_inst/O
                         net (fo=12, routed)          1.544     1.774    u_filter/sw_IBUF[1]
    SLICE_X39Y57         LUT4 (Prop_lut4_I3_O)        0.045     1.819 r  u_filter/b_out[0]_i_1/O
                         net (fo=1, routed)           0.000     1.819    u_filter_n_29
    SLICE_X39Y57         FDRE                                         r  b_out_reg[0]/D
  -------------------------------------------------------------------    -------------------

                         (clock clk_out1_clk_wiz_0 rise edge)
                                                      0.000     0.000 r  
    BUFGCTRL_X0Y1        BUFG                         0.000     0.000 r  clk_100mhz_IBUF_BUFG_inst/O
                         net (fo=101, routed)         0.817     0.817    u_clk_wiz/inst/clk_in1
    MMCME2_ADV_X1Y0      MMCME2_ADV (Prop_mmcme2_adv_CLKIN1_CLKOUT0)
                                                     -1.375    -0.559 r  u_clk_wiz/inst/mmcm_adv_inst/CLKOUT0
                         net (fo=1, routed)           0.530    -0.029    u_clk_wiz/inst/clk_out1_clk_wiz_0
    BUFGCTRL_X0Y2        BUFG (Prop_bufg_I_O)         0.029     0.000 r  u_clk_wiz/inst/clkout1_buf/O
                         net (fo=83, routed)          0.828     0.828    pixel_clk
    SLICE_X39Y57         FDRE                                         r  b_out_reg[0]/C

Slack:                    inf
  Source:                 sw[1]
                            (input port)
  Destination:            g_out_reg[1]/D
                            (rising edge-triggered cell FDRE clocked by clk_out1_clk_wiz_0  {rise@0.000ns fall@20.000ns period=40.000ns})
  Path Group:             (none)
  Path Type:              Hold (Min at Fast Process Corner)
  Data Path Delay:        1.819ns  (logic 0.272ns (14.977%)  route 1.546ns (85.023%))
  Logic Levels:           2  (IBUF=1 LUT4=1)
  Clock Path Skew:        0.828ns (DCD - SCD - CPR)
    Destination Clock Delay (DCD):    0.828ns
    Source Clock Delay      (SCD):    0.000ns
    Clock Pessimism Removal (CPR):    -0.000ns

    Location             Delay type                Incr(ns)  Path(ns)    Netlist Resource(s)
  -------------------------------------------------------------------    -------------------
    V16                                               0.000     0.000 r  sw[1] (IN)
                         net (fo=0)                   0.000     0.000    sw[1]
    V16                  IBUF (Prop_ibuf_I_O)         0.229     0.229 r  sw_IBUF[1]_inst/O
                         net (fo=12, routed)          1.546     1.776    u_filter/sw_IBUF[1]
    SLICE_X39Y57         LUT4 (Prop_lut4_I3_O)        0.043     1.819 r  u_filter/g_out[1]_i_1/O
                         net (fo=1, routed)           0.000     1.819    u_filter_n_24
    SLICE_X39Y57         FDRE                                         r  g_out_reg[1]/D
  -------------------------------------------------------------------    -------------------

                         (clock clk_out1_clk_wiz_0 rise edge)
                                                      0.000     0.000 r  
    BUFGCTRL_X0Y1        BUFG                         0.000     0.000 r  clk_100mhz_IBUF_BUFG_inst/O
                         net (fo=101, routed)         0.817     0.817    u_clk_wiz/inst/clk_in1
    MMCME2_ADV_X1Y0      MMCME2_ADV (Prop_mmcme2_adv_CLKIN1_CLKOUT0)
                                                     -1.375    -0.559 r  u_clk_wiz/inst/mmcm_adv_inst/CLKOUT0
                         net (fo=1, routed)           0.530    -0.029    u_clk_wiz/inst/clk_out1_clk_wiz_0
    BUFGCTRL_X0Y2        BUFG (Prop_bufg_I_O)         0.029     0.000 r  u_clk_wiz/inst/clkout1_buf/O
                         net (fo=83, routed)          0.828     0.828    pixel_clk
    SLICE_X39Y57         FDRE                                         r  g_out_reg[1]/C

Slack:                    inf
  Source:                 sw[1]
                            (input port)
  Destination:            b_out_reg[1]/D
                            (rising edge-triggered cell FDRE clocked by clk_out1_clk_wiz_0  {rise@0.000ns fall@20.000ns period=40.000ns})
  Path Group:             (none)
  Path Type:              Hold (Min at Fast Process Corner)
  Data Path Delay:        1.821ns  (logic 0.274ns (15.070%)  route 1.546ns (84.930%))
  Logic Levels:           2  (IBUF=1 LUT4=1)
  Clock Path Skew:        0.828ns (DCD - SCD - CPR)
    Destination Clock Delay (DCD):    0.828ns
    Source Clock Delay      (SCD):    0.000ns
    Clock Pessimism Removal (CPR):    -0.000ns

    Location             Delay type                Incr(ns)  Path(ns)    Netlist Resource(s)
  -------------------------------------------------------------------    -------------------
    V16                                               0.000     0.000 r  sw[1] (IN)
                         net (fo=0)                   0.000     0.000    sw[1]
    V16                  IBUF (Prop_ibuf_I_O)         0.229     0.229 r  sw_IBUF[1]_inst/O
                         net (fo=12, routed)          1.546     1.776    u_filter/sw_IBUF[1]
    SLICE_X39Y57         LUT4 (Prop_lut4_I3_O)        0.045     1.821 r  u_filter/b_out[1]_i_1/O
                         net (fo=1, routed)           0.000     1.821    u_filter_n_28
    SLICE_X39Y57         FDRE                                         r  b_out_reg[1]/D
  -------------------------------------------------------------------    -------------------

                         (clock clk_out1_clk_wiz_0 rise edge)
                                                      0.000     0.000 r  
    BUFGCTRL_X0Y1        BUFG                         0.000     0.000 r  clk_100mhz_IBUF_BUFG_inst/O
                         net (fo=101, routed)         0.817     0.817    u_clk_wiz/inst/clk_in1
    MMCME2_ADV_X1Y0      MMCME2_ADV (Prop_mmcme2_adv_CLKIN1_CLKOUT0)
                                                     -1.375    -0.559 r  u_clk_wiz/inst/mmcm_adv_inst/CLKOUT0
                         net (fo=1, routed)           0.530    -0.029    u_clk_wiz/inst/clk_out1_clk_wiz_0
    BUFGCTRL_X0Y2        BUFG (Prop_bufg_I_O)         0.029     0.000 r  u_clk_wiz/inst/clkout1_buf/O
                         net (fo=83, routed)          0.828     0.828    pixel_clk
    SLICE_X39Y57         FDRE                                         r  b_out_reg[1]/C

Slack:                    inf
  Source:                 sw[0]
                            (input port)
  Destination:            r_out_reg[1]/D
                            (rising edge-triggered cell FDRE clocked by clk_out1_clk_wiz_0  {rise@0.000ns fall@20.000ns period=40.000ns})
  Path Group:             (none)
  Path Type:              Hold (Min at Fast Process Corner)
  Data Path Delay:        1.869ns  (logic 0.266ns (14.233%)  route 1.603ns (85.767%))
  Logic Levels:           2  (IBUF=1 LUT4=1)
  Clock Path Skew:        0.830ns (DCD - SCD - CPR)
    Destination Clock Delay (DCD):    0.830ns
    Source Clock Delay      (SCD):    0.000ns
    Clock Pessimism Removal (CPR):    -0.000ns

    Location             Delay type                Incr(ns)  Path(ns)    Netlist Resource(s)
  -------------------------------------------------------------------    -------------------
    V17                                               0.000     0.000 r  sw[0] (IN)
                         net (fo=0)                   0.000     0.000    sw[0]
    V17                  IBUF (Prop_ibuf_I_O)         0.221     0.221 r  sw_IBUF[0]_inst/O
                         net (fo=12, routed)          1.603     1.824    u_filter/sw_IBUF[0]
    SLICE_X40Y56         LUT4 (Prop_lut4_I2_O)        0.045     1.869 r  u_filter/r_out[1]_i_1/O
                         net (fo=1, routed)           0.000     1.869    p_0_in__0[1]
    SLICE_X40Y56         FDRE                                         r  r_out_reg[1]/D
  -------------------------------------------------------------------    -------------------

                         (clock clk_out1_clk_wiz_0 rise edge)
                                                      0.000     0.000 r  
    BUFGCTRL_X0Y1        BUFG                         0.000     0.000 r  clk_100mhz_IBUF_BUFG_inst/O
                         net (fo=101, routed)         0.817     0.817    u_clk_wiz/inst/clk_in1
    MMCME2_ADV_X1Y0      MMCME2_ADV (Prop_mmcme2_adv_CLKIN1_CLKOUT0)
                                                     -1.375    -0.559 r  u_clk_wiz/inst/mmcm_adv_inst/CLKOUT0
                         net (fo=1, routed)           0.530    -0.029    u_clk_wiz/inst/clk_out1_clk_wiz_0
    BUFGCTRL_X0Y2        BUFG (Prop_bufg_I_O)         0.029     0.000 r  u_clk_wiz/inst/clkout1_buf/O
                         net (fo=83, routed)          0.831     0.831    pixel_clk
    SLICE_X40Y56         FDRE                                         r  r_out_reg[1]/C

Slack:                    inf
  Source:                 sw[0]
                            (input port)
  Destination:            g_out_reg[2]/D
                            (rising edge-triggered cell FDRE clocked by clk_out1_clk_wiz_0  {rise@0.000ns fall@20.000ns period=40.000ns})
  Path Group:             (none)
  Path Type:              Hold (Min at Fast Process Corner)
  Data Path Delay:        1.875ns  (logic 0.266ns (14.184%)  route 1.609ns (85.816%))
  Logic Levels:           2  (IBUF=1 LUT4=1)
  Clock Path Skew:        0.830ns (DCD - SCD - CPR)
    Destination Clock Delay (DCD):    0.830ns
    Source Clock Delay      (SCD):    0.000ns
    Clock Pessimism Removal (CPR):    -0.000ns

    Location             Delay type                Incr(ns)  Path(ns)    Netlist Resource(s)
  -------------------------------------------------------------------    -------------------
    V17                                               0.000     0.000 r  sw[0] (IN)
                         net (fo=0)                   0.000     0.000    sw[0]
    V17                  IBUF (Prop_ibuf_I_O)         0.221     0.221 r  sw_IBUF[0]_inst/O
                         net (fo=12, routed)          1.609     1.830    u_filter/sw_IBUF[0]
    SLICE_X40Y56         LUT4 (Prop_lut4_I1_O)        0.045     1.875 r  u_filter/g_out[2]_i_1/O
                         net (fo=1, routed)           0.000     1.875    u_filter_n_23
    SLICE_X40Y56         FDRE                                         r  g_out_reg[2]/D
  -------------------------------------------------------------------    -------------------

                         (clock clk_out1_clk_wiz_0 rise edge)
                                                      0.000     0.000 r  
    BUFGCTRL_X0Y1        BUFG                         0.000     0.000 r  clk_100mhz_IBUF_BUFG_inst/O
                         net (fo=101, routed)         0.817     0.817    u_clk_wiz/inst/clk_in1
    MMCME2_ADV_X1Y0      MMCME2_ADV (Prop_mmcme2_adv_CLKIN1_CLKOUT0)
                                                     -1.375    -0.559 r  u_clk_wiz/inst/mmcm_adv_inst/CLKOUT0
                         net (fo=1, routed)           0.530    -0.029    u_clk_wiz/inst/clk_out1_clk_wiz_0
    BUFGCTRL_X0Y2        BUFG (Prop_bufg_I_O)         0.029     0.000 r  u_clk_wiz/inst/clkout1_buf/O
                         net (fo=83, routed)          0.831     0.831    pixel_clk
    SLICE_X40Y56         FDRE                                         r  g_out_reg[2]/C

Slack:                    inf
  Source:                 sw[0]
                            (input port)
  Destination:            r_out_reg[2]/D
                            (rising edge-triggered cell FDRE clocked by clk_out1_clk_wiz_0  {rise@0.000ns fall@20.000ns period=40.000ns})
  Path Group:             (none)
  Path Type:              Hold (Min at Fast Process Corner)
  Data Path Delay:        1.875ns  (logic 0.266ns (14.184%)  route 1.609ns (85.816%))
  Logic Levels:           2  (IBUF=1 LUT4=1)
  Clock Path Skew:        0.830ns (DCD - SCD - CPR)
    Destination Clock Delay (DCD):    0.830ns
    Source Clock Delay      (SCD):    0.000ns
    Clock Pessimism Removal (CPR):    -0.000ns

    Location             Delay type                Incr(ns)  Path(ns)    Netlist Resource(s)
  -------------------------------------------------------------------    -------------------
    V17                                               0.000     0.000 r  sw[0] (IN)
                         net (fo=0)                   0.000     0.000    sw[0]
    V17                  IBUF (Prop_ibuf_I_O)         0.221     0.221 r  sw_IBUF[0]_inst/O
                         net (fo=12, routed)          1.609     1.830    u_filter/sw_IBUF[0]
    SLICE_X40Y56         LUT4 (Prop_lut4_I2_O)        0.045     1.875 r  u_filter/r_out[2]_i_1/O
                         net (fo=1, routed)           0.000     1.875    p_0_in__0[2]
    SLICE_X40Y56         FDRE                                         r  r_out_reg[2]/D
  -------------------------------------------------------------------    -------------------

                         (clock clk_out1_clk_wiz_0 rise edge)
                                                      0.000     0.000 r  
    BUFGCTRL_X0Y1        BUFG                         0.000     0.000 r  clk_100mhz_IBUF_BUFG_inst/O
                         net (fo=101, routed)         0.817     0.817    u_clk_wiz/inst/clk_in1
    MMCME2_ADV_X1Y0      MMCME2_ADV (Prop_mmcme2_adv_CLKIN1_CLKOUT0)
                                                     -1.375    -0.559 r  u_clk_wiz/inst/mmcm_adv_inst/CLKOUT0
                         net (fo=1, routed)           0.530    -0.029    u_clk_wiz/inst/clk_out1_clk_wiz_0
    BUFGCTRL_X0Y2        BUFG (Prop_bufg_I_O)         0.029     0.000 r  u_clk_wiz/inst/clkout1_buf/O
                         net (fo=83, routed)          0.831     0.831    pixel_clk
    SLICE_X40Y56         FDRE                                         r  r_out_reg[2]/C

Slack:                    inf
  Source:                 sw[0]
                            (input port)
  Destination:            r_out_reg[3]/D
                            (rising edge-triggered cell FDRE clocked by clk_out1_clk_wiz_0  {rise@0.000ns fall@20.000ns period=40.000ns})
  Path Group:             (none)
  Path Type:              Hold (Min at Fast Process Corner)
  Data Path Delay:        1.882ns  (logic 0.263ns (13.972%)  route 1.619ns (86.028%))
  Logic Levels:           2  (IBUF=1 LUT4=1)
  Clock Path Skew:        0.828ns (DCD - SCD - CPR)
    Destination Clock Delay (DCD):    0.828ns
    Source Clock Delay      (SCD):    0.000ns
    Clock Pessimism Removal (CPR):    -0.000ns

    Location             Delay type                Incr(ns)  Path(ns)    Netlist Resource(s)
  -------------------------------------------------------------------    -------------------
    V17                                               0.000     0.000 r  sw[0] (IN)
                         net (fo=0)                   0.000     0.000    sw[0]
    V17                  IBUF (Prop_ibuf_I_O)         0.221     0.221 r  sw_IBUF[0]_inst/O
                         net (fo=12, routed)          1.619     1.840    u_filter/sw_IBUF[0]
    SLICE_X39Y57         LUT4 (Prop_lut4_I2_O)        0.042     1.882 r  u_filter/r_out[3]_i_2/O
                         net (fo=1, routed)           0.000     1.882    p_0_in__0[3]
    SLICE_X39Y57         FDRE                                         r  r_out_reg[3]/D
  -------------------------------------------------------------------    -------------------

                         (clock clk_out1_clk_wiz_0 rise edge)
                                                      0.000     0.000 r  
    BUFGCTRL_X0Y1        BUFG                         0.000     0.000 r  clk_100mhz_IBUF_BUFG_inst/O
                         net (fo=101, routed)         0.817     0.817    u_clk_wiz/inst/clk_in1
    MMCME2_ADV_X1Y0      MMCME2_ADV (Prop_mmcme2_adv_CLKIN1_CLKOUT0)
                                                     -1.375    -0.559 r  u_clk_wiz/inst/mmcm_adv_inst/CLKOUT0
                         net (fo=1, routed)           0.530    -0.029    u_clk_wiz/inst/clk_out1_clk_wiz_0
    BUFGCTRL_X0Y2        BUFG (Prop_bufg_I_O)         0.029     0.000 r  u_clk_wiz/inst/clkout1_buf/O
                         net (fo=83, routed)          0.828     0.828    pixel_clk
    SLICE_X39Y57         FDRE                                         r  r_out_reg[3]/C

Slack:                    inf
  Source:                 sw[0]
                            (input port)
  Destination:            g_out_reg[3]/D
                            (rising edge-triggered cell FDRE clocked by clk_out1_clk_wiz_0  {rise@0.000ns fall@20.000ns period=40.000ns})
  Path Group:             (none)
  Path Type:              Hold (Min at Fast Process Corner)
  Data Path Delay:        1.885ns  (logic 0.266ns (14.109%)  route 1.619ns (85.891%))
  Logic Levels:           2  (IBUF=1 LUT4=1)
  Clock Path Skew:        0.828ns (DCD - SCD - CPR)
    Destination Clock Delay (DCD):    0.828ns
    Source Clock Delay      (SCD):    0.000ns
    Clock Pessimism Removal (CPR):    -0.000ns

    Location             Delay type                Incr(ns)  Path(ns)    Netlist Resource(s)
  -------------------------------------------------------------------    -------------------
    V17                                               0.000     0.000 r  sw[0] (IN)
                         net (fo=0)                   0.000     0.000    sw[0]
    V17                  IBUF (Prop_ibuf_I_O)         0.221     0.221 r  sw_IBUF[0]_inst/O
                         net (fo=12, routed)          1.619     1.840    u_filter/sw_IBUF[0]
    SLICE_X39Y57         LUT4 (Prop_lut4_I1_O)        0.045     1.885 r  u_filter/g_out[3]_i_1/O
                         net (fo=1, routed)           0.000     1.885    u_filter_n_22
    SLICE_X39Y57         FDRE                                         r  g_out_reg[3]/D
  -------------------------------------------------------------------    -------------------

                         (clock clk_out1_clk_wiz_0 rise edge)
                                                      0.000     0.000 r  
    BUFGCTRL_X0Y1        BUFG                         0.000     0.000 r  clk_100mhz_IBUF_BUFG_inst/O
                         net (fo=101, routed)         0.817     0.817    u_clk_wiz/inst/clk_in1
    MMCME2_ADV_X1Y0      MMCME2_ADV (Prop_mmcme2_adv_CLKIN1_CLKOUT0)
                                                     -1.375    -0.559 r  u_clk_wiz/inst/mmcm_adv_inst/CLKOUT0
                         net (fo=1, routed)           0.530    -0.029    u_clk_wiz/inst/clk_out1_clk_wiz_0
    BUFGCTRL_X0Y2        BUFG (Prop_bufg_I_O)         0.029     0.000 r  u_clk_wiz/inst/clkout1_buf/O
                         net (fo=83, routed)          0.828     0.828    pixel_clk
    SLICE_X39Y57         FDRE                                         r  g_out_reg[3]/C





--------------------------------------------------------------------------------------
Path Group:  (none)
From Clock:  
  To Clock:  sys_clk_100mhz

Max Delay            25 Endpoints
Min Delay            25 Endpoints
--------------------------------------------------------------------------------------


Max Delay Paths
--------------------------------------------------------------------------------------
Slack:                    inf
  Source:                 rst
                            (input port)
  Destination:            rst_cnt_reg[20]/R
                            (rising edge-triggered cell FDRE clocked by sys_clk_100mhz  {rise@0.000ns fall@5.000ns period=10.000ns})
  Path Group:             (none)
  Path Type:              Setup (Max at Slow Process Corner)
  Data Path Delay:        6.754ns  (logic 1.565ns (23.177%)  route 5.188ns (76.823%))
  Logic Levels:           2  (IBUF=1 LUT2=1)
  Clock Path Skew:        4.941ns (DCD - SCD + CPR)
    Destination Clock Delay (DCD):    4.941ns
    Source Clock Delay      (SCD):    0.000ns
    Clock Pessimism Removal (CPR):    0.000ns
  Clock Uncertainty:      0.025ns  ((TSJ^2 + TIJ^2)^1/2 + DJ) / 2 + PE
    Total System Jitter     (TSJ):    0.050ns
    Total Input Jitter      (TIJ):    0.000ns
    Discrete Jitter          (DJ):    0.000ns
    Phase Error              (PE):    0.000ns

    Location             Delay type                Incr(ns)  Path(ns)    Netlist Resource(s)
  -------------------------------------------------------------------    -------------------
    U18                                               0.000     0.000 r  rst (IN)
                         net (fo=0)                   0.000     0.000    rst
    U18                  IBUF (Prop_ibuf_I_O)         1.441     1.441 r  rst_IBUF_inst/O
                         net (fo=3, routed)           4.357     5.798    rst_IBUF
    SLICE_X13Y123        LUT2 (Prop_lut2_I0_O)        0.124     5.922 r  rst_cnt[0]_i_1/O
                         net (fo=24, routed)          0.832     6.754    rst_cnt0
    SLICE_X12Y126        FDRE                                         r  rst_cnt_reg[20]/R
  -------------------------------------------------------------------    -------------------

                         (clock sys_clk_100mhz rise edge)
                                                      0.000     0.000 r  
    W5                                                0.000     0.000 r  clk_100mhz (IN)
                         net (fo=0)                   0.000     0.000    clk_100mhz
    W5                   IBUF (Prop_ibuf_I_O)         1.388     1.388 r  clk_100mhz_IBUF_inst/O
                         net (fo=1, routed)           1.862     3.250    clk_100mhz_IBUF
    BUFGCTRL_X0Y1        BUFG (Prop_bufg_I_O)         0.091     3.341 r  clk_100mhz_IBUF_BUFG_inst/O
                         net (fo=101, routed)         1.600     4.941    clk_100mhz_IBUF_BUFG
    SLICE_X12Y126        FDRE                                         r  rst_cnt_reg[20]/C

Slack:                    inf
  Source:                 rst
                            (input port)
  Destination:            rst_cnt_reg[21]/R
                            (rising edge-triggered cell FDRE clocked by sys_clk_100mhz  {rise@0.000ns fall@5.000ns period=10.000ns})
  Path Group:             (none)
  Path Type:              Setup (Max at Slow Process Corner)
  Data Path Delay:        6.754ns  (logic 1.565ns (23.177%)  route 5.188ns (76.823%))
  Logic Levels:           2  (IBUF=1 LUT2=1)
  Clock Path Skew:        4.941ns (DCD - SCD + CPR)
    Destination Clock Delay (DCD):    4.941ns
    Source Clock Delay      (SCD):    0.000ns
    Clock Pessimism Removal (CPR):    0.000ns
  Clock Uncertainty:      0.025ns  ((TSJ^2 + TIJ^2)^1/2 + DJ) / 2 + PE
    Total System Jitter     (TSJ):    0.050ns
    Total Input Jitter      (TIJ):    0.000ns
    Discrete Jitter          (DJ):    0.000ns
    Phase Error              (PE):    0.000ns

    Location             Delay type                Incr(ns)  Path(ns)    Netlist Resource(s)
  -------------------------------------------------------------------    -------------------
    U18                                               0.000     0.000 r  rst (IN)
                         net (fo=0)                   0.000     0.000    rst
    U18                  IBUF (Prop_ibuf_I_O)         1.441     1.441 r  rst_IBUF_inst/O
                         net (fo=3, routed)           4.357     5.798    rst_IBUF
    SLICE_X13Y123        LUT2 (Prop_lut2_I0_O)        0.124     5.922 r  rst_cnt[0]_i_1/O
                         net (fo=24, routed)          0.832     6.754    rst_cnt0
    SLICE_X12Y126        FDRE                                         r  rst_cnt_reg[21]/R
  -------------------------------------------------------------------    -------------------

                         (clock sys_clk_100mhz rise edge)
                                                      0.000     0.000 r  
    W5                                                0.000     0.000 r  clk_100mhz (IN)
                         net (fo=0)                   0.000     0.000    clk_100mhz
    W5                   IBUF (Prop_ibuf_I_O)         1.388     1.388 r  clk_100mhz_IBUF_inst/O
                         net (fo=1, routed)           1.862     3.250    clk_100mhz_IBUF
    BUFGCTRL_X0Y1        BUFG (Prop_bufg_I_O)         0.091     3.341 r  clk_100mhz_IBUF_BUFG_inst/O
                         net (fo=101, routed)         1.600     4.941    clk_100mhz_IBUF_BUFG
    SLICE_X12Y126        FDRE                                         r  rst_cnt_reg[21]/C

Slack:                    inf
  Source:                 rst
                            (input port)
  Destination:            rst_cnt_reg[22]/R
                            (rising edge-triggered cell FDRE clocked by sys_clk_100mhz  {rise@0.000ns fall@5.000ns period=10.000ns})
  Path Group:             (none)
  Path Type:              Setup (Max at Slow Process Corner)
  Data Path Delay:        6.754ns  (logic 1.565ns (23.177%)  route 5.188ns (76.823%))
  Logic Levels:           2  (IBUF=1 LUT2=1)
  Clock Path Skew:        4.941ns (DCD - SCD + CPR)
    Destination Clock Delay (DCD):    4.941ns
    Source Clock Delay      (SCD):    0.000ns
    Clock Pessimism Removal (CPR):    0.000ns
  Clock Uncertainty:      0.025ns  ((TSJ^2 + TIJ^2)^1/2 + DJ) / 2 + PE
    Total System Jitter     (TSJ):    0.050ns
    Total Input Jitter      (TIJ):    0.000ns
    Discrete Jitter          (DJ):    0.000ns
    Phase Error              (PE):    0.000ns

    Location             Delay type                Incr(ns)  Path(ns)    Netlist Resource(s)
  -------------------------------------------------------------------    -------------------
    U18                                               0.000     0.000 r  rst (IN)
                         net (fo=0)                   0.000     0.000    rst
    U18                  IBUF (Prop_ibuf_I_O)         1.441     1.441 r  rst_IBUF_inst/O
                         net (fo=3, routed)           4.357     5.798    rst_IBUF
    SLICE_X13Y123        LUT2 (Prop_lut2_I0_O)        0.124     5.922 r  rst_cnt[0]_i_1/O
                         net (fo=24, routed)          0.832     6.754    rst_cnt0
    SLICE_X12Y126        FDRE                                         r  rst_cnt_reg[22]/R
  -------------------------------------------------------------------    -------------------

                         (clock sys_clk_100mhz rise edge)
                                                      0.000     0.000 r  
    W5                                                0.000     0.000 r  clk_100mhz (IN)
                         net (fo=0)                   0.000     0.000    clk_100mhz
    W5                   IBUF (Prop_ibuf_I_O)         1.388     1.388 r  clk_100mhz_IBUF_inst/O
                         net (fo=1, routed)           1.862     3.250    clk_100mhz_IBUF
    BUFGCTRL_X0Y1        BUFG (Prop_bufg_I_O)         0.091     3.341 r  clk_100mhz_IBUF_BUFG_inst/O
                         net (fo=101, routed)         1.600     4.941    clk_100mhz_IBUF_BUFG
    SLICE_X12Y126        FDRE                                         r  rst_cnt_reg[22]/C

Slack:                    inf
  Source:                 rst
                            (input port)
  Destination:            rst_cnt_reg[23]/R
                            (rising edge-triggered cell FDRE clocked by sys_clk_100mhz  {rise@0.000ns fall@5.000ns period=10.000ns})
  Path Group:             (none)
  Path Type:              Setup (Max at Slow Process Corner)
  Data Path Delay:        6.754ns  (logic 1.565ns (23.177%)  route 5.188ns (76.823%))
  Logic Levels:           2  (IBUF=1 LUT2=1)
  Clock Path Skew:        4.941ns (DCD - SCD + CPR)
    Destination Clock Delay (DCD):    4.941ns
    Source Clock Delay      (SCD):    0.000ns
    Clock Pessimism Removal (CPR):    0.000ns
  Clock Uncertainty:      0.025ns  ((TSJ^2 + TIJ^2)^1/2 + DJ) / 2 + PE
    Total System Jitter     (TSJ):    0.050ns
    Total Input Jitter      (TIJ):    0.000ns
    Discrete Jitter          (DJ):    0.000ns
    Phase Error              (PE):    0.000ns

    Location             Delay type                Incr(ns)  Path(ns)    Netlist Resource(s)
  -------------------------------------------------------------------    -------------------
    U18                                               0.000     0.000 r  rst (IN)
                         net (fo=0)                   0.000     0.000    rst
    U18                  IBUF (Prop_ibuf_I_O)         1.441     1.441 r  rst_IBUF_inst/O
                         net (fo=3, routed)           4.357     5.798    rst_IBUF
    SLICE_X13Y123        LUT2 (Prop_lut2_I0_O)        0.124     5.922 r  rst_cnt[0]_i_1/O
                         net (fo=24, routed)          0.832     6.754    rst_cnt0
    SLICE_X12Y126        FDRE                                         r  rst_cnt_reg[23]/R
  -------------------------------------------------------------------    -------------------

                         (clock sys_clk_100mhz rise edge)
                                                      0.000     0.000 r  
    W5                                                0.000     0.000 r  clk_100mhz (IN)
                         net (fo=0)                   0.000     0.000    clk_100mhz
    W5                   IBUF (Prop_ibuf_I_O)         1.388     1.388 r  clk_100mhz_IBUF_inst/O
                         net (fo=1, routed)           1.862     3.250    clk_100mhz_IBUF
    BUFGCTRL_X0Y1        BUFG (Prop_bufg_I_O)         0.091     3.341 r  clk_100mhz_IBUF_BUFG_inst/O
                         net (fo=101, routed)         1.600     4.941    clk_100mhz_IBUF_BUFG
    SLICE_X12Y126        FDRE                                         r  rst_cnt_reg[23]/C

Slack:                    inf
  Source:                 rst
                            (input port)
  Destination:            rst_cnt_reg[0]/R
                            (rising edge-triggered cell FDRE clocked by sys_clk_100mhz  {rise@0.000ns fall@5.000ns period=10.000ns})
  Path Group:             (none)
  Path Type:              Setup (Max at Slow Process Corner)
  Data Path Delay:        6.676ns  (logic 1.565ns (23.447%)  route 5.111ns (76.553%))
  Logic Levels:           2  (IBUF=1 LUT2=1)
  Clock Path Skew:        4.944ns (DCD - SCD + CPR)
    Destination Clock Delay (DCD):    4.944ns
    Source Clock Delay      (SCD):    0.000ns
    Clock Pessimism Removal (CPR):    0.000ns
  Clock Uncertainty:      0.025ns  ((TSJ^2 + TIJ^2)^1/2 + DJ) / 2 + PE
    Total System Jitter     (TSJ):    0.050ns
    Total Input Jitter      (TIJ):    0.000ns
    Discrete Jitter          (DJ):    0.000ns
    Phase Error              (PE):    0.000ns

    Location             Delay type                Incr(ns)  Path(ns)    Netlist Resource(s)
  -------------------------------------------------------------------    -------------------
    U18                                               0.000     0.000 r  rst (IN)
                         net (fo=0)                   0.000     0.000    rst
    U18                  IBUF (Prop_ibuf_I_O)         1.441     1.441 r  rst_IBUF_inst/O
                         net (fo=3, routed)           4.357     5.798    rst_IBUF
    SLICE_X13Y123        LUT2 (Prop_lut2_I0_O)        0.124     5.922 r  rst_cnt[0]_i_1/O
                         net (fo=24, routed)          0.754     6.676    rst_cnt0
    SLICE_X12Y121        FDRE                                         r  rst_cnt_reg[0]/R
  -------------------------------------------------------------------    -------------------

                         (clock sys_clk_100mhz rise edge)
                                                      0.000     0.000 r  
    W5                                                0.000     0.000 r  clk_100mhz (IN)
                         net (fo=0)                   0.000     0.000    clk_100mhz
    W5                   IBUF (Prop_ibuf_I_O)         1.388     1.388 r  clk_100mhz_IBUF_inst/O
                         net (fo=1, routed)           1.862     3.250    clk_100mhz_IBUF
    BUFGCTRL_X0Y1        BUFG (Prop_bufg_I_O)         0.091     3.341 r  clk_100mhz_IBUF_BUFG_inst/O
                         net (fo=101, routed)         1.603     4.944    clk_100mhz_IBUF_BUFG
    SLICE_X12Y121        FDRE                                         r  rst_cnt_reg[0]/C

Slack:                    inf
  Source:                 rst
                            (input port)
  Destination:            rst_cnt_reg[1]/R
                            (rising edge-triggered cell FDRE clocked by sys_clk_100mhz  {rise@0.000ns fall@5.000ns period=10.000ns})
  Path Group:             (none)
  Path Type:              Setup (Max at Slow Process Corner)
  Data Path Delay:        6.676ns  (logic 1.565ns (23.447%)  route 5.111ns (76.553%))
  Logic Levels:           2  (IBUF=1 LUT2=1)
  Clock Path Skew:        4.944ns (DCD - SCD + CPR)
    Destination Clock Delay (DCD):    4.944ns
    Source Clock Delay      (SCD):    0.000ns
    Clock Pessimism Removal (CPR):    0.000ns
  Clock Uncertainty:      0.025ns  ((TSJ^2 + TIJ^2)^1/2 + DJ) / 2 + PE
    Total System Jitter     (TSJ):    0.050ns
    Total Input Jitter      (TIJ):    0.000ns
    Discrete Jitter          (DJ):    0.000ns
    Phase Error              (PE):    0.000ns

    Location             Delay type                Incr(ns)  Path(ns)    Netlist Resource(s)
  -------------------------------------------------------------------    -------------------
    U18                                               0.000     0.000 r  rst (IN)
                         net (fo=0)                   0.000     0.000    rst
    U18                  IBUF (Prop_ibuf_I_O)         1.441     1.441 r  rst_IBUF_inst/O
                         net (fo=3, routed)           4.357     5.798    rst_IBUF
    SLICE_X13Y123        LUT2 (Prop_lut2_I0_O)        0.124     5.922 r  rst_cnt[0]_i_1/O
                         net (fo=24, routed)          0.754     6.676    rst_cnt0
    SLICE_X12Y121        FDRE                                         r  rst_cnt_reg[1]/R
  -------------------------------------------------------------------    -------------------

                         (clock sys_clk_100mhz rise edge)
                                                      0.000     0.000 r  
    W5                                                0.000     0.000 r  clk_100mhz (IN)
                         net (fo=0)                   0.000     0.000    clk_100mhz
    W5                   IBUF (Prop_ibuf_I_O)         1.388     1.388 r  clk_100mhz_IBUF_inst/O
                         net (fo=1, routed)           1.862     3.250    clk_100mhz_IBUF
    BUFGCTRL_X0Y1        BUFG (Prop_bufg_I_O)         0.091     3.341 r  clk_100mhz_IBUF_BUFG_inst/O
                         net (fo=101, routed)         1.603     4.944    clk_100mhz_IBUF_BUFG
    SLICE_X12Y121        FDRE                                         r  rst_cnt_reg[1]/C

Slack:                    inf
  Source:                 rst
                            (input port)
  Destination:            rst_cnt_reg[2]/R
                            (rising edge-triggered cell FDRE clocked by sys_clk_100mhz  {rise@0.000ns fall@5.000ns period=10.000ns})
  Path Group:             (none)
  Path Type:              Setup (Max at Slow Process Corner)
  Data Path Delay:        6.676ns  (logic 1.565ns (23.447%)  route 5.111ns (76.553%))
  Logic Levels:           2  (IBUF=1 LUT2=1)
  Clock Path Skew:        4.944ns (DCD - SCD + CPR)
    Destination Clock Delay (DCD):    4.944ns
    Source Clock Delay      (SCD):    0.000ns
    Clock Pessimism Removal (CPR):    0.000ns
  Clock Uncertainty:      0.025ns  ((TSJ^2 + TIJ^2)^1/2 + DJ) / 2 + PE
    Total System Jitter     (TSJ):    0.050ns
    Total Input Jitter      (TIJ):    0.000ns
    Discrete Jitter          (DJ):    0.000ns
    Phase Error              (PE):    0.000ns

    Location             Delay type                Incr(ns)  Path(ns)    Netlist Resource(s)
  -------------------------------------------------------------------    -------------------
    U18                                               0.000     0.000 r  rst (IN)
                         net (fo=0)                   0.000     0.000    rst
    U18                  IBUF (Prop_ibuf_I_O)         1.441     1.441 r  rst_IBUF_inst/O
                         net (fo=3, routed)           4.357     5.798    rst_IBUF
    SLICE_X13Y123        LUT2 (Prop_lut2_I0_O)        0.124     5.922 r  rst_cnt[0]_i_1/O
                         net (fo=24, routed)          0.754     6.676    rst_cnt0
    SLICE_X12Y121        FDRE                                         r  rst_cnt_reg[2]/R
  -------------------------------------------------------------------    -------------------

                         (clock sys_clk_100mhz rise edge)
                                                      0.000     0.000 r  
    W5                                                0.000     0.000 r  clk_100mhz (IN)
                         net (fo=0)                   0.000     0.000    clk_100mhz
    W5                   IBUF (Prop_ibuf_I_O)         1.388     1.388 r  clk_100mhz_IBUF_inst/O
                         net (fo=1, routed)           1.862     3.250    clk_100mhz_IBUF
    BUFGCTRL_X0Y1        BUFG (Prop_bufg_I_O)         0.091     3.341 r  clk_100mhz_IBUF_BUFG_inst/O
                         net (fo=101, routed)         1.603     4.944    clk_100mhz_IBUF_BUFG
    SLICE_X12Y121        FDRE                                         r  rst_cnt_reg[2]/C

Slack:                    inf
  Source:                 rst
                            (input port)
  Destination:            rst_cnt_reg[3]/R
                            (rising edge-triggered cell FDRE clocked by sys_clk_100mhz  {rise@0.000ns fall@5.000ns period=10.000ns})
  Path Group:             (none)
  Path Type:              Setup (Max at Slow Process Corner)
  Data Path Delay:        6.676ns  (logic 1.565ns (23.447%)  route 5.111ns (76.553%))
  Logic Levels:           2  (IBUF=1 LUT2=1)
  Clock Path Skew:        4.944ns (DCD - SCD + CPR)
    Destination Clock Delay (DCD):    4.944ns
    Source Clock Delay      (SCD):    0.000ns
    Clock Pessimism Removal (CPR):    0.000ns
  Clock Uncertainty:      0.025ns  ((TSJ^2 + TIJ^2)^1/2 + DJ) / 2 + PE
    Total System Jitter     (TSJ):    0.050ns
    Total Input Jitter      (TIJ):    0.000ns
    Discrete Jitter          (DJ):    0.000ns
    Phase Error              (PE):    0.000ns

    Location             Delay type                Incr(ns)  Path(ns)    Netlist Resource(s)
  -------------------------------------------------------------------    -------------------
    U18                                               0.000     0.000 r  rst (IN)
                         net (fo=0)                   0.000     0.000    rst
    U18                  IBUF (Prop_ibuf_I_O)         1.441     1.441 r  rst_IBUF_inst/O
                         net (fo=3, routed)           4.357     5.798    rst_IBUF
    SLICE_X13Y123        LUT2 (Prop_lut2_I0_O)        0.124     5.922 r  rst_cnt[0]_i_1/O
                         net (fo=24, routed)          0.754     6.676    rst_cnt0
    SLICE_X12Y121        FDRE                                         r  rst_cnt_reg[3]/R
  -------------------------------------------------------------------    -------------------

                         (clock sys_clk_100mhz rise edge)
                                                      0.000     0.000 r  
    W5                                                0.000     0.000 r  clk_100mhz (IN)
                         net (fo=0)                   0.000     0.000    clk_100mhz
    W5                   IBUF (Prop_ibuf_I_O)         1.388     1.388 r  clk_100mhz_IBUF_inst/O
                         net (fo=1, routed)           1.862     3.250    clk_100mhz_IBUF
    BUFGCTRL_X0Y1        BUFG (Prop_bufg_I_O)         0.091     3.341 r  clk_100mhz_IBUF_BUFG_inst/O
                         net (fo=101, routed)         1.603     4.944    clk_100mhz_IBUF_BUFG
    SLICE_X12Y121        FDRE                                         r  rst_cnt_reg[3]/C

Slack:                    inf
  Source:                 rst
                            (input port)
  Destination:            rst_cnt_reg[4]/R
                            (rising edge-triggered cell FDRE clocked by sys_clk_100mhz  {rise@0.000ns fall@5.000ns period=10.000ns})
  Path Group:             (none)
  Path Type:              Setup (Max at Slow Process Corner)
  Data Path Delay:        6.535ns  (logic 1.565ns (23.952%)  route 4.970ns (76.048%))
  Logic Levels:           2  (IBUF=1 LUT2=1)
  Clock Path Skew:        4.942ns (DCD - SCD + CPR)
    Destination Clock Delay (DCD):    4.942ns
    Source Clock Delay      (SCD):    0.000ns
    Clock Pessimism Removal (CPR):    0.000ns
  Clock Uncertainty:      0.025ns  ((TSJ^2 + TIJ^2)^1/2 + DJ) / 2 + PE
    Total System Jitter     (TSJ):    0.050ns
    Total Input Jitter      (TIJ):    0.000ns
    Discrete Jitter          (DJ):    0.000ns
    Phase Error              (PE):    0.000ns

    Location             Delay type                Incr(ns)  Path(ns)    Netlist Resource(s)
  -------------------------------------------------------------------    -------------------
    U18                                               0.000     0.000 r  rst (IN)
                         net (fo=0)                   0.000     0.000    rst
    U18                  IBUF (Prop_ibuf_I_O)         1.441     1.441 r  rst_IBUF_inst/O
                         net (fo=3, routed)           4.357     5.798    rst_IBUF
    SLICE_X13Y123        LUT2 (Prop_lut2_I0_O)        0.124     5.922 r  rst_cnt[0]_i_1/O
                         net (fo=24, routed)          0.613     6.535    rst_cnt0
    SLICE_X12Y122        FDRE                                         r  rst_cnt_reg[4]/R
  -------------------------------------------------------------------    -------------------

                         (clock sys_clk_100mhz rise edge)
                                                      0.000     0.000 r  
    W5                                                0.000     0.000 r  clk_100mhz (IN)
                         net (fo=0)                   0.000     0.000    clk_100mhz
    W5                   IBUF (Prop_ibuf_I_O)         1.388     1.388 r  clk_100mhz_IBUF_inst/O
                         net (fo=1, routed)           1.862     3.250    clk_100mhz_IBUF
    BUFGCTRL_X0Y1        BUFG (Prop_bufg_I_O)         0.091     3.341 r  clk_100mhz_IBUF_BUFG_inst/O
                         net (fo=101, routed)         1.601     4.942    clk_100mhz_IBUF_BUFG
    SLICE_X12Y122        FDRE                                         r  rst_cnt_reg[4]/C

Slack:                    inf
  Source:                 rst
                            (input port)
  Destination:            rst_cnt_reg[5]/R
                            (rising edge-triggered cell FDRE clocked by sys_clk_100mhz  {rise@0.000ns fall@5.000ns period=10.000ns})
  Path Group:             (none)
  Path Type:              Setup (Max at Slow Process Corner)
  Data Path Delay:        6.535ns  (logic 1.565ns (23.952%)  route 4.970ns (76.048%))
  Logic Levels:           2  (IBUF=1 LUT2=1)
  Clock Path Skew:        4.942ns (DCD - SCD + CPR)
    Destination Clock Delay (DCD):    4.942ns
    Source Clock Delay      (SCD):    0.000ns
    Clock Pessimism Removal (CPR):    0.000ns
  Clock Uncertainty:      0.025ns  ((TSJ^2 + TIJ^2)^1/2 + DJ) / 2 + PE
    Total System Jitter     (TSJ):    0.050ns
    Total Input Jitter      (TIJ):    0.000ns
    Discrete Jitter          (DJ):    0.000ns
    Phase Error              (PE):    0.000ns

    Location             Delay type                Incr(ns)  Path(ns)    Netlist Resource(s)
  -------------------------------------------------------------------    -------------------
    U18                                               0.000     0.000 r  rst (IN)
                         net (fo=0)                   0.000     0.000    rst
    U18                  IBUF (Prop_ibuf_I_O)         1.441     1.441 r  rst_IBUF_inst/O
                         net (fo=3, routed)           4.357     5.798    rst_IBUF
    SLICE_X13Y123        LUT2 (Prop_lut2_I0_O)        0.124     5.922 r  rst_cnt[0]_i_1/O
                         net (fo=24, routed)          0.613     6.535    rst_cnt0
    SLICE_X12Y122        FDRE                                         r  rst_cnt_reg[5]/R
  -------------------------------------------------------------------    -------------------

                         (clock sys_clk_100mhz rise edge)
                                                      0.000     0.000 r  
    W5                                                0.000     0.000 r  clk_100mhz (IN)
                         net (fo=0)                   0.000     0.000    clk_100mhz
    W5                   IBUF (Prop_ibuf_I_O)         1.388     1.388 r  clk_100mhz_IBUF_inst/O
                         net (fo=1, routed)           1.862     3.250    clk_100mhz_IBUF
    BUFGCTRL_X0Y1        BUFG (Prop_bufg_I_O)         0.091     3.341 r  clk_100mhz_IBUF_BUFG_inst/O
                         net (fo=101, routed)         1.601     4.942    clk_100mhz_IBUF_BUFG
    SLICE_X12Y122        FDRE                                         r  rst_cnt_reg[5]/C





Min Delay Paths
--------------------------------------------------------------------------------------
Slack:                    inf
  Source:                 rst
                            (input port)
  Destination:            global_rst_reg/D
                            (rising edge-triggered cell FDRE clocked by sys_clk_100mhz  {rise@0.000ns fall@5.000ns period=10.000ns})
  Path Group:             (none)
  Path Type:              Hold (Min at Fast Process Corner)
  Data Path Delay:        2.218ns  (logic 0.255ns (11.477%)  route 1.963ns (88.523%))
  Logic Levels:           2  (IBUF=1 LUT6=1)
  Clock Path Skew:        2.033ns (DCD - SCD - CPR)
    Destination Clock Delay (DCD):    2.033ns
    Source Clock Delay      (SCD):    0.000ns
    Clock Pessimism Removal (CPR):    -0.000ns

    Location             Delay type                Incr(ns)  Path(ns)    Netlist Resource(s)
  -------------------------------------------------------------------    -------------------
    U18                                               0.000     0.000 r  rst (IN)
                         net (fo=0)                   0.000     0.000    rst
    U18                  IBUF (Prop_ibuf_I_O)         0.210     0.210 r  rst_IBUF_inst/O
                         net (fo=3, routed)           1.963     2.173    rst_IBUF
    SLICE_X13Y123        LUT6 (Prop_lut6_I5_O)        0.045     2.218 r  global_rst_i_1/O
                         net (fo=1, routed)           0.000     2.218    global_rst_i_1_n_0
    SLICE_X13Y123        FDRE                                         r  global_rst_reg/D
  -------------------------------------------------------------------    -------------------

                         (clock sys_clk_100mhz rise edge)
                                                      0.000     0.000 r  
    W5                                                0.000     0.000 r  clk_100mhz (IN)
                         net (fo=0)                   0.000     0.000    clk_100mhz
    W5                   IBUF (Prop_ibuf_I_O)         0.414     0.414 r  clk_100mhz_IBUF_inst/O
                         net (fo=1, routed)           0.685     1.099    clk_100mhz_IBUF
    BUFGCTRL_X0Y1        BUFG (Prop_bufg_I_O)         0.029     1.128 r  clk_100mhz_IBUF_BUFG_inst/O
                         net (fo=101, routed)         0.905     2.033    clk_100mhz_IBUF_BUFG
    SLICE_X13Y123        FDRE                                         r  global_rst_reg/C

Slack:                    inf
  Source:                 rst
                            (input port)
  Destination:            rst_cnt_reg[10]/R
                            (rising edge-triggered cell FDRE clocked by sys_clk_100mhz  {rise@0.000ns fall@5.000ns period=10.000ns})
  Path Group:             (none)
  Path Type:              Hold (Min at Fast Process Corner)
  Data Path Delay:        2.218ns  (logic 0.255ns (11.474%)  route 1.964ns (88.526%))
  Logic Levels:           2  (IBUF=1 LUT2=1)
  Clock Path Skew:        2.033ns (DCD - SCD - CPR)
    Destination Clock Delay (DCD):    2.033ns
    Source Clock Delay      (SCD):    0.000ns
    Clock Pessimism Removal (CPR):    -0.000ns

    Location             Delay type                Incr(ns)  Path(ns)    Netlist Resource(s)
  -------------------------------------------------------------------    -------------------
    U18                                               0.000     0.000 r  rst (IN)
                         net (fo=0)                   0.000     0.000    rst
    U18                  IBUF (Prop_ibuf_I_O)         0.210     0.210 r  rst_IBUF_inst/O
                         net (fo=3, routed)           1.821     2.030    rst_IBUF
    SLICE_X13Y123        LUT2 (Prop_lut2_I0_O)        0.045     2.075 r  rst_cnt[0]_i_1/O
                         net (fo=24, routed)          0.143     2.218    rst_cnt0
    SLICE_X12Y123        FDRE                                         r  rst_cnt_reg[10]/R
  -------------------------------------------------------------------    -------------------

                         (clock sys_clk_100mhz rise edge)
                                                      0.000     0.000 r  
    W5                                                0.000     0.000 r  clk_100mhz (IN)
                         net (fo=0)                   0.000     0.000    clk_100mhz
    W5                   IBUF (Prop_ibuf_I_O)         0.414     0.414 r  clk_100mhz_IBUF_inst/O
                         net (fo=1, routed)           0.685     1.099    clk_100mhz_IBUF
    BUFGCTRL_X0Y1        BUFG (Prop_bufg_I_O)         0.029     1.128 r  clk_100mhz_IBUF_BUFG_inst/O
                         net (fo=101, routed)         0.905     2.033    clk_100mhz_IBUF_BUFG
    SLICE_X12Y123        FDRE                                         r  rst_cnt_reg[10]/C

Slack:                    inf
  Source:                 rst
                            (input port)
  Destination:            rst_cnt_reg[11]/R
                            (rising edge-triggered cell FDRE clocked by sys_clk_100mhz  {rise@0.000ns fall@5.000ns period=10.000ns})
  Path Group:             (none)
  Path Type:              Hold (Min at Fast Process Corner)
  Data Path Delay:        2.218ns  (logic 0.255ns (11.474%)  route 1.964ns (88.526%))
  Logic Levels:           2  (IBUF=1 LUT2=1)
  Clock Path Skew:        2.033ns (DCD - SCD - CPR)
    Destination Clock Delay (DCD):    2.033ns
    Source Clock Delay      (SCD):    0.000ns
    Clock Pessimism Removal (CPR):    -0.000ns

    Location             Delay type                Incr(ns)  Path(ns)    Netlist Resource(s)
  -------------------------------------------------------------------    -------------------
    U18                                               0.000     0.000 r  rst (IN)
                         net (fo=0)                   0.000     0.000    rst
    U18                  IBUF (Prop_ibuf_I_O)         0.210     0.210 r  rst_IBUF_inst/O
                         net (fo=3, routed)           1.821     2.030    rst_IBUF
    SLICE_X13Y123        LUT2 (Prop_lut2_I0_O)        0.045     2.075 r  rst_cnt[0]_i_1/O
                         net (fo=24, routed)          0.143     2.218    rst_cnt0
    SLICE_X12Y123        FDRE                                         r  rst_cnt_reg[11]/R
  -------------------------------------------------------------------    -------------------

                         (clock sys_clk_100mhz rise edge)
                                                      0.000     0.000 r  
    W5                                                0.000     0.000 r  clk_100mhz (IN)
                         net (fo=0)                   0.000     0.000    clk_100mhz
    W5                   IBUF (Prop_ibuf_I_O)         0.414     0.414 r  clk_100mhz_IBUF_inst/O
                         net (fo=1, routed)           0.685     1.099    clk_100mhz_IBUF
    BUFGCTRL_X0Y1        BUFG (Prop_bufg_I_O)         0.029     1.128 r  clk_100mhz_IBUF_BUFG_inst/O
                         net (fo=101, routed)         0.905     2.033    clk_100mhz_IBUF_BUFG
    SLICE_X12Y123        FDRE                                         r  rst_cnt_reg[11]/C

Slack:                    inf
  Source:                 rst
                            (input port)
  Destination:            rst_cnt_reg[8]/R
                            (rising edge-triggered cell FDRE clocked by sys_clk_100mhz  {rise@0.000ns fall@5.000ns period=10.000ns})
  Path Group:             (none)
  Path Type:              Hold (Min at Fast Process Corner)
  Data Path Delay:        2.218ns  (logic 0.255ns (11.474%)  route 1.964ns (88.526%))
  Logic Levels:           2  (IBUF=1 LUT2=1)
  Clock Path Skew:        2.033ns (DCD - SCD - CPR)
    Destination Clock Delay (DCD):    2.033ns
    Source Clock Delay      (SCD):    0.000ns
    Clock Pessimism Removal (CPR):    -0.000ns

    Location             Delay type                Incr(ns)  Path(ns)    Netlist Resource(s)
  -------------------------------------------------------------------    -------------------
    U18                                               0.000     0.000 r  rst (IN)
                         net (fo=0)                   0.000     0.000    rst
    U18                  IBUF (Prop_ibuf_I_O)         0.210     0.210 r  rst_IBUF_inst/O
                         net (fo=3, routed)           1.821     2.030    rst_IBUF
    SLICE_X13Y123        LUT2 (Prop_lut2_I0_O)        0.045     2.075 r  rst_cnt[0]_i_1/O
                         net (fo=24, routed)          0.143     2.218    rst_cnt0
    SLICE_X12Y123        FDRE                                         r  rst_cnt_reg[8]/R
  -------------------------------------------------------------------    -------------------

                         (clock sys_clk_100mhz rise edge)
                                                      0.000     0.000 r  
    W5                                                0.000     0.000 r  clk_100mhz (IN)
                         net (fo=0)                   0.000     0.000    clk_100mhz
    W5                   IBUF (Prop_ibuf_I_O)         0.414     0.414 r  clk_100mhz_IBUF_inst/O
                         net (fo=1, routed)           0.685     1.099    clk_100mhz_IBUF
    BUFGCTRL_X0Y1        BUFG (Prop_bufg_I_O)         0.029     1.128 r  clk_100mhz_IBUF_BUFG_inst/O
                         net (fo=101, routed)         0.905     2.033    clk_100mhz_IBUF_BUFG
    SLICE_X12Y123        FDRE                                         r  rst_cnt_reg[8]/C

Slack:                    inf
  Source:                 rst
                            (input port)
  Destination:            rst_cnt_reg[9]/R
                            (rising edge-triggered cell FDRE clocked by sys_clk_100mhz  {rise@0.000ns fall@5.000ns period=10.000ns})
  Path Group:             (none)
  Path Type:              Hold (Min at Fast Process Corner)
  Data Path Delay:        2.218ns  (logic 0.255ns (11.474%)  route 1.964ns (88.526%))
  Logic Levels:           2  (IBUF=1 LUT2=1)
  Clock Path Skew:        2.033ns (DCD - SCD - CPR)
    Destination Clock Delay (DCD):    2.033ns
    Source Clock Delay      (SCD):    0.000ns
    Clock Pessimism Removal (CPR):    -0.000ns

    Location             Delay type                Incr(ns)  Path(ns)    Netlist Resource(s)
  -------------------------------------------------------------------    -------------------
    U18                                               0.000     0.000 r  rst (IN)
                         net (fo=0)                   0.000     0.000    rst
    U18                  IBUF (Prop_ibuf_I_O)         0.210     0.210 r  rst_IBUF_inst/O
                         net (fo=3, routed)           1.821     2.030    rst_IBUF
    SLICE_X13Y123        LUT2 (Prop_lut2_I0_O)        0.045     2.075 r  rst_cnt[0]_i_1/O
                         net (fo=24, routed)          0.143     2.218    rst_cnt0
    SLICE_X12Y123        FDRE                                         r  rst_cnt_reg[9]/R
  -------------------------------------------------------------------    -------------------

                         (clock sys_clk_100mhz rise edge)
                                                      0.000     0.000 r  
    W5                                                0.000     0.000 r  clk_100mhz (IN)
                         net (fo=0)                   0.000     0.000    clk_100mhz
    W5                   IBUF (Prop_ibuf_I_O)         0.414     0.414 r  clk_100mhz_IBUF_inst/O
                         net (fo=1, routed)           0.685     1.099    clk_100mhz_IBUF
    BUFGCTRL_X0Y1        BUFG (Prop_bufg_I_O)         0.029     1.128 r  clk_100mhz_IBUF_BUFG_inst/O
                         net (fo=101, routed)         0.905     2.033    clk_100mhz_IBUF_BUFG
    SLICE_X12Y123        FDRE                                         r  rst_cnt_reg[9]/C

Slack:                    inf
  Source:                 rst
                            (input port)
  Destination:            rst_cnt_reg[12]/R
                            (rising edge-triggered cell FDRE clocked by sys_clk_100mhz  {rise@0.000ns fall@5.000ns period=10.000ns})
  Path Group:             (none)
  Path Type:              Hold (Min at Fast Process Corner)
  Data Path Delay:        2.273ns  (logic 0.255ns (11.197%)  route 2.019ns (88.803%))
  Logic Levels:           2  (IBUF=1 LUT2=1)
  Clock Path Skew:        2.032ns (DCD - SCD - CPR)
    Destination Clock Delay (DCD):    2.032ns
    Source Clock Delay      (SCD):    0.000ns
    Clock Pessimism Removal (CPR):    -0.000ns

    Location             Delay type                Incr(ns)  Path(ns)    Netlist Resource(s)
  -------------------------------------------------------------------    -------------------
    U18                                               0.000     0.000 r  rst (IN)
                         net (fo=0)                   0.000     0.000    rst
    U18                  IBUF (Prop_ibuf_I_O)         0.210     0.210 r  rst_IBUF_inst/O
                         net (fo=3, routed)           1.821     2.030    rst_IBUF
    SLICE_X13Y123        LUT2 (Prop_lut2_I0_O)        0.045     2.075 r  rst_cnt[0]_i_1/O
                         net (fo=24, routed)          0.198     2.273    rst_cnt0
    SLICE_X12Y124        FDRE                                         r  rst_cnt_reg[12]/R
  -------------------------------------------------------------------    -------------------

                         (clock sys_clk_100mhz rise edge)
                                                      0.000     0.000 r  
    W5                                                0.000     0.000 r  clk_100mhz (IN)
                         net (fo=0)                   0.000     0.000    clk_100mhz
    W5                   IBUF (Prop_ibuf_I_O)         0.414     0.414 r  clk_100mhz_IBUF_inst/O
                         net (fo=1, routed)           0.685     1.099    clk_100mhz_IBUF
    BUFGCTRL_X0Y1        BUFG (Prop_bufg_I_O)         0.029     1.128 r  clk_100mhz_IBUF_BUFG_inst/O
                         net (fo=101, routed)         0.904     2.032    clk_100mhz_IBUF_BUFG
    SLICE_X12Y124        FDRE                                         r  rst_cnt_reg[12]/C

Slack:                    inf
  Source:                 rst
                            (input port)
  Destination:            rst_cnt_reg[13]/R
                            (rising edge-triggered cell FDRE clocked by sys_clk_100mhz  {rise@0.000ns fall@5.000ns period=10.000ns})
  Path Group:             (none)
  Path Type:              Hold (Min at Fast Process Corner)
  Data Path Delay:        2.273ns  (logic 0.255ns (11.197%)  route 2.019ns (88.803%))
  Logic Levels:           2  (IBUF=1 LUT2=1)
  Clock Path Skew:        2.032ns (DCD - SCD - CPR)
    Destination Clock Delay (DCD):    2.032ns
    Source Clock Delay      (SCD):    0.000ns
    Clock Pessimism Removal (CPR):    -0.000ns

    Location             Delay type                Incr(ns)  Path(ns)    Netlist Resource(s)
  -------------------------------------------------------------------    -------------------
    U18                                               0.000     0.000 r  rst (IN)
                         net (fo=0)                   0.000     0.000    rst
    U18                  IBUF (Prop_ibuf_I_O)         0.210     0.210 r  rst_IBUF_inst/O
                         net (fo=3, routed)           1.821     2.030    rst_IBUF
    SLICE_X13Y123        LUT2 (Prop_lut2_I0_O)        0.045     2.075 r  rst_cnt[0]_i_1/O
                         net (fo=24, routed)          0.198     2.273    rst_cnt0
    SLICE_X12Y124        FDRE                                         r  rst_cnt_reg[13]/R
  -------------------------------------------------------------------    -------------------

                         (clock sys_clk_100mhz rise edge)
                                                      0.000     0.000 r  
    W5                                                0.000     0.000 r  clk_100mhz (IN)
                         net (fo=0)                   0.000     0.000    clk_100mhz
    W5                   IBUF (Prop_ibuf_I_O)         0.414     0.414 r  clk_100mhz_IBUF_inst/O
                         net (fo=1, routed)           0.685     1.099    clk_100mhz_IBUF
    BUFGCTRL_X0Y1        BUFG (Prop_bufg_I_O)         0.029     1.128 r  clk_100mhz_IBUF_BUFG_inst/O
                         net (fo=101, routed)         0.904     2.032    clk_100mhz_IBUF_BUFG
    SLICE_X12Y124        FDRE                                         r  rst_cnt_reg[13]/C

Slack:                    inf
  Source:                 rst
                            (input port)
  Destination:            rst_cnt_reg[14]/R
                            (rising edge-triggered cell FDRE clocked by sys_clk_100mhz  {rise@0.000ns fall@5.000ns period=10.000ns})
  Path Group:             (none)
  Path Type:              Hold (Min at Fast Process Corner)
  Data Path Delay:        2.273ns  (logic 0.255ns (11.197%)  route 2.019ns (88.803%))
  Logic Levels:           2  (IBUF=1 LUT2=1)
  Clock Path Skew:        2.032ns (DCD - SCD - CPR)
    Destination Clock Delay (DCD):    2.032ns
    Source Clock Delay      (SCD):    0.000ns
    Clock Pessimism Removal (CPR):    -0.000ns

    Location             Delay type                Incr(ns)  Path(ns)    Netlist Resource(s)
  -------------------------------------------------------------------    -------------------
    U18                                               0.000     0.000 r  rst (IN)
                         net (fo=0)                   0.000     0.000    rst
    U18                  IBUF (Prop_ibuf_I_O)         0.210     0.210 r  rst_IBUF_inst/O
                         net (fo=3, routed)           1.821     2.030    rst_IBUF
    SLICE_X13Y123        LUT2 (Prop_lut2_I0_O)        0.045     2.075 r  rst_cnt[0]_i_1/O
                         net (fo=24, routed)          0.198     2.273    rst_cnt0
    SLICE_X12Y124        FDRE                                         r  rst_cnt_reg[14]/R
  -------------------------------------------------------------------    -------------------

                         (clock sys_clk_100mhz rise edge)
                                                      0.000     0.000 r  
    W5                                                0.000     0.000 r  clk_100mhz (IN)
                         net (fo=0)                   0.000     0.000    clk_100mhz
    W5                   IBUF (Prop_ibuf_I_O)         0.414     0.414 r  clk_100mhz_IBUF_inst/O
                         net (fo=1, routed)           0.685     1.099    clk_100mhz_IBUF
    BUFGCTRL_X0Y1        BUFG (Prop_bufg_I_O)         0.029     1.128 r  clk_100mhz_IBUF_BUFG_inst/O
                         net (fo=101, routed)         0.904     2.032    clk_100mhz_IBUF_BUFG
    SLICE_X12Y124        FDRE                                         r  rst_cnt_reg[14]/C

Slack:                    inf
  Source:                 rst
                            (input port)
  Destination:            rst_cnt_reg[15]/R
                            (rising edge-triggered cell FDRE clocked by sys_clk_100mhz  {rise@0.000ns fall@5.000ns period=10.000ns})
  Path Group:             (none)
  Path Type:              Hold (Min at Fast Process Corner)
  Data Path Delay:        2.273ns  (logic 0.255ns (11.197%)  route 2.019ns (88.803%))
  Logic Levels:           2  (IBUF=1 LUT2=1)
  Clock Path Skew:        2.032ns (DCD - SCD - CPR)
    Destination Clock Delay (DCD):    2.032ns
    Source Clock Delay      (SCD):    0.000ns
    Clock Pessimism Removal (CPR):    -0.000ns

    Location             Delay type                Incr(ns)  Path(ns)    Netlist Resource(s)
  -------------------------------------------------------------------    -------------------
    U18                                               0.000     0.000 r  rst (IN)
                         net (fo=0)                   0.000     0.000    rst
    U18                  IBUF (Prop_ibuf_I_O)         0.210     0.210 r  rst_IBUF_inst/O
                         net (fo=3, routed)           1.821     2.030    rst_IBUF
    SLICE_X13Y123        LUT2 (Prop_lut2_I0_O)        0.045     2.075 r  rst_cnt[0]_i_1/O
                         net (fo=24, routed)          0.198     2.273    rst_cnt0
    SLICE_X12Y124        FDRE                                         r  rst_cnt_reg[15]/R
  -------------------------------------------------------------------    -------------------

                         (clock sys_clk_100mhz rise edge)
                                                      0.000     0.000 r  
    W5                                                0.000     0.000 r  clk_100mhz (IN)
                         net (fo=0)                   0.000     0.000    clk_100mhz
    W5                   IBUF (Prop_ibuf_I_O)         0.414     0.414 r  clk_100mhz_IBUF_inst/O
                         net (fo=1, routed)           0.685     1.099    clk_100mhz_IBUF
    BUFGCTRL_X0Y1        BUFG (Prop_bufg_I_O)         0.029     1.128 r  clk_100mhz_IBUF_BUFG_inst/O
                         net (fo=101, routed)         0.904     2.032    clk_100mhz_IBUF_BUFG
    SLICE_X12Y124        FDRE                                         r  rst_cnt_reg[15]/C

Slack:                    inf
  Source:                 rst
                            (input port)
  Destination:            rst_cnt_reg[16]/R
                            (rising edge-triggered cell FDRE clocked by sys_clk_100mhz  {rise@0.000ns fall@5.000ns period=10.000ns})
  Path Group:             (none)
  Path Type:              Hold (Min at Fast Process Corner)
  Data Path Delay:        2.305ns  (logic 0.255ns (11.041%)  route 2.051ns (88.959%))
  Logic Levels:           2  (IBUF=1 LUT2=1)
  Clock Path Skew:        2.032ns (DCD - SCD - CPR)
    Destination Clock Delay (DCD):    2.032ns
    Source Clock Delay      (SCD):    0.000ns
    Clock Pessimism Removal (CPR):    -0.000ns

    Location             Delay type                Incr(ns)  Path(ns)    Netlist Resource(s)
  -------------------------------------------------------------------    -------------------
    U18                                               0.000     0.000 r  rst (IN)
                         net (fo=0)                   0.000     0.000    rst
    U18                  IBUF (Prop_ibuf_I_O)         0.210     0.210 r  rst_IBUF_inst/O
                         net (fo=3, routed)           1.821     2.030    rst_IBUF
    SLICE_X13Y123        LUT2 (Prop_lut2_I0_O)        0.045     2.075 r  rst_cnt[0]_i_1/O
                         net (fo=24, routed)          0.230     2.305    rst_cnt0
    SLICE_X12Y125        FDRE                                         r  rst_cnt_reg[16]/R
  -------------------------------------------------------------------    -------------------

                         (clock sys_clk_100mhz rise edge)
                                                      0.000     0.000 r  
    W5                                                0.000     0.000 r  clk_100mhz (IN)
                         net (fo=0)                   0.000     0.000    clk_100mhz
    W5                   IBUF (Prop_ibuf_I_O)         0.414     0.414 r  clk_100mhz_IBUF_inst/O
                         net (fo=1, routed)           0.685     1.099    clk_100mhz_IBUF
    BUFGCTRL_X0Y1        BUFG (Prop_bufg_I_O)         0.029     1.128 r  clk_100mhz_IBUF_BUFG_inst/O
                         net (fo=101, routed)         0.904     2.032    clk_100mhz_IBUF_BUFG
    SLICE_X12Y125        FDRE                                         r  rst_cnt_reg[16]/C





